{
"type": "FeatureCollection",
"name": "twhn",
"crs": { "type": "name", "properties": { "name": "urn:ogc:def:crs:OGC:1.3:CRS84" } },
"features": [
{ "type": "Feature", "properties": { "fid": 229, "CityCode": 4690 }, "geometry": { "type": "MultiPolygon", "coordinates": [ [ [ [ 110.200052, 18.570891 ], [ 110.196831, 18.569365 ], [ 110.193653, 18.569954 ], [ 110.19288, 18.572776 ], [ 110.193148, 18.575698 ], [ 110.194721, 18.578697 ], [ 110.19701, 18.579882 ], [ 110.202451, 18.581131 ], [ 110.204987, 18.579847 ], [ 110.206898, 18.577689 ], [ 110.207993, 18.574468 ], [ 110.205063, 18.572588 ], [ 110.200052, 18.570891 ] ] ], [ [ [ 110.365586, 18.640156 ], [ 110.367854, 18.637644 ], [ 110.368477, 18.634662 ], [ 110.36416, 18.632129 ], [ 110.360222, 18.629245 ], [ 110.355391, 18.628906 ], [ 110.352704, 18.629947 ], [ 110.350578, 18.632012 ], [ 110.349688, 18.634074 ], [ 110.350738, 18.636539 ], [ 110.353665, 18.64088 ], [ 110.359686, 18.639762 ], [ 110.362096, 18.64173 ], [ 110.365586, 18.640156 ] ] ], [ [ [ 110.475966, 18.646296 ], [ 110.468082, 18.643088 ], [ 110.461999, 18.644353 ], [ 110.459148, 18.647883 ], [ 110.456795, 18.6817 ], [ 110.457152, 18.689275 ], [ 110.460846, 18.69199 ], [ 110.466433, 18.692946 ], [ 110.470191, 18.691208 ], [ 110.475489, 18.679691 ], [ 110.48216, 18.669971 ], [ 110.483176, 18.664193 ], [ 110.482345, 18.657058 ], [ 110.479649, 18.649902 ], [ 110.475966, 18.646296 ] ] ], [ [ [ 111.213152, 19.849251 ], [ 111.204926, 19.848119 ], [ 111.203664, 19.852276 ], [ 111.205846, 19.856103 ], [ 111.211541, 19.85615 ], [ 111.215475, 19.855043 ], [ 111.215657, 19.852112 ], [ 111.213152, 19.849251 ] ] ], [ [ [ 111.206059, 19.868226 ], [ 111.202338, 19.867642 ], [ 111.199287, 19.869112 ], [ 111.196474, 19.872843 ], [ 111.196345, 19.888341 ], [ 111.199095, 19.892279 ], [ 111.202656, 19.894086 ], [ 111.205851, 19.893669 ], [ 111.20832, 19.888376 ], [ 111.20832, 19.883664 ], [ 111.211903, 19.878295 ], [ 111.208884, 19.870621 ], [ 111.206059, 19.868226 ] ] ], [ [ [ 111.194498, 19.902094 ], [ 111.191027, 19.893298 ], [ 111.187023, 19.895529 ], [ 111.184499, 19.899068 ], [ 111.185312, 19.905088 ], [ 111.186928, 19.907397 ], [ 111.189024, 19.908456 ], [ 111.190424, 19.906299 ], [ 111.192392, 19.905121 ], [ 111.194498, 19.902094 ] ] ], [ [ [ 111.243883, 19.923321 ], [ 111.241001, 19.923215 ], [ 111.235207, 19.926046 ], [ 111.235152, 19.932047 ], [ 111.240712, 19.938778 ], [ 111.245073, 19.939056 ], [ 111.24797, 19.937533 ], [ 111.248407, 19.93171 ], [ 111.243883, 19.923321 ] ] ], [ [ [ 111.258428, 19.952745 ], [ 111.255287, 19.950001 ], [ 111.252246, 19.951272 ], [ 111.249924, 19.953461 ], [ 111.248774, 19.955772 ], [ 111.251525, 19.964093 ], [ 111.254411, 19.965634 ], [ 111.261993, 19.965013 ], [ 111.264865, 19.962621 ], [ 111.262902, 19.96116 ], [ 111.262902, 19.957289 ], [ 111.260934, 19.955775 ], [ 111.258428, 19.952745 ] ] ], [ [ [ 110.704693, 20.108589 ], [ 110.709721, 20.095293 ], [ 110.721784, 20.070447 ], [ 110.72849, 20.062216 ], [ 110.741312, 20.051157 ], [ 110.752316, 20.046085 ], [ 110.764507, 20.045957 ], [ 110.765739, 20.044584 ], [ 110.76794, 20.031886 ], [ 110.777918, 20.018432 ], [ 110.782164, 20.014246 ], [ 110.796873, 20.009353 ], [ 110.809881, 20.008112 ], [ 110.814143, 20.006787 ], [ 110.83701, 19.996143 ], [ 110.842663, 19.994524 ], [ 110.853898, 19.992087 ], [ 110.861996, 19.991945 ], [ 110.864776, 19.991936 ], [ 110.86333, 19.993998 ], [ 110.864782, 19.994793 ], [ 110.870342, 19.994545 ], [ 110.879531, 19.99577 ], [ 110.8909, 19.99893 ], [ 110.912224, 20.000698 ], [ 110.915681, 20.002759 ], [ 110.91625, 20.005553 ], [ 110.919494, 20.006704 ], [ 110.920475, 20.00917 ], [ 110.926571, 20.014598 ], [ 110.9294, 20.015361 ], [ 110.932969, 20.013583 ], [ 110.940884, 20.002734 ], [ 110.942436, 19.993709 ], [ 110.951212, 19.977219 ], [ 110.952047, 19.97333 ], [ 110.951763, 19.959046 ], [ 110.954749, 19.946806 ], [ 110.958938, 19.933419 ], [ 110.961937, 19.926207 ], [ 110.965073, 19.922673 ], [ 110.965299, 19.918994 ], [ 110.97022, 19.908346 ], [ 110.977139, 19.879862 ], [ 110.983124, 19.862352 ], [ 110.985251, 19.859661 ], [ 110.988475, 19.847877 ], [ 110.98874, 19.843473 ], [ 110.994235, 19.824593 ], [ 110.996808, 19.807106 ], [ 110.999583, 19.730981 ], [ 111.003386, 19.709997 ], [ 111.007999, 19.692349 ], [ 111.01955, 19.683996 ], [ 111.024708, 19.684355 ], [ 111.022461, 19.681091 ], [ 111.022606, 19.679856 ], [ 111.024006, 19.675762 ], [ 111.029051, 19.671358 ], [ 111.028467, 19.665824 ], [ 111.030606, 19.664336 ], [ 111.027232, 19.65456 ], [ 111.034195, 19.650815 ], [ 111.033659, 19.6486 ], [ 111.031193, 19.647353 ], [ 111.030868, 19.644358 ], [ 111.033694, 19.642938 ], [ 111.039935, 19.644853 ], [ 111.041589, 19.644014 ], [ 111.041735, 19.642648 ], [ 111.03847, 19.637362 ], [ 111.032279, 19.638572 ], [ 111.028787, 19.636669 ], [ 111.027125, 19.638614 ], [ 111.023951, 19.638068 ], [ 111.016176, 19.642666 ], [ 111.002986, 19.642282 ], [ 111.0002, 19.643716 ], [ 110.992148, 19.644031 ], [ 110.982678, 19.642565 ], [ 110.979774, 19.640794 ], [ 110.975853, 19.637015 ], [ 110.973179, 19.62994 ], [ 110.966523, 19.622081 ], [ 110.965187, 19.619001 ], [ 110.956354, 19.60875 ], [ 110.937026, 19.595683 ], [ 110.924109, 19.589904 ], [ 110.915535, 19.58445 ], [ 110.907309, 19.573966 ], [ 110.899942, 19.568508 ], [ 110.892077, 19.556879 ], [ 110.886402, 19.553128 ], [ 110.882889, 19.546169 ], [ 110.875403, 19.540596 ], [ 110.86947, 19.529188 ], [ 110.867054, 19.526911 ], [ 110.861023, 19.524531 ], [ 110.857046, 19.524774 ], [ 110.843803, 19.530647 ], [ 110.843368, 19.546964 ], [ 110.836137, 19.554389 ], [ 110.830173, 19.558075 ], [ 110.830315, 19.558946 ], [ 110.83713, 19.559074 ], [ 110.83286, 19.565353 ], [ 110.826692, 19.570279 ], [ 110.826364, 19.57324 ], [ 110.827598, 19.576514 ], [ 110.831839, 19.578086 ], [ 110.831064, 19.58052 ], [ 110.832415, 19.586542 ], [ 110.827632, 19.592796 ], [ 110.822619, 19.595561 ], [ 110.822177, 19.597677 ], [ 110.83235, 19.608005 ], [ 110.841509, 19.613684 ], [ 110.844073, 19.61283 ], [ 110.849526, 19.607314 ], [ 110.857442, 19.605384 ], [ 110.871832, 19.605757 ], [ 110.878312, 19.610175 ], [ 110.884115, 19.611106 ], [ 110.888364, 19.615003 ], [ 110.889598, 19.617747 ], [ 110.889837, 19.62409 ], [ 110.887514, 19.632134 ], [ 110.889322, 19.640903 ], [ 110.891902, 19.646708 ], [ 110.886654, 19.645141 ], [ 110.88636, 19.643099 ], [ 110.88329, 19.645622 ], [ 110.87956, 19.646864 ], [ 110.87965, 19.651054 ], [ 110.878069, 19.647498 ], [ 110.875497, 19.645075 ], [ 110.875408, 19.642993 ], [ 110.873616, 19.640145 ], [ 110.874948, 19.635843 ], [ 110.871555, 19.629547 ], [ 110.848685, 19.629837 ], [ 110.843297, 19.627629 ], [ 110.839869, 19.628703 ], [ 110.82006, 19.628311 ], [ 110.814541, 19.626671 ], [ 110.810516, 19.62256 ], [ 110.80907, 19.622257 ], [ 110.81073, 19.620142 ], [ 110.80386, 19.619953 ], [ 110.80039, 19.618233 ], [ 110.79604, 19.619186 ], [ 110.794011, 19.62536 ], [ 110.792116, 19.626106 ], [ 110.791563, 19.628645 ], [ 110.790449, 19.629389 ], [ 110.78391, 19.629202 ], [ 110.7868, 19.626137 ], [ 110.78428, 19.62499 ], [ 110.78613, 19.623484 ], [ 110.78352, 19.616718 ], [ 110.78205, 19.616257 ], [ 110.784058, 19.612386 ], [ 110.786395, 19.609102 ], [ 110.79395, 19.606201 ], [ 110.79665, 19.600536 ], [ 110.796741, 19.594902 ], [ 110.798184, 19.591198 ], [ 110.8003, 19.589711 ], [ 110.805323, 19.591598 ], [ 110.806437, 19.591172 ], [ 110.809436, 19.585136 ], [ 110.81345, 19.580698 ], [ 110.816327, 19.573378 ], [ 110.820215, 19.569335 ], [ 110.82276, 19.556653 ], [ 110.823429, 19.556333 ], [ 110.824215, 19.558974 ], [ 110.82558, 19.558662 ], [ 110.831555, 19.550069 ], [ 110.831662, 19.544859 ], [ 110.816223, 19.539651 ], [ 110.812537, 19.534443 ], [ 110.807289, 19.532023 ], [ 110.805107, 19.525401 ], [ 110.804365, 19.516032 ], [ 110.806624, 19.500939 ], [ 110.806728, 19.492481 ], [ 110.805637, 19.489285 ], [ 110.804187, 19.487347 ], [ 110.800088, 19.485988 ], [ 110.783067, 19.468326 ], [ 110.781016, 19.466846 ], [ 110.778727, 19.466853 ], [ 110.775951, 19.463775 ], [ 110.770403, 19.460363 ], [ 110.765314, 19.454365 ], [ 110.761903, 19.452051 ], [ 110.761349, 19.445931 ], [ 110.76023, 19.443503 ], [ 110.752869, 19.439929 ], [ 110.75253, 19.43697 ], [ 110.754986, 19.4395 ], [ 110.758441, 19.439913 ], [ 110.761119, 19.44202 ], [ 110.763806, 19.449202 ], [ 110.765144, 19.449727 ], [ 110.768038, 19.447921 ], [ 110.769154, 19.448552 ], [ 110.769666, 19.452251 ], [ 110.771473, 19.452246 ], [ 110.772193, 19.451215 ], [ 110.77255, 19.448585 ], [ 110.764346, 19.440838 ], [ 110.762409, 19.435358 ], [ 110.761915, 19.428616 ], [ 110.760829, 19.42702 ], [ 110.755402, 19.423149 ], [ 110.755284, 19.424293 ], [ 110.758178, 19.426342 ], [ 110.758422, 19.428398 ], [ 110.757157, 19.427776 ], [ 110.745035, 19.417579 ], [ 110.738288, 19.415655 ], [ 110.73099, 19.407675 ], [ 110.731953, 19.407444 ], [ 110.733039, 19.408812 ], [ 110.733759, 19.407667 ], [ 110.733275, 19.406069 ], [ 110.731588, 19.405502 ], [ 110.725939, 19.412374 ], [ 110.721606, 19.4141 ], [ 110.713297, 19.414694 ], [ 110.704504, 19.413574 ], [ 110.698961, 19.410959 ], [ 110.694278, 19.406352 ], [ 110.688836, 19.403899 ], [ 110.680634, 19.394066 ], [ 110.674469, 19.38757 ], [ 110.667467, 19.357323 ], [ 110.670717, 19.356858 ], [ 110.673718, 19.350222 ], [ 110.680928, 19.339347 ], [ 110.680506, 19.333333 ], [ 110.677538, 19.32347 ], [ 110.670932, 19.316666 ], [ 110.664528, 19.314701 ], [ 110.659587, 19.308427 ], [ 110.658142, 19.307973 ], [ 110.6573, 19.308775 ], [ 110.654899, 19.313695 ], [ 110.641659, 19.313268 ], [ 110.636962, 19.309736 ], [ 110.632863, 19.302888 ], [ 110.631652, 19.295233 ], [ 110.632852, 19.291573 ], [ 110.635651, 19.289413 ], [ 110.64189, 19.288974 ], [ 110.643771, 19.287837 ], [ 110.640704, 19.286006 ], [ 110.635494, 19.285624 ], [ 110.637536, 19.28242 ], [ 110.638255, 19.27899 ], [ 110.636071, 19.260709 ], [ 110.633659, 19.255 ], [ 110.628841, 19.248953 ], [ 110.622409, 19.237022 ], [ 110.620492, 19.236594 ], [ 110.614526, 19.239597 ], [ 110.605265, 19.23228 ], [ 110.608177, 19.233161 ], [ 110.607953, 19.231998 ], [ 110.608955, 19.231785 ], [ 110.611181, 19.232837 ], [ 110.61341, 19.235582 ], [ 110.61675, 19.237055 ], [ 110.619643, 19.236414 ], [ 110.621369, 19.234226 ], [ 110.615412, 19.222201 ], [ 110.613984, 19.208295 ], [ 110.611974, 19.204935 ], [ 110.604769, 19.200238 ], [ 110.601634, 19.199281 ], [ 110.598431, 19.194286 ], [ 110.589981, 19.171433 ], [ 110.588791, 19.1582 ], [ 110.58586, 19.156992 ], [ 110.585642, 19.154437 ], [ 110.583082, 19.152328 ], [ 110.578645, 19.142525 ], [ 110.575687, 19.129407 ], [ 110.574496, 19.113257 ], [ 110.572251, 19.106531 ], [ 110.571635, 19.087776 ], [ 110.566671, 19.046532 ], [ 110.566081, 19.04586 ], [ 110.559831, 19.046993 ], [ 110.555703, 19.04644 ], [ 110.547997, 19.044132 ], [ 110.537303, 19.038845 ], [ 110.531516, 19.018777 ], [ 110.52786, 19.01452 ], [ 110.519943, 19.000714 ], [ 110.514661, 18.984298 ], [ 110.513194, 18.972563 ], [ 110.512667, 18.953059 ], [ 110.51037, 18.942074 ], [ 110.510383, 18.936408 ], [ 110.512129, 18.908344 ], [ 110.514766, 18.888527 ], [ 110.517357, 18.885041 ], [ 110.517027, 18.883931 ], [ 110.513857, 18.886068 ], [ 110.510592, 18.892249 ], [ 110.50409, 18.894937 ], [ 110.492031, 18.890088 ], [ 110.487703, 18.889449 ], [ 110.484801, 18.885323 ], [ 110.482222, 18.884527 ], [ 110.47847, 18.886267 ], [ 110.478894, 18.883968 ], [ 110.476748, 18.877861 ], [ 110.47247, 18.877443 ], [ 110.47147, 18.876627 ], [ 110.47104, 18.872725 ], [ 110.46963, 18.872063 ], [ 110.46732, 18.873129 ], [ 110.4666, 18.875034 ], [ 110.4674, 18.879051 ], [ 110.46604, 18.879423 ], [ 110.4649, 18.877899 ], [ 110.46315, 18.877567 ], [ 110.46383, 18.881348 ], [ 110.4631, 18.882187 ], [ 110.4623, 18.878881 ], [ 110.46017, 18.87808 ], [ 110.45861, 18.874605 ], [ 110.45972, 18.872875 ], [ 110.46342, 18.87108 ], [ 110.4634, 18.869778 ], [ 110.46075, 18.867445 ], [ 110.46082, 18.863535 ], [ 110.46363, 18.860064 ], [ 110.4622, 18.855581 ], [ 110.46294, 18.85486 ], [ 110.46804, 18.855267 ], [ 110.46836, 18.852064 ], [ 110.46207, 18.846848 ], [ 110.45774, 18.839323 ], [ 110.451878, 18.838554 ], [ 110.448102, 18.834859 ], [ 110.44457, 18.837863 ], [ 110.43411, 18.839161 ], [ 110.43152, 18.83671 ], [ 110.43266, 18.832783 ], [ 110.4316, 18.828888 ], [ 110.4333, 18.826374 ], [ 110.43323, 18.8214 ], [ 110.43635, 18.814526 ], [ 110.43977, 18.810453 ], [ 110.44311, 18.809225 ], [ 110.44749, 18.810946 ], [ 110.44804, 18.806318 ], [ 110.44674, 18.802071 ], [ 110.44821, 18.801104 ], [ 110.44952, 18.805351 ], [ 110.44906, 18.807962 ], [ 110.4513, 18.80817 ], [ 110.45219, 18.809935 ], [ 110.45331, 18.809803 ], [ 110.45499, 18.805161 ], [ 110.45877, 18.800373 ], [ 110.45862, 18.798717 ], [ 110.454463, 18.796143 ], [ 110.45721, 18.79542 ], [ 110.46084, 18.797266 ], [ 110.46118, 18.803658 ], [ 110.46069, 18.804611 ], [ 110.45685, 18.805136 ], [ 110.45515, 18.807646 ], [ 110.4548, 18.809309 ], [ 110.4558, 18.809652 ], [ 110.46368, 18.805046 ], [ 110.48216, 18.802197 ], [ 110.48482, 18.800842 ], [ 110.4867, 18.798107 ], [ 110.48655, 18.796333 ], [ 110.48542, 18.795164 ], [ 110.4812, 18.795813 ], [ 110.48044, 18.794519 ], [ 110.48103, 18.792734 ], [ 110.48361, 18.790924 ], [ 110.4856, 18.790306 ], [ 110.49109, 18.792128 ], [ 110.49557, 18.792187 ], [ 110.49657, 18.792765 ], [ 110.49663, 18.796909 ], [ 110.50127, 18.79969 ], [ 110.50973, 18.800169 ], [ 110.51149, 18.801447 ], [ 110.51202, 18.803335 ], [ 110.51119, 18.8069 ], [ 110.50595, 18.813484 ], [ 110.505, 18.816578 ], [ 110.4975, 18.822126 ], [ 110.49753, 18.823902 ], [ 110.50167, 18.826691 ], [ 110.50295, 18.829279 ], [ 110.50302, 18.833477 ], [ 110.50089, 18.840612 ], [ 110.49503, 18.847057 ], [ 110.49274, 18.852299 ], [ 110.494625, 18.857506 ], [ 110.491993, 18.868269 ], [ 110.49525, 18.881634 ], [ 110.49533, 18.886951 ], [ 110.497452, 18.887002 ], [ 110.501705, 18.884628 ], [ 110.503382, 18.880666 ], [ 110.508039, 18.883372 ], [ 110.511871, 18.882023 ], [ 110.514449, 18.883056 ], [ 110.515202, 18.88155 ], [ 110.513803, 18.87592 ], [ 110.513426, 18.861966 ], [ 110.518605, 18.826057 ], [ 110.525141, 18.810127 ], [ 110.527334, 18.799823 ], [ 110.530178, 18.794355 ], [ 110.531513, 18.793088 ], [ 110.536838, 18.793489 ], [ 110.540427, 18.78929 ], [ 110.539766, 18.787704 ], [ 110.537023, 18.786591 ], [ 110.537368, 18.782072 ], [ 110.532539, 18.78294 ], [ 110.531203, 18.784842 ], [ 110.531778, 18.787538 ], [ 110.530942, 18.788726 ], [ 110.526863, 18.789278 ], [ 110.523038, 18.788402 ], [ 110.517221, 18.785384 ], [ 110.514816, 18.782606 ], [ 110.512996, 18.778957 ], [ 110.512841, 18.774835 ], [ 110.510595, 18.774595 ], [ 110.509503, 18.778161 ], [ 110.506588, 18.779189 ], [ 110.505168, 18.780932 ], [ 110.499512, 18.780212 ], [ 110.495358, 18.778146 ], [ 110.49345, 18.776083 ], [ 110.491266, 18.768905 ], [ 110.487862, 18.766364 ], [ 110.486529, 18.767076 ], [ 110.487431, 18.771517 ], [ 110.479346, 18.776027 ], [ 110.47061, 18.775699 ], [ 110.464714, 18.772203 ], [ 110.454457, 18.756225 ], [ 110.45057, 18.745784 ], [ 110.44868, 18.744816 ], [ 110.44848, 18.742935 ], [ 110.450168, 18.741502 ], [ 110.445874, 18.731507 ], [ 110.442551, 18.730155 ], [ 110.439712, 18.733401 ], [ 110.438215, 18.733448 ], [ 110.434314, 18.73046 ], [ 110.429377, 18.717822 ], [ 110.428159, 18.705399 ], [ 110.428461, 18.689543 ], [ 110.427321, 18.682088 ], [ 110.426082, 18.67955 ], [ 110.41489, 18.669226 ], [ 110.412575, 18.665497 ], [ 110.412008, 18.661135 ], [ 110.411012, 18.660579 ], [ 110.407767, 18.661208 ], [ 110.405266, 18.663028 ], [ 110.402594, 18.666195 ], [ 110.402166, 18.669762 ], [ 110.399252, 18.670708 ], [ 110.396511, 18.669753 ], [ 110.395428, 18.670544 ], [ 110.395, 18.674031 ], [ 110.391834, 18.675612 ], [ 110.388259, 18.675527 ], [ 110.381897, 18.673458 ], [ 110.379296, 18.670372 ], [ 110.379646, 18.668571 ], [ 110.369069, 18.672078 ], [ 110.362784, 18.668374 ], [ 110.358038, 18.662313 ], [ 110.351022, 18.663974 ], [ 110.351281, 18.668326 ], [ 110.347656, 18.670662 ], [ 110.349383, 18.67117 ], [ 110.34511, 18.672834 ], [ 110.329344, 18.67111 ], [ 110.344806, 18.683499 ], [ 110.400245, 18.684427 ], [ 110.407222, 18.696398 ], [ 110.416139, 18.684274 ], [ 110.418074, 18.693583 ], [ 110.41635, 18.711325 ], [ 110.40466, 18.702399 ], [ 110.396311, 18.703225 ], [ 110.397164, 18.691029 ], [ 110.394075, 18.6899 ], [ 110.361173, 18.68638 ], [ 110.349258, 18.688739 ], [ 110.322652, 18.672829 ], [ 110.32167, 18.665022 ], [ 110.309134, 18.659616 ], [ 110.304692, 18.660062 ], [ 110.301262, 18.663832 ], [ 110.296479, 18.664393 ], [ 110.293393, 18.667397 ], [ 110.289084, 18.666971 ], [ 110.280069, 18.6688 ], [ 110.276931, 18.667881 ], [ 110.272966, 18.664658 ], [ 110.26287, 18.662152 ], [ 110.24852, 18.654228 ], [ 110.224644, 18.630769 ], [ 110.2159, 18.631593 ], [ 110.21222, 18.62779 ], [ 110.207591, 18.626818 ], [ 110.192552, 18.615838 ], [ 110.183315, 18.605394 ], [ 110.180135, 18.59933 ], [ 110.178855, 18.595745 ], [ 110.178807, 18.588267 ], [ 110.17771, 18.587088 ], [ 110.174459, 18.583596 ], [ 110.160112, 18.579407 ], [ 110.150909, 18.57041 ], [ 110.142265, 18.563755 ], [ 110.138657, 18.553699 ], [ 110.130366, 18.549444 ], [ 110.124813, 18.551648 ], [ 110.122932, 18.551008 ], [ 110.120502, 18.549414 ], [ 110.116554, 18.544444 ], [ 110.111335, 18.543253 ], [ 110.10649, 18.53721 ], [ 110.098696, 18.522805 ], [ 110.091508, 18.498884 ], [ 110.089634, 18.497081 ], [ 110.08672, 18.498089 ], [ 110.08752, 18.497519 ], [ 110.08636, 18.495668 ], [ 110.088756, 18.495492 ], [ 110.088985, 18.494118 ], [ 110.084155, 18.485537 ], [ 110.076969, 18.461827 ], [ 110.072957, 18.44553 ], [ 110.065731, 18.406091 ], [ 110.063423, 18.409656 ], [ 110.061389, 18.41827 ], [ 110.06285, 18.430385 ], [ 110.061822, 18.437828 ], [ 110.052939, 18.443923 ], [ 110.046995, 18.441089 ], [ 110.036585, 18.429406 ], [ 110.036622, 18.422726 ], [ 110.046021, 18.421362 ], [ 110.043159, 18.416279 ], [ 110.040459, 18.414783 ], [ 110.031975, 18.414039 ], [ 110.030176, 18.412716 ], [ 110.030923, 18.408325 ], [ 110.032922, 18.406065 ], [ 110.039581, 18.410211 ], [ 110.045732, 18.408323 ], [ 110.056176, 18.407272 ], [ 110.058161, 18.403589 ], [ 110.054939, 18.397885 ], [ 110.054756, 18.390906 ], [ 110.052439, 18.389206 ], [ 110.049037, 18.383696 ], [ 110.04548, 18.386327 ], [ 110.0363, 18.384392 ], [ 110.025664, 18.385624 ], [ 110.017159, 18.381999 ], [ 110.015619, 18.38009 ], [ 110.015856, 18.377447 ], [ 110.0, 18.37571 ], [ 109.996927, 18.376744 ], [ 109.998339, 18.381508 ], [ 109.997781, 18.382246 ], [ 109.990006, 18.386658 ], [ 109.985684, 18.387277 ], [ 109.97717, 18.385342 ], [ 109.967074, 18.388687 ], [ 109.967105, 18.402116 ], [ 109.963972, 18.407603 ], [ 109.964517, 18.409191 ], [ 109.974029, 18.409173 ], [ 109.977508, 18.400738 ], [ 110.003356, 18.396619 ], [ 110.004619, 18.396796 ], [ 110.011266, 18.403223 ], [ 110.018465, 18.407701 ], [ 110.020074, 18.410651 ], [ 110.020542, 18.423855 ], [ 110.031712, 18.428865 ], [ 110.020949, 18.448138 ], [ 110.01206, 18.455211 ], [ 110.012309, 18.442993 ], [ 110.016689, 18.43473 ], [ 110.009294, 18.43302 ], [ 109.978588, 18.433665 ], [ 109.974276, 18.429707 ], [ 109.972158, 18.416803 ], [ 109.968317, 18.411269 ], [ 109.950876, 18.415765 ], [ 109.950949, 18.414118 ], [ 109.94976, 18.413998 ], [ 109.937453, 18.416487 ], [ 109.930363, 18.416881 ], [ 109.903135, 18.414655 ], [ 109.887333, 18.409513 ], [ 109.874639, 18.40322 ], [ 109.877158, 18.407566 ], [ 109.87678, 18.40884 ], [ 109.874171, 18.407024 ], [ 109.871218, 18.401408 ], [ 109.860314, 18.392584 ], [ 109.859239, 18.387609 ], [ 109.857799, 18.387709 ], [ 109.856232, 18.39024 ], [ 109.851139, 18.390217 ], [ 109.842441, 18.382882 ], [ 109.836892, 18.384866 ], [ 109.834124, 18.384854 ], [ 109.825091, 18.378046 ], [ 109.823432, 18.377827 ], [ 109.818107, 18.379388 ], [ 109.816991, 18.380758 ], [ 109.817738, 18.384885 ], [ 109.817257, 18.390592 ], [ 109.821555, 18.393467 ], [ 109.821304, 18.397801 ], [ 109.82037, 18.397846 ], [ 109.817466, 18.392391 ], [ 109.812206, 18.398064 ], [ 109.803251, 18.401772 ], [ 109.789008, 18.391519 ], [ 109.788173, 18.404471 ], [ 109.784207, 18.421099 ], [ 109.780892, 18.428386 ], [ 109.780801, 18.434997 ], [ 109.782734, 18.43703 ], [ 109.796774, 18.439309 ], [ 109.799358, 18.441144 ], [ 109.80076, 18.444807 ], [ 109.80124, 18.45363 ], [ 109.803634, 18.454364 ], [ 109.801961, 18.457082 ], [ 109.805878, 18.461179 ], [ 109.806729, 18.467542 ], [ 109.804485, 18.475019 ], [ 109.800188, 18.478601 ], [ 109.794056, 18.487485 ], [ 109.783272, 18.488061 ], [ 109.776135, 18.491635 ], [ 109.773532, 18.494903 ], [ 109.77088, 18.502601 ], [ 109.774072, 18.510795 ], [ 109.777054, 18.512818 ], [ 109.774662, 18.522538 ], [ 109.77314, 18.524377 ], [ 109.766154, 18.529031 ], [ 109.761052, 18.528689 ], [ 109.757962, 18.523508 ], [ 109.756633, 18.510895 ], [ 109.753411, 18.504713 ], [ 109.751471, 18.503253 ], [ 109.746702, 18.502913 ], [ 109.744243, 18.500423 ], [ 109.743363, 18.497684 ], [ 109.739304, 18.498615 ], [ 109.734136, 18.497886 ], [ 109.732018, 18.499998 ], [ 109.726044, 18.495963 ], [ 109.722947, 18.496476 ], [ 109.721079, 18.493417 ], [ 109.72036, 18.489818 ], [ 109.72114, 18.485515 ], [ 109.719212, 18.482926 ], [ 109.722589, 18.474612 ], [ 109.72184, 18.473893 ], [ 109.718483, 18.475196 ], [ 109.713999, 18.474552 ], [ 109.709646, 18.468787 ], [ 109.706272, 18.45868 ], [ 109.708928, 18.456336 ], [ 109.708869, 18.454266 ], [ 109.702159, 18.448774 ], [ 109.697737, 18.44315 ], [ 109.683455, 18.436673 ], [ 109.685062, 18.4315 ], [ 109.685132, 18.423278 ], [ 109.68661, 18.415842 ], [ 109.684694, 18.414065 ], [ 109.679504, 18.412325 ], [ 109.677029, 18.408769 ], [ 109.677049, 18.405968 ], [ 109.679665, 18.399582 ], [ 109.67733, 18.397556 ], [ 109.67209, 18.396786 ], [ 109.66753, 18.400025 ], [ 109.659207, 18.393349 ], [ 109.651851, 18.392132 ], [ 109.650354, 18.392394 ], [ 109.648807, 18.394957 ], [ 109.640853, 18.394871 ], [ 109.633543, 18.401512 ], [ 109.626673, 18.398291 ], [ 109.622319, 18.398235 ], [ 109.619202, 18.395777 ], [ 109.613218, 18.394131 ], [ 109.610241, 18.392102 ], [ 109.599155, 18.389544 ], [ 109.589785, 18.393584 ], [ 109.583553, 18.398232 ], [ 109.581462, 18.397781 ], [ 109.574938, 18.392124 ], [ 109.572395, 18.39109 ], [ 109.569832, 18.391637 ], [ 109.567239, 18.393905 ], [ 109.555742, 18.399498 ], [ 109.54887, 18.397124 ], [ 109.540763, 18.396456 ], [ 109.536984, 18.397987 ], [ 109.535611, 18.399604 ], [ 109.533926, 18.410522 ], [ 109.528773, 18.413539 ], [ 109.528422, 18.417579 ], [ 109.525985, 18.421384 ], [ 109.518916, 18.424235 ], [ 109.517061, 18.42643 ], [ 109.512408, 18.427547 ], [ 109.511896, 18.434816 ], [ 109.510091, 18.437601 ], [ 109.510984, 18.438614 ], [ 109.51687, 18.436821 ], [ 109.519999, 18.438861 ], [ 109.523287, 18.449782 ], [ 109.517271, 18.455896 ], [ 109.516518, 18.460146 ], [ 109.520709, 18.465118 ], [ 109.52142, 18.473511 ], [ 109.523957, 18.475398 ], [ 109.523335, 18.482468 ], [ 109.533481, 18.491548 ], [ 109.534713, 18.495281 ], [ 109.532909, 18.499997 ], [ 109.5333, 18.510299 ], [ 109.531766, 18.515416 ], [ 109.53337, 18.522851 ], [ 109.532106, 18.533169 ], [ 109.528285, 18.536869 ], [ 109.523563, 18.539186 ], [ 109.510898, 18.539969 ], [ 109.50458, 18.543721 ], [ 109.503356, 18.544998 ], [ 109.502032, 18.552985 ], [ 109.500006, 18.55546 ], [ 109.491521, 18.554794 ], [ 109.485684, 18.556937 ], [ 109.48414, 18.555752 ], [ 109.481593, 18.555965 ], [ 109.47642, 18.558651 ], [ 109.471246, 18.559707 ], [ 109.465101, 18.559191 ], [ 109.462475, 18.559875 ], [ 109.458396, 18.558585 ], [ 109.452413, 18.55908 ], [ 109.432484, 18.570287 ], [ 109.427279, 18.56969 ], [ 109.422885, 18.564305 ], [ 109.418063, 18.565432 ], [ 109.416643, 18.568491 ], [ 109.419233, 18.573482 ], [ 109.419003, 18.576743 ], [ 109.410711, 18.59011 ], [ 109.40786, 18.597769 ], [ 109.403011, 18.605398 ], [ 109.404959, 18.616919 ], [ 109.400901, 18.62495 ], [ 109.398902, 18.62417 ], [ 109.393675, 18.624901 ], [ 109.388269, 18.621424 ], [ 109.3803, 18.607769 ], [ 109.3731, 18.602565 ], [ 109.366103, 18.595424 ], [ 109.3623, 18.594459 ], [ 109.355105, 18.58847 ], [ 109.350485, 18.588638 ], [ 109.343281, 18.58247 ], [ 109.33566, 18.580314 ], [ 109.327648, 18.576058 ], [ 109.326052, 18.573931 ], [ 109.324496, 18.566843 ], [ 109.312306, 18.554506 ], [ 109.309573, 18.54978 ], [ 109.309504, 18.539018 ], [ 109.310382, 18.537626 ], [ 109.314523, 18.536439 ], [ 109.31578, 18.527046 ], [ 109.314992, 18.523797 ], [ 109.309296, 18.516426 ], [ 109.305334, 18.516312 ], [ 109.303508, 18.518346 ], [ 109.300485, 18.519391 ], [ 109.290036, 18.513955 ], [ 109.287331, 18.51755 ], [ 109.287051, 18.51943 ], [ 109.28788, 18.531351 ], [ 109.277716, 18.531993 ], [ 109.275809, 18.533045 ], [ 109.268968, 18.542961 ], [ 109.265402, 18.555236 ], [ 109.260266, 18.556537 ], [ 109.254301, 18.554609 ], [ 109.248675, 18.55737 ], [ 109.245845, 18.56014 ], [ 109.242616, 18.560619 ], [ 109.237218, 18.556937 ], [ 109.229606, 18.553642 ], [ 109.223414, 18.548806 ], [ 109.210586, 18.54528 ], [ 109.207193, 18.542955 ], [ 109.198363, 18.541742 ], [ 109.193167, 18.536163 ], [ 109.187591, 18.534073 ], [ 109.186599, 18.528651 ], [ 109.18665, 18.51982 ], [ 109.188203, 18.512271 ], [ 109.184757, 18.508994 ], [ 109.187545, 18.499991 ], [ 109.186992, 18.487176 ], [ 109.175877, 18.476263 ], [ 109.172422, 18.475796 ], [ 109.168297, 18.472648 ], [ 109.160436, 18.460982 ], [ 109.157382, 18.462856 ], [ 109.152025, 18.463567 ], [ 109.148561, 18.467042 ], [ 109.146638, 18.467269 ], [ 109.137038, 18.462794 ], [ 109.124788, 18.464638 ], [ 109.114786, 18.46016 ], [ 109.108635, 18.463605 ], [ 109.104807, 18.463185 ], [ 109.102308, 18.460364 ], [ 109.09754, 18.458323 ], [ 109.08677, 18.447533 ], [ 109.084273, 18.447224 ], [ 109.070364, 18.453719 ], [ 109.068478, 18.453772 ], [ 109.06706, 18.452023 ], [ 109.064206, 18.443335 ], [ 109.061661, 18.441218 ], [ 109.059467, 18.436852 ], [ 109.056784, 18.438567 ], [ 109.05045, 18.439349 ], [ 109.04022, 18.434221 ], [ 109.036113, 18.434711 ], [ 109.027709, 18.432362 ], [ 109.02194, 18.425227 ], [ 109.012514, 18.424583 ], [ 109.009934, 18.42016 ], [ 109.006507, 18.418159 ], [ 109.004943, 18.415743 ], [ 109.001934, 18.414832 ], [ 109.002064, 18.410901 ], [ 109.000001, 18.406416 ], [ 109.000898, 18.402563 ], [ 108.993954, 18.401043 ], [ 108.98963, 18.397076 ], [ 108.982037, 18.393227 ], [ 108.980473, 18.390811 ], [ 108.979856, 18.386401 ], [ 108.975352, 18.378456 ], [ 108.968336, 18.382439 ], [ 108.959437, 18.400238 ], [ 108.955461, 18.402407 ], [ 108.948268, 18.404215 ], [ 108.938233, 18.409636 ], [ 108.947983, 18.407106 ], [ 108.94751, 18.406112 ], [ 108.949592, 18.404937 ], [ 108.953094, 18.404304 ], [ 108.95571, 18.405834 ], [ 108.952716, 18.40575 ], [ 108.948928, 18.409816 ], [ 108.945521, 18.410629 ], [ 108.94279, 18.41551 ], [ 108.942208, 18.41063 ], [ 108.941072, 18.410449 ], [ 108.92356, 18.415599 ], [ 108.935961, 18.410811 ], [ 108.934731, 18.41063 ], [ 108.90065, 18.4196 ], [ 108.877744, 18.42255 ], [ 108.86564, 18.42687 ], [ 108.855398, 18.431667 ], [ 108.853693, 18.433473 ], [ 108.858711, 18.431849 ], [ 108.86115, 18.433075 ], [ 108.8624, 18.435463 ], [ 108.86549, 18.437962 ], [ 108.85653, 18.436816 ], [ 108.855866, 18.438352 ], [ 108.861354, 18.440883 ], [ 108.8623, 18.442329 ], [ 108.855105, 18.442326 ], [ 108.853684, 18.44359 ], [ 108.8528, 18.448473 ], [ 108.847716, 18.449008 ], [ 108.847433, 18.447291 ], [ 108.851795, 18.438441 ], [ 108.851135, 18.436363 ], [ 108.84405, 18.452143 ], [ 108.830283, 18.463362 ], [ 108.81189, 18.473904 ], [ 108.782447, 18.484108 ], [ 108.759242, 18.489779 ], [ 108.707157, 18.495144 ], [ 108.694308, 18.49986 ], [ 108.686047, 18.505707 ], [ 108.684863, 18.50825 ], [ 108.684542, 18.51393 ], [ 108.682361, 18.519134 ], [ 108.681411, 18.529133 ], [ 108.673057, 18.549891 ], [ 108.677617, 18.566051 ], [ 108.694615, 18.601695 ], [ 108.699241, 18.617085 ], [ 108.699843, 18.626968 ], [ 108.698083, 18.638563 ], [ 108.69903, 18.640734 ], [ 108.700935, 18.64046 ], [ 108.701683, 18.639159 ], [ 108.699203, 18.637026 ], [ 108.699952, 18.635252 ], [ 108.700446, 18.636732 ], [ 108.70305, 18.638215 ], [ 108.70473, 18.641993 ], [ 108.699121, 18.642722 ], [ 108.697416, 18.642268 ], [ 108.695999, 18.640279 ], [ 108.695853, 18.641904 ], [ 108.698632, 18.643534 ], [ 108.701291, 18.649455 ], [ 108.702695, 18.662179 ], [ 108.698502, 18.67951 ], [ 108.692033, 18.684886 ], [ 108.696982, 18.694715 ], [ 108.69803, 18.69874 ], [ 108.69583, 18.712051 ], [ 108.69592, 18.720035 ], [ 108.694014, 18.72431 ], [ 108.693503, 18.726781 ], [ 108.69505, 18.72986 ], [ 108.69456, 18.733894 ], [ 108.686126, 18.750143 ], [ 108.686372, 18.751149 ], [ 108.693123, 18.753357 ], [ 108.6954, 18.756752 ], [ 108.689898, 18.753714 ], [ 108.683545, 18.753524 ], [ 108.683827, 18.754608 ], [ 108.686054, 18.755054 ], [ 108.681926, 18.756954 ], [ 108.682024, 18.755509 ], [ 108.681143, 18.756644 ], [ 108.675692, 18.778529 ], [ 108.665331, 18.799992 ], [ 108.65366, 18.813078 ], [ 108.647645, 18.816766 ], [ 108.635402, 18.821907 ], [ 108.624721, 18.823881 ], [ 108.621739, 18.838731 ], [ 108.626856, 18.855248 ], [ 108.627651, 18.860752 ], [ 108.631716, 18.861616 ], [ 108.64066, 18.858566 ], [ 108.638086, 18.863966 ], [ 108.633919, 18.864905 ], [ 108.633979, 18.865734 ], [ 108.636341, 18.865797 ], [ 108.634779, 18.869049 ], [ 108.630872, 18.865373 ], [ 108.630125, 18.865727 ], [ 108.641594, 18.878646 ], [ 108.647169, 18.886939 ], [ 108.650198, 18.894104 ], [ 108.652779, 18.907303 ], [ 108.654087, 18.905944 ], [ 108.65401, 18.903055 ], [ 108.655334, 18.904526 ], [ 108.65428, 18.90962 ], [ 108.657693, 18.932872 ], [ 108.654556, 18.944464 ], [ 108.647311, 18.957172 ], [ 108.64453, 18.969448 ], [ 108.64352, 18.969515 ], [ 108.64715, 18.976969 ], [ 108.646319, 18.977271 ], [ 108.645183, 18.975733 ], [ 108.642802, 18.970003 ], [ 108.646252, 18.983559 ], [ 108.644741, 19.001492 ], [ 108.632165, 19.033462 ], [ 108.6324, 19.034501 ], [ 108.638722, 19.036943 ], [ 108.638416, 19.044217 ], [ 108.637793, 19.044664 ], [ 108.637397, 19.03828 ], [ 108.633026, 19.036504 ], [ 108.630543, 19.051279 ], [ 108.62634, 19.061973 ], [ 108.621051, 19.082763 ], [ 108.616922, 19.09019 ], [ 108.61817, 19.089966 ], [ 108.624715, 19.078602 ], [ 108.625652, 19.078601 ], [ 108.625186, 19.081051 ], [ 108.632127, 19.077331 ], [ 108.629711, 19.080006 ], [ 108.627292, 19.080751 ], [ 108.627449, 19.081716 ], [ 108.631271, 19.07993 ], [ 108.635401, 19.073616 ], [ 108.636104, 19.074209 ], [ 108.633689, 19.078591 ], [ 108.629167, 19.083273 ], [ 108.623862, 19.08469 ], [ 108.623086, 19.090109 ], [ 108.616146, 19.096872 ], [ 108.615366, 19.097244 ], [ 108.615131, 19.095685 ], [ 108.614195, 19.095835 ], [ 108.613339, 19.099399 ], [ 108.622314, 19.100279 ], [ 108.630045, 19.105763 ], [ 108.647073, 19.120736 ], [ 108.658717, 19.134825 ], [ 108.662705, 19.141871 ], [ 108.664899, 19.150033 ], [ 108.667479, 19.153741 ], [ 108.669588, 19.154406 ], [ 108.67052, 19.150323 ], [ 108.673018, 19.149577 ], [ 108.673874, 19.146978 ], [ 108.675434, 19.145862 ], [ 108.680743, 19.146671 ], [ 108.674345, 19.149872 ], [ 108.669201, 19.157599 ], [ 108.670219, 19.160641 ], [ 108.673031, 19.161453 ], [ 108.674828, 19.163381 ], [ 108.679135, 19.175103 ], [ 108.678437, 19.179558 ], [ 108.677494, 19.173695 ], [ 108.676409, 19.181417 ], [ 108.676801, 19.182071 ], [ 108.679646, 19.180321 ], [ 108.679922, 19.181019 ], [ 108.675703, 19.185914 ], [ 108.675798, 19.188969 ], [ 108.674332, 19.192114 ], [ 108.665892, 19.200244 ], [ 108.653686, 19.209601 ], [ 108.640006, 19.215117 ], [ 108.631006, 19.217048 ], [ 108.633487, 19.217569 ], [ 108.646066, 19.213713 ], [ 108.643497, 19.215898 ], [ 108.631284, 19.219928 ], [ 108.629722, 19.219319 ], [ 108.627698, 19.214083 ], [ 108.627602, 19.208933 ], [ 108.630081, 19.207795 ], [ 108.630813, 19.204477 ], [ 108.632557, 19.203253 ], [ 108.634394, 19.203338 ], [ 108.63908, 19.206475 ], [ 108.639631, 19.205951 ], [ 108.634301, 19.202465 ], [ 108.63274, 19.20238 ], [ 108.630903, 19.202993 ], [ 108.625673, 19.208062 ], [ 108.626135, 19.213037 ], [ 108.629724, 19.221938 ], [ 108.630647, 19.227611 ], [ 108.634511, 19.235725 ], [ 108.635113, 19.247104 ], [ 108.636605, 19.250122 ], [ 108.634628, 19.261733 ], [ 108.635425, 19.26579 ], [ 108.63364, 19.269284 ], [ 108.637217, 19.270318 ], [ 108.643868, 19.266064 ], [ 108.645956, 19.267041 ], [ 108.642479, 19.26767 ], [ 108.640894, 19.273523 ], [ 108.638214, 19.274941 ], [ 108.63772, 19.278245 ], [ 108.638617, 19.282963 ], [ 108.637726, 19.286267 ], [ 108.63872, 19.287021 ], [ 108.640805, 19.286075 ], [ 108.642689, 19.281354 ], [ 108.644477, 19.282012 ], [ 108.643982, 19.2839 ], [ 108.644876, 19.284277 ], [ 108.648746, 19.278515 ], [ 108.652121, 19.276624 ], [ 108.653711, 19.276905 ], [ 108.653414, 19.277755 ], [ 108.650733, 19.279646 ], [ 108.64865, 19.283517 ], [ 108.657094, 19.282941 ], [ 108.655307, 19.28502 ], [ 108.650241, 19.284648 ], [ 108.64803, 19.285696 ], [ 108.64436, 19.291805 ], [ 108.64646, 19.292763 ], [ 108.65014, 19.290337 ], [ 108.65237, 19.291052 ], [ 108.64469, 19.295244 ], [ 108.63403, 19.297091 ], [ 108.63493, 19.30052 ], [ 108.63786, 19.300932 ], [ 108.642649, 19.299326 ], [ 108.65421, 19.292667 ], [ 108.65884, 19.292288 ], [ 108.66088, 19.292944 ], [ 108.657339, 19.297258 ], [ 108.65908, 19.303452 ], [ 108.653, 19.307756 ], [ 108.65352, 19.309746 ], [ 108.65269, 19.311319 ], [ 108.66027, 19.313461 ], [ 108.666374, 19.305861 ], [ 108.667449, 19.308504 ], [ 108.670628, 19.308217 ], [ 108.674325, 19.306019 ], [ 108.67847, 19.301223 ], [ 108.678672, 19.304998 ], [ 108.681452, 19.302824 ], [ 108.682544, 19.302728 ], [ 108.68374, 19.305557 ], [ 108.687316, 19.304892 ], [ 108.688705, 19.303097 ], [ 108.690096, 19.30385 ], [ 108.686225, 19.307064 ], [ 108.683052, 19.313486 ], [ 108.681869, 19.322265 ], [ 108.67919, 19.326138 ], [ 108.673033, 19.329543 ], [ 108.669355, 19.328227 ], [ 108.66717, 19.328701 ], [ 108.667072, 19.330117 ], [ 108.670255, 19.333983 ], [ 108.670157, 19.336059 ], [ 108.66847, 19.338137 ], [ 108.664794, 19.33918 ], [ 108.66301, 19.344373 ], [ 108.663113, 19.348054 ], [ 108.664804, 19.349562 ], [ 108.672757, 19.353138 ], [ 108.676636, 19.356059 ], [ 108.678826, 19.360114 ], [ 108.679927, 19.367474 ], [ 108.682912, 19.371717 ], [ 108.686593, 19.374355 ], [ 108.688978, 19.374824 ], [ 108.691659, 19.371423 ], [ 108.711438, 19.371772 ], [ 108.730724, 19.374386 ], [ 108.742848, 19.372951 ], [ 108.740764, 19.375125 ], [ 108.73659, 19.37532 ], [ 108.736789, 19.376075 ], [ 108.74405, 19.37965 ], [ 108.754293, 19.382936 ], [ 108.758375, 19.387176 ], [ 108.776083, 19.396489 ], [ 108.788726, 19.406848 ], [ 108.796995, 19.417403 ], [ 108.808743, 19.42663 ], [ 108.809544, 19.429555 ], [ 108.817417, 19.439544 ], [ 108.830257, 19.445936 ], [ 108.858315, 19.453143 ], [ 108.87046, 19.458968 ], [ 108.884505, 19.468752 ], [ 108.897263, 19.480708 ], [ 108.912907, 19.492563 ], [ 108.9161, 19.496519 ], [ 108.921478, 19.499149 ], [ 108.931448, 19.507901 ], [ 108.933536, 19.507613 ], [ 108.929245, 19.502055 ], [ 108.928112, 19.497006 ], [ 108.930525, 19.496388 ], [ 108.92952, 19.492426 ], [ 108.934205, 19.496379 ], [ 108.936785, 19.493446 ], [ 108.938872, 19.492591 ], [ 108.941259, 19.492679 ], [ 108.941759, 19.493527 ], [ 108.93898, 19.496272 ], [ 108.944642, 19.492764 ], [ 108.948625, 19.494452 ], [ 108.951311, 19.494068 ], [ 108.962424, 19.483088 ], [ 108.961735, 19.485827 ], [ 108.959517, 19.488618 ], [ 108.955285, 19.492075 ], [ 108.954597, 19.49538 ], [ 108.951918, 19.49803 ], [ 108.953396, 19.501444 ], [ 108.942959, 19.508051 ], [ 108.944599, 19.509269 ], [ 108.955319, 19.505572 ], [ 108.956417, 19.506797 ], [ 108.956214, 19.505287 ], [ 108.959104, 19.507261 ], [ 108.959508, 19.509242 ], [ 108.953637, 19.508881 ], [ 108.944, 19.514476 ], [ 108.941313, 19.5142 ], [ 108.935931, 19.510438 ], [ 108.934836, 19.510347 ], [ 108.934641, 19.511952 ], [ 108.953786, 19.528231 ], [ 108.962157, 19.533116 ], [ 108.967675, 19.534945 ], [ 108.977064, 19.543352 ], [ 108.980095, 19.548539 ], [ 108.991241, 19.560028 ], [ 108.993958, 19.566646 ], [ 109.005192, 19.580468 ], [ 109.012909, 19.585566 ], [ 109.029388, 19.592725 ], [ 109.042799, 19.596317 ], [ 109.057736, 19.598603 ], [ 109.063383, 19.601296 ], [ 109.078084, 19.604184 ], [ 109.090023, 19.612201 ], [ 109.099802, 19.615104 ], [ 109.101637, 19.617281 ], [ 109.097341, 19.615188 ], [ 109.108487, 19.623131 ], [ 109.10944, 19.623128 ], [ 109.108877, 19.620871 ], [ 109.107523, 19.619972 ], [ 109.108077, 19.619292 ], [ 109.110944, 19.621541 ], [ 109.117618, 19.622195 ], [ 109.121516, 19.623913 ], [ 109.122075, 19.624589 ], [ 109.118343, 19.624903 ], [ 109.118907, 19.627311 ], [ 109.143733, 19.639044 ], [ 109.146999, 19.641592 ], [ 109.148507, 19.641285 ], [ 109.147821, 19.637706 ], [ 109.149137, 19.639777 ], [ 109.152341, 19.639091 ], [ 109.153058, 19.639615 ], [ 109.151291, 19.642254 ], [ 109.152167, 19.642778 ], [ 109.155341, 19.641937 ], [ 109.160268, 19.642295 ], [ 109.17125, 19.647449 ], [ 109.17835, 19.652229 ], [ 109.204854, 19.675235 ], [ 109.210021, 19.683009 ], [ 109.213852, 19.702776 ], [ 109.213701, 19.710288 ], [ 109.211444, 19.720618 ], [ 109.212353, 19.72113 ], [ 109.213742, 19.720322 ], [ 109.214713, 19.721063 ], [ 109.218094, 19.7191 ], [ 109.221584, 19.714097 ], [ 109.228344, 19.709884 ], [ 109.228211, 19.707132 ], [ 109.224831, 19.706163 ], [ 109.224016, 19.704568 ], [ 109.233415, 19.707053 ], [ 109.233604, 19.70883 ], [ 109.231061, 19.708439 ], [ 109.227875, 19.713441 ], [ 109.231289, 19.719619 ], [ 109.236019, 19.722008 ], [ 109.237665, 19.724868 ], [ 109.239181, 19.725378 ], [ 109.245854, 19.722138 ], [ 109.252447, 19.721068 ], [ 109.259959, 19.723723 ], [ 109.268831, 19.723598 ], [ 109.27579, 19.725127 ], [ 109.28135, 19.720683 ], [ 109.287008, 19.717884 ], [ 109.287626, 19.712768 ], [ 109.283821, 19.708864 ], [ 109.283806, 19.707317 ], [ 109.28618, 19.709026 ], [ 109.288524, 19.709124 ], [ 109.296458, 19.703975 ], [ 109.299271, 19.699196 ], [ 109.299083, 19.69807 ], [ 109.296331, 19.696263 ], [ 109.302539, 19.693808 ], [ 109.310079, 19.68294 ], [ 109.303741, 19.696749 ], [ 109.304206, 19.698307 ], [ 109.306582, 19.697863 ], [ 109.306779, 19.700895 ], [ 109.309355, 19.704263 ], [ 109.308744, 19.710506 ], [ 109.306471, 19.713463 ], [ 109.30632, 19.720311 ], [ 109.30367, 19.721016 ], [ 109.301669, 19.723365 ], [ 109.295736, 19.726252 ], [ 109.291166, 19.726966 ], [ 109.288632, 19.73313 ], [ 109.285342, 19.733752 ], [ 109.286085, 19.736175 ], [ 109.2849, 19.73722 ], [ 109.275297, 19.737696 ], [ 109.273568, 19.739784 ], [ 109.275408, 19.742115 ], [ 109.280453, 19.745127 ], [ 109.280548, 19.745993 ], [ 109.277714, 19.746525 ], [ 109.276623, 19.747917 ], [ 109.285789, 19.75195 ], [ 109.288339, 19.749165 ], [ 109.292278, 19.750361 ], [ 109.292556, 19.751226 ], [ 109.291003, 19.751753 ], [ 109.290552, 19.753142 ], [ 109.292481, 19.754866 ], [ 109.300435, 19.753531 ], [ 109.301422, 19.74928 ], [ 109.306367, 19.750297 ], [ 109.306287, 19.752898 ], [ 109.303648, 19.755856 ], [ 109.303653, 19.75707 ], [ 109.311425, 19.755994 ], [ 109.313625, 19.756937 ], [ 109.312807, 19.758068 ], [ 109.306405, 19.75853 ], [ 109.304032, 19.759841 ], [ 109.3045, 19.762179 ], [ 109.308801, 19.762333 ], [ 109.308717, 19.763807 ], [ 109.307072, 19.764334 ], [ 109.306263, 19.767371 ], [ 109.306823, 19.769795 ], [ 109.307466, 19.770486 ], [ 109.311306, 19.769688 ], [ 109.311498, 19.771594 ], [ 109.316247, 19.769665 ], [ 109.314891, 19.773398 ], [ 109.315175, 19.77539 ], [ 109.318289, 19.775983 ], [ 109.322516, 19.77969 ], [ 109.317305, 19.780667 ], [ 109.31466, 19.782586 ], [ 109.313095, 19.7806 ], [ 109.310074, 19.78044 ], [ 109.306341, 19.784357 ], [ 109.304235, 19.78402 ], [ 109.302751, 19.77978 ], [ 109.301197, 19.780047 ], [ 109.294621, 19.78285 ], [ 109.291724, 19.789883 ], [ 109.28735, 19.793889 ], [ 109.279275, 19.788984 ], [ 109.276896, 19.788995 ], [ 109.274797, 19.790304 ], [ 109.274776, 19.785538 ], [ 109.272382, 19.782168 ], [ 109.270738, 19.782868 ], [ 109.269016, 19.786603 ], [ 109.268802, 19.779497 ], [ 109.268067, 19.778807 ], [ 109.265054, 19.780466 ], [ 109.264502, 19.779775 ], [ 109.268775, 19.773344 ], [ 109.269569, 19.766754 ], [ 109.269196, 19.764935 ], [ 109.265334, 19.760532 ], [ 109.263687, 19.760539 ], [ 109.262974, 19.762203 ], [ 109.264525, 19.764002 ], [ 109.263801, 19.765825 ], [ 109.265461, 19.768765 ], [ 109.261455, 19.773289 ], [ 109.259346, 19.772431 ], [ 109.256405, 19.769237 ], [ 109.252652, 19.768993 ], [ 109.253479, 19.765787 ], [ 109.251186, 19.764569 ], [ 109.252324, 19.763048 ], [ 109.250319, 19.757928 ], [ 109.244009, 19.762288 ], [ 109.242863, 19.761643 ], [ 109.242162, 19.758107 ], [ 109.240193, 19.761437 ], [ 109.238518, 19.761878 ], [ 109.234851, 19.76016 ], [ 109.235301, 19.758424 ], [ 109.234687, 19.757344 ], [ 109.233543, 19.757421 ], [ 109.229069, 19.763217 ], [ 109.229204, 19.758955 ], [ 109.227056, 19.755858 ], [ 109.228795, 19.752385 ], [ 109.227624, 19.7456 ], [ 109.224338, 19.743664 ], [ 109.214581, 19.744137 ], [ 109.215165, 19.737779 ], [ 109.216376, 19.735607 ], [ 109.216068, 19.734814 ], [ 109.213018, 19.734538 ], [ 109.212174, 19.733313 ], [ 109.213611, 19.730491 ], [ 109.212149, 19.72703 ], [ 109.209557, 19.72704 ], [ 109.206807, 19.725679 ], [ 109.203837, 19.726413 ], [ 109.19661, 19.730053 ], [ 109.192287, 19.735703 ], [ 109.191219, 19.735491 ], [ 109.190067, 19.733256 ], [ 109.182118, 19.727943 ], [ 109.182094, 19.721732 ], [ 109.18125, 19.720291 ], [ 109.173775, 19.718947 ], [ 109.17064, 19.716287 ], [ 109.172643, 19.721913 ], [ 109.177929, 19.728681 ], [ 109.176652, 19.733742 ], [ 109.178269, 19.737924 ], [ 109.177438, 19.739877 ], [ 109.175155, 19.740897 ], [ 109.174713, 19.74516 ], [ 109.170785, 19.754708 ], [ 109.1676, 19.759198 ], [ 109.163487, 19.760441 ], [ 109.162958, 19.761526 ], [ 109.165358, 19.771411 ], [ 109.163561, 19.780373 ], [ 109.160985, 19.784861 ], [ 109.164072, 19.794743 ], [ 109.169875, 19.796672 ], [ 109.176163, 19.805748 ], [ 109.183198, 19.810776 ], [ 109.200464, 19.818292 ], [ 109.203224, 19.821748 ], [ 109.203008, 19.824999 ], [ 109.20416, 19.825052 ], [ 109.206772, 19.82273 ], [ 109.207588, 19.82324 ], [ 109.206787, 19.826497 ], [ 109.209968, 19.830593 ], [ 109.210342, 19.833759 ], [ 109.207021, 19.839765 ], [ 109.209917, 19.840353 ], [ 109.217417, 19.847196 ], [ 109.219372, 19.853157 ], [ 109.224257, 19.853479 ], [ 109.228075, 19.858344 ], [ 109.230964, 19.857133 ], [ 109.231225, 19.85465 ], [ 109.233032, 19.854385 ], [ 109.23537, 19.857226 ], [ 109.240903, 19.855209 ], [ 109.249414, 19.857571 ], [ 109.256528, 19.861051 ], [ 109.259646, 19.860653 ], [ 109.259247, 19.862367 ], [ 109.255493, 19.862126 ], [ 109.259668, 19.865618 ], [ 109.258544, 19.867121 ], [ 109.256089, 19.867973 ], [ 109.254662, 19.873107 ], [ 109.259253, 19.876265 ], [ 109.26202, 19.881092 ], [ 109.262881, 19.886216 ], [ 109.260538, 19.891281 ], [ 109.262238, 19.896257 ], [ 109.261795, 19.899942 ], [ 109.266368, 19.900254 ], [ 109.268582, 19.898758 ], [ 109.270262, 19.899039 ], [ 109.275137, 19.897069 ], [ 109.282314, 19.897976 ], [ 109.281995, 19.894728 ], [ 109.283132, 19.893134 ], [ 109.288555, 19.894338 ], [ 109.290165, 19.895848 ], [ 109.288088, 19.900745 ], [ 109.28889, 19.900987 ], [ 109.288144, 19.90474 ], [ 109.290611, 19.910362 ], [ 109.296366, 19.904573 ], [ 109.298145, 19.905707 ], [ 109.296808, 19.913874 ], [ 109.301782, 19.916813 ], [ 109.305217, 19.916942 ], [ 109.307112, 19.914117 ], [ 109.309933, 19.913454 ], [ 109.308082, 19.909274 ], [ 109.312423, 19.907376 ], [ 109.312733, 19.908386 ], [ 109.310381, 19.91143 ], [ 109.313295, 19.914378 ], [ 109.315661, 19.914512 ], [ 109.317715, 19.912913 ], [ 109.317933, 19.910529 ], [ 109.320458, 19.912107 ], [ 109.32182, 19.909428 ], [ 109.323646, 19.908337 ], [ 109.32609, 19.908614 ], [ 109.326543, 19.907746 ], [ 109.3247, 19.905154 ], [ 109.325375, 19.902768 ], [ 109.320181, 19.901708 ], [ 109.316133, 19.898037 ], [ 109.316851, 19.891034 ], [ 109.326725, 19.881312 ], [ 109.33138, 19.88129 ], [ 109.332838, 19.883233 ], [ 109.337562, 19.881695 ], [ 109.340329, 19.885799 ], [ 109.347197, 19.886055 ], [ 109.347422, 19.885188 ], [ 109.344843, 19.884776 ], [ 109.344305, 19.883912 ], [ 109.345067, 19.883692 ], [ 109.348796, 19.885253 ], [ 109.353473, 19.889998 ], [ 109.357683, 19.892578 ], [ 109.358447, 19.891239 ], [ 109.355967, 19.888001 ], [ 109.356047, 19.886418 ], [ 109.357277, 19.885996 ], [ 109.360195, 19.888565 ], [ 109.365829, 19.888537 ], [ 109.369097, 19.890771 ], [ 109.372347, 19.889422 ], [ 109.373512, 19.893499 ], [ 109.374298, 19.892246 ], [ 109.37313, 19.887419 ], [ 109.375238, 19.886659 ], [ 109.374256, 19.883831 ], [ 109.37741, 19.880733 ], [ 109.379238, 19.876641 ], [ 109.380118, 19.876637 ], [ 109.381716, 19.879462 ], [ 109.378744, 19.883476 ], [ 109.379288, 19.886723 ], [ 109.376741, 19.887901 ], [ 109.377634, 19.890397 ], [ 109.379824, 19.888303 ], [ 109.381417, 19.889961 ], [ 109.383438, 19.889285 ], [ 109.384919, 19.886112 ], [ 109.386849, 19.884769 ], [ 109.390676, 19.875668 ], [ 109.393408, 19.876321 ], [ 109.395954, 19.875059 ], [ 109.398223, 19.871215 ], [ 109.401837, 19.872113 ], [ 109.402254, 19.867695 ], [ 109.404006, 19.866103 ], [ 109.40478, 19.8626 ], [ 109.407769, 19.861835 ], [ 109.410835, 19.858987 ], [ 109.412515, 19.860645 ], [ 109.416817, 19.85854 ], [ 109.419374, 19.859276 ], [ 109.41989, 19.857107 ], [ 109.418825, 19.855446 ], [ 109.413259, 19.851309 ], [ 109.413782, 19.850473 ], [ 109.416071, 19.850545 ], [ 109.418729, 19.853864 ], [ 109.418982, 19.85178 ], [ 109.417566, 19.850204 ], [ 109.418443, 19.849699 ], [ 109.426105, 19.85066 ], [ 109.430607, 19.853219 ], [ 109.430965, 19.854217 ], [ 109.430086, 19.854472 ], [ 109.426029, 19.85291 ], [ 109.422245, 19.852929 ], [ 109.420228, 19.854439 ], [ 109.421295, 19.856434 ], [ 109.430999, 19.860633 ], [ 109.434004, 19.862867 ], [ 109.438077, 19.867345 ], [ 109.44048, 19.872248 ], [ 109.439692, 19.873169 ], [ 109.440312, 19.873832 ], [ 109.446188, 19.869802 ], [ 109.44653, 19.867967 ], [ 109.44397, 19.866564 ], [ 109.444052, 19.865564 ], [ 109.45054, 19.860864 ], [ 109.452392, 19.861437 ], [ 109.4524, 19.862937 ], [ 109.450302, 19.865531 ], [ 109.452259, 19.86927 ], [ 109.457186, 19.868994 ], [ 109.4586, 19.869986 ], [ 109.462805, 19.866381 ], [ 109.461995, 19.863135 ], [ 109.467343, 19.859357 ], [ 109.462366, 19.850719 ], [ 109.458771, 19.850375 ], [ 109.458766, 19.849375 ], [ 109.461036, 19.848893 ], [ 109.461293, 19.847641 ], [ 109.459085, 19.846153 ], [ 109.458707, 19.84149 ], [ 109.460998, 19.84206 ], [ 109.460308, 19.844481 ], [ 109.461632, 19.845223 ], [ 109.465763, 19.844285 ], [ 109.464299, 19.850125 ], [ 109.465364, 19.851619 ], [ 109.470835, 19.847805 ], [ 109.470859, 19.842757 ], [ 109.47467, 19.835243 ], [ 109.473683, 19.831999 ], [ 109.469525, 19.828022 ], [ 109.46812, 19.825108 ], [ 109.470307, 19.82268 ], [ 109.473569, 19.823828 ], [ 109.47881, 19.832465 ], [ 109.481373, 19.834451 ], [ 109.480849, 19.83512 ], [ 109.478023, 19.833303 ], [ 109.479282, 19.838212 ], [ 109.483257, 19.84069 ], [ 109.508705, 19.844023 ], [ 109.523633, 19.850825 ], [ 109.529271, 19.856789 ], [ 109.531256, 19.867366 ], [ 109.532337, 19.868912 ], [ 109.535238, 19.868352 ], [ 109.535613, 19.866183 ], [ 109.533026, 19.854633 ], [ 109.534411, 19.845156 ], [ 109.527777, 19.844216 ], [ 109.524542, 19.840204 ], [ 109.519529, 19.837201 ], [ 109.519557, 19.835664 ], [ 109.526726, 19.83827 ], [ 109.531929, 19.836349 ], [ 109.536149, 19.837166 ], [ 109.541673, 19.841986 ], [ 109.544526, 19.849424 ], [ 109.547782, 19.850008 ], [ 109.549704, 19.851729 ], [ 109.550289, 19.854931 ], [ 109.551609, 19.856193 ], [ 109.552454, 19.85631 ], [ 109.553555, 19.853801 ], [ 109.555875, 19.854292 ], [ 109.559439, 19.85115 ], [ 109.56281, 19.849998 ], [ 109.564192, 19.848179 ], [ 109.5671, 19.851048 ], [ 109.56601, 19.853842 ], [ 109.566393, 19.857005 ], [ 109.565039, 19.861334 ], [ 109.56202, 19.860598 ], [ 109.561568, 19.861276 ], [ 109.56297, 19.862793 ], [ 109.56741, 19.863108 ], [ 109.5677, 19.865049 ], [ 109.56235, 19.866333 ], [ 109.55869, 19.863532 ], [ 109.555565, 19.863064 ], [ 109.548058, 19.864747 ], [ 109.543543, 19.872841 ], [ 109.540036, 19.873627 ], [ 109.537144, 19.872701 ], [ 109.533988, 19.875545 ], [ 109.532057, 19.875423 ], [ 109.526281, 19.872086 ], [ 109.527495, 19.870949 ], [ 109.527488, 19.869104 ], [ 109.522549, 19.870243 ], [ 109.52, 19.872517 ], [ 109.517802, 19.876621 ], [ 109.518266, 19.879708 ], [ 109.524963, 19.890475 ], [ 109.521567, 19.89286 ], [ 109.520461, 19.89594 ], [ 109.5155, 19.897633 ], [ 109.515008, 19.899002 ], [ 109.519826, 19.901079 ], [ 109.517864, 19.905983 ], [ 109.524453, 19.914693 ], [ 109.527469, 19.915277 ], [ 109.530011, 19.914259 ], [ 109.53185, 19.916399 ], [ 109.53036, 19.924997 ], [ 109.534205, 19.931227 ], [ 109.531453, 19.935515 ], [ 109.534061, 19.943751 ], [ 109.536106, 19.946507 ], [ 109.540074, 19.948231 ], [ 109.550721, 19.949428 ], [ 109.55662, 19.953487 ], [ 109.558022, 19.956986 ], [ 109.561407, 19.956428 ], [ 109.559826, 19.958364 ], [ 109.560665, 19.959395 ], [ 109.56356, 19.960206 ], [ 109.567041, 19.96399 ], [ 109.574275, 19.966531 ], [ 109.574391, 19.967332 ], [ 109.570167, 19.96663 ], [ 109.570985, 19.971432 ], [ 109.575627, 19.978613 ], [ 109.58099, 19.982556 ], [ 109.598197, 19.987872 ], [ 109.614251, 19.99484 ], [ 109.62209, 19.993672 ], [ 109.633327, 19.993826 ], [ 109.637986, 19.995801 ], [ 109.640765, 19.99581 ], [ 109.655216, 20.002185 ], [ 109.667814, 20.005195 ], [ 109.677313, 20.0067 ], [ 109.693423, 20.006909 ], [ 109.70244, 20.008737 ], [ 109.708233, 20.012015 ], [ 109.710959, 20.011306 ], [ 109.717921, 20.003571 ], [ 109.723225, 20.000778 ], [ 109.726522, 20.000413 ], [ 109.730428, 19.992427 ], [ 109.747554, 19.973625 ], [ 109.759431, 19.966003 ], [ 109.769344, 19.96466 ], [ 109.786491, 19.966877 ], [ 109.794109, 19.965411 ], [ 109.802712, 19.965894 ], [ 109.805009, 19.964799 ], [ 109.80537, 19.963273 ], [ 109.799213, 19.958683 ], [ 109.798631, 19.953655 ], [ 109.800815, 19.951375 ], [ 109.801797, 19.947836 ], [ 109.796242, 19.947364 ], [ 109.793803, 19.945516 ], [ 109.794049, 19.944602 ], [ 109.800235, 19.945775 ], [ 109.802296, 19.944295 ], [ 109.803169, 19.937899 ], [ 109.802231, 19.931383 ], [ 109.803332, 19.928187 ], [ 109.804048, 19.930245 ], [ 109.803566, 19.934661 ], [ 109.806789, 19.938708 ], [ 109.815829, 19.943529 ], [ 109.821094, 19.955425 ], [ 109.820604, 19.957137 ], [ 109.81806, 19.958845 ], [ 109.814893, 19.964893 ], [ 109.817015, 19.977124 ], [ 109.816526, 19.978494 ], [ 109.812967, 19.981018 ], [ 109.81162, 19.985128 ], [ 109.813594, 19.986028 ], [ 109.816978, 19.985807 ], [ 109.820854, 19.983646 ], [ 109.8252, 19.984799 ], [ 109.833319, 19.979106 ], [ 109.835632, 19.975112 ], [ 109.834591, 19.963913 ], [ 109.839204, 19.958439 ], [ 109.835833, 19.955574 ], [ 109.836451, 19.952262 ], [ 109.83791, 19.949981 ], [ 109.846506, 19.945545 ], [ 109.847114, 19.944403 ], [ 109.84476, 19.942066 ], [ 109.84074, 19.941698 ], [ 109.83684, 19.939552 ], [ 109.834744, 19.93103 ], [ 109.83709, 19.930351 ], [ 109.84108, 19.932814 ], [ 109.84383, 19.939548 ], [ 109.84548, 19.940145 ], [ 109.85729, 19.939238 ], [ 109.8623, 19.940346 ], [ 109.86311, 19.940132 ], [ 109.86243, 19.939116 ], [ 109.85854, 19.937584 ], [ 109.85741, 19.935888 ], [ 109.86481, 19.938202 ], [ 109.87005, 19.934731 ], [ 109.871255, 19.934929 ], [ 109.867274, 19.941293 ], [ 109.86382, 19.942448 ], [ 109.86331, 19.943956 ], [ 109.867754, 19.949134 ], [ 109.87294, 19.951545 ], [ 109.876305, 19.956123 ], [ 109.876171, 19.959436 ], [ 109.872394, 19.967426 ], [ 109.873238, 19.967999 ], [ 109.879411, 19.96527 ], [ 109.883751, 19.967564 ], [ 109.886754, 19.972255 ], [ 109.888163, 19.983227 ], [ 109.88707, 19.984482 ], [ 109.882962, 19.984359 ], [ 109.882355, 19.985158 ], [ 109.88415, 19.989617 ], [ 109.88862, 19.98997 ], [ 109.894681, 19.984955 ], [ 109.908938, 19.985554 ], [ 109.91545, 19.989452 ], [ 109.918352, 19.988886 ], [ 109.923559, 19.985811 ], [ 109.926215, 19.986502 ], [ 109.930065, 19.991193 ], [ 109.938393, 19.994408 ], [ 109.941661, 19.992814 ], [ 109.945179, 19.988935 ], [ 109.94556, 19.983566 ], [ 109.951743, 19.977635 ], [ 109.951995, 19.974664 ], [ 109.950433, 19.972148 ], [ 109.956859, 19.965532 ], [ 109.960023, 19.95891 ], [ 109.972378, 19.949332 ], [ 109.988943, 19.940702 ], [ 109.984808, 19.937215 ], [ 109.97679, 19.927654 ], [ 109.97112, 19.925053 ], [ 109.96394, 19.925726 ], [ 109.95985, 19.924585 ], [ 109.95699, 19.920769 ], [ 109.9579, 19.918688 ], [ 109.96192, 19.914795 ], [ 109.9641, 19.913588 ], [ 109.96785, 19.913546 ], [ 109.97375, 19.909632 ], [ 109.98035, 19.911631 ], [ 109.98534, 19.910391 ], [ 109.98624, 19.908012 ], [ 109.99029, 19.906191 ], [ 109.99266, 19.895805 ], [ 109.99488, 19.898443 ], [ 109.99334, 19.89994 ], [ 109.99462, 19.90259 ], [ 109.99683, 19.904045 ], [ 109.98978, 19.915668 ], [ 109.99139, 19.919796 ], [ 109.99392, 19.921247 ], [ 109.99521, 19.924192 ], [ 109.9946, 19.925976 ], [ 109.98927, 19.92485 ], [ 109.98589, 19.92992 ], [ 109.986096, 19.935378 ], [ 109.999859, 19.931205 ], [ 110.007826, 19.933159 ], [ 110.018561, 19.938887 ], [ 110.020859, 19.937861 ], [ 110.023506, 19.941521 ], [ 110.024582, 19.945293 ], [ 110.024086, 19.949863 ], [ 110.023356, 19.951348 ], [ 110.016465, 19.953053 ], [ 110.015857, 19.954309 ], [ 110.022733, 19.958089 ], [ 110.024535, 19.961291 ], [ 110.026465, 19.962436 ], [ 110.034199, 19.962103 ], [ 110.04047, 19.966452 ], [ 110.048918, 19.970119 ], [ 110.049746, 19.976519 ], [ 110.05143, 19.979263 ], [ 110.059878, 19.983272 ], [ 110.063382, 19.98339 ], [ 110.067244, 19.985223 ], [ 110.093823, 19.988106 ], [ 110.105176, 19.991087 ], [ 110.115437, 19.995437 ], [ 110.121708, 20.001384 ], [ 110.126275, 20.002993 ], [ 110.134663, 20.01282 ], [ 110.137326, 20.008384 ], [ 110.140951, 20.004926 ], [ 110.148484, 20.002707 ], [ 110.150989, 19.999999 ], [ 110.14517, 19.991923 ], [ 110.133732, 19.986291 ], [ 110.135304, 19.985693 ], [ 110.139911, 19.980224 ], [ 110.148626, 19.979327 ], [ 110.157301, 19.980793 ], [ 110.158343, 19.976011 ], [ 110.158945, 19.970989 ], [ 110.157613, 19.969095 ], [ 110.158334, 19.963231 ], [ 110.153806, 19.960641 ], [ 110.154357, 19.954827 ], [ 110.147245, 19.940703 ], [ 110.147396, 19.937541 ], [ 110.151333, 19.934906 ], [ 110.15542, 19.934182 ], [ 110.156181, 19.935754 ], [ 110.161191, 19.933172 ], [ 110.160269, 19.932169 ], [ 110.152996, 19.932747 ], [ 110.152084, 19.932024 ], [ 110.152535, 19.930444 ], [ 110.156933, 19.928149 ], [ 110.158136, 19.923128 ], [ 110.155561, 19.927577 ], [ 110.147546, 19.932748 ], [ 110.148027, 19.930496 ], [ 110.147016, 19.928743 ], [ 110.141156, 19.927643 ], [ 110.136909, 19.929209 ], [ 110.135267, 19.928696 ], [ 110.133475, 19.925251 ], [ 110.133766, 19.918495 ], [ 110.134947, 19.916905 ], [ 110.143681, 19.909572 ], [ 110.148599, 19.90985 ], [ 110.150413, 19.907121 ], [ 110.149511, 19.904818 ], [ 110.138423, 19.893912 ], [ 110.140696, 19.892053 ], [ 110.147368, 19.890332 ], [ 110.14813, 19.888752 ], [ 110.149492, 19.880858 ], [ 110.148581, 19.8721 ], [ 110.150104, 19.869521 ], [ 110.150094, 19.867079 ], [ 110.146458, 19.865071 ], [ 110.135832, 19.862774 ], [ 110.135671, 19.85962 ], [ 110.137804, 19.858032 ], [ 110.141419, 19.858117 ], [ 110.149874, 19.862635 ], [ 110.158279, 19.864351 ], [ 110.170082, 19.86042 ], [ 110.17971, 19.859677 ], [ 110.183087, 19.857211 ], [ 110.182636, 19.854468 ], [ 110.176664, 19.852846 ], [ 110.175262, 19.851162 ], [ 110.175563, 19.84851 ], [ 110.17922, 19.846486 ], [ 110.185602, 19.847288 ], [ 110.189699, 19.845994 ], [ 110.200458, 19.835244 ], [ 110.201369, 19.833334 ], [ 110.200158, 19.827638 ], [ 110.200519, 19.823395 ], [ 110.197975, 19.815254 ], [ 110.197725, 19.811191 ], [ 110.201502, 19.792763 ], [ 110.206801, 19.783014 ], [ 110.210736, 19.779717 ], [ 110.214531, 19.778571 ], [ 110.219077, 19.775124 ], [ 110.22272, 19.771685 ], [ 110.223931, 19.768814 ], [ 110.219978, 19.759783 ], [ 110.223161, 19.753172 ], [ 110.222701, 19.7516 ], [ 110.22164, 19.750739 ], [ 110.218798, 19.751237 ], [ 110.217185, 19.747933 ], [ 110.210197, 19.744621 ], [ 110.210137, 19.738967 ], [ 110.207343, 19.73533 ], [ 110.206252, 19.730995 ], [ 110.203088, 19.727789 ], [ 110.20425, 19.718594 ], [ 110.206303, 19.716456 ], [ 110.208426, 19.715158 ], [ 110.217978, 19.71372 ], [ 110.220701, 19.71014 ], [ 110.221012, 19.7087 ], [ 110.217358, 19.699809 ], [ 110.215987, 19.683458 ], [ 110.21825, 19.680159 ], [ 110.220233, 19.67901 ], [ 110.225537, 19.678724 ], [ 110.240394, 19.686468 ], [ 110.257623, 19.68904 ], [ 110.257373, 19.692903 ], [ 110.258592, 19.695344 ], [ 110.2636, 19.696913 ], [ 110.271023, 19.697338 ], [ 110.274449, 19.700258 ], [ 110.276597, 19.700816 ], [ 110.283468, 19.700449 ], [ 110.291406, 19.70279 ], [ 110.3007, 19.696992 ], [ 110.30592, 19.696933 ], [ 110.309882, 19.699178 ], [ 110.312028, 19.701696 ], [ 110.31514, 19.709356 ], [ 110.317864, 19.711562 ], [ 110.323243, 19.713113 ], [ 110.329678, 19.720476 ], [ 110.332822, 19.721341 ], [ 110.338609, 19.721209 ], [ 110.343928, 19.717857 ], [ 110.34766, 19.71697 ], [ 110.352789, 19.718243 ], [ 110.368781, 19.716649 ], [ 110.372574, 19.718705 ], [ 110.37469, 19.72985 ], [ 110.379245, 19.729315 ], [ 110.378316, 19.723332 ], [ 110.382242, 19.719436 ], [ 110.383601, 19.713552 ], [ 110.387217, 19.706944 ], [ 110.387966, 19.706373 ], [ 110.391912, 19.708512 ], [ 110.393422, 19.706651 ], [ 110.393912, 19.703859 ], [ 110.38561, 19.694317 ], [ 110.37666, 19.689731 ], [ 110.374673, 19.683709 ], [ 110.375122, 19.678395 ], [ 110.369811, 19.672369 ], [ 110.368134, 19.665055 ], [ 110.363881, 19.660468 ], [ 110.363732, 19.658037 ], [ 110.368255, 19.648566 ], [ 110.369014, 19.647985 ], [ 110.374475, 19.650138 ], [ 110.375833, 19.648416 ], [ 110.379, 19.632014 ], [ 110.37976, 19.630873 ], [ 110.385053, 19.629428 ], [ 110.386112, 19.627986 ], [ 110.388351, 19.615067 ], [ 110.390768, 19.611904 ], [ 110.396056, 19.608731 ], [ 110.407081, 19.611122 ], [ 110.413313, 19.609574 ], [ 110.416803, 19.610706 ], [ 110.419214, 19.609547 ], [ 110.419904, 19.608576 ], [ 110.414524, 19.597477 ], [ 110.415874, 19.592886 ], [ 110.419225, 19.587345 ], [ 110.424118, 19.584258 ], [ 110.428512, 19.583032 ], [ 110.432677, 19.579495 ], [ 110.439384, 19.579255 ], [ 110.447838, 19.575068 ], [ 110.451254, 19.576235 ], [ 110.452706, 19.58087 ], [ 110.452606, 19.586423 ], [ 110.453247, 19.587896 ], [ 110.455282, 19.588441 ], [ 110.460332, 19.588073 ], [ 110.467137, 19.585467 ], [ 110.471597, 19.585519 ], [ 110.473262, 19.586524 ], [ 110.476761, 19.592537 ], [ 110.482515, 19.594104 ], [ 110.489634, 19.591934 ], [ 110.493876, 19.588315 ], [ 110.500966, 19.588106 ], [ 110.504315, 19.572638 ], [ 110.511675, 19.567547 ], [ 110.513941, 19.564533 ], [ 110.520579, 19.557208 ], [ 110.523005, 19.558926 ], [ 110.523927, 19.565091 ], [ 110.536185, 19.561061 ], [ 110.537849, 19.561205 ], [ 110.543309, 19.56492 ], [ 110.545805, 19.565187 ], [ 110.542369, 19.552302 ], [ 110.53796, 19.544417 ], [ 110.537348, 19.541845 ], [ 110.538241, 19.537965 ], [ 110.54778, 19.537377 ], [ 110.550504, 19.535372 ], [ 110.55412, 19.530346 ], [ 110.561681, 19.526609 ], [ 110.570758, 19.52674 ], [ 110.592564, 19.531289 ], [ 110.598312, 19.528848 ], [ 110.604817, 19.528407 ], [ 110.61149, 19.534707 ], [ 110.61831, 19.533681 ], [ 110.627246, 19.536104 ], [ 110.631038, 19.540551 ], [ 110.634491, 19.542337 ], [ 110.637136, 19.551008 ], [ 110.63473, 19.557455 ], [ 110.635058, 19.565488 ], [ 110.632643, 19.567512 ], [ 110.629649, 19.57511 ], [ 110.630976, 19.580201 ], [ 110.631414, 19.594568 ], [ 110.636953, 19.600283 ], [ 110.6386, 19.604984 ], [ 110.643189, 19.607959 ], [ 110.645832, 19.615188 ], [ 110.650052, 19.620074 ], [ 110.650501, 19.623034 ], [ 110.648845, 19.6273 ], [ 110.650581, 19.630789 ], [ 110.65065, 19.635541 ], [ 110.652475, 19.637399 ], [ 110.651887, 19.640993 ], [ 110.657793, 19.642263 ], [ 110.664255, 19.647764 ], [ 110.659717, 19.649774 ], [ 110.655328, 19.648782 ], [ 110.653054, 19.649786 ], [ 110.6504, 19.653483 ], [ 110.648784, 19.653866 ], [ 110.640414, 19.65463 ], [ 110.632919, 19.653269 ], [ 110.623586, 19.660604 ], [ 110.619342, 19.666081 ], [ 110.62043, 19.668962 ], [ 110.62033, 19.675407 ], [ 110.617553, 19.684195 ], [ 110.618093, 19.687246 ], [ 110.621308, 19.690475 ], [ 110.620738, 19.696569 ], [ 110.618471, 19.697652 ], [ 110.609434, 19.697208 ], [ 110.607465, 19.699211 ], [ 110.607925, 19.700642 ], [ 110.611112, 19.702792 ], [ 110.61943, 19.704226 ], [ 110.622785, 19.707776 ], [ 110.629274, 19.706658 ], [ 110.636849, 19.708219 ], [ 110.64099, 19.707743 ], [ 110.641788, 19.710033 ], [ 110.6453, 19.711828 ], [ 110.643285, 19.715935 ], [ 110.647543, 19.72094 ], [ 110.64467, 19.722667 ], [ 110.632716, 19.725856 ], [ 110.626957, 19.728445 ], [ 110.621815, 19.732763 ], [ 110.622923, 19.744091 ], [ 110.621864, 19.745232 ], [ 110.62976, 19.749376 ], [ 110.634021, 19.753103 ], [ 110.637833, 19.761704 ], [ 110.644239, 19.771162 ], [ 110.644399, 19.774314 ], [ 110.641685, 19.779922 ], [ 110.643061, 19.782211 ], [ 110.646243, 19.783637 ], [ 110.646861, 19.785217 ], [ 110.644737, 19.785941 ], [ 110.635647, 19.784944 ], [ 110.629279, 19.786683 ], [ 110.628231, 19.789126 ], [ 110.629588, 19.790275 ], [ 110.634139, 19.789829 ], [ 110.640956, 19.787518 ], [ 110.641115, 19.789379 ], [ 110.639907, 19.791252 ], [ 110.644187, 19.793077 ], [ 110.643569, 19.798923 ], [ 110.644487, 19.801644 ], [ 110.650402, 19.804916 ], [ 110.652387, 19.807495 ], [ 110.66319, 19.809987 ], [ 110.666032, 19.814885 ], [ 110.667069, 19.814403 ], [ 110.668356, 19.808726 ], [ 110.670521, 19.80635 ], [ 110.680574, 19.801658 ], [ 110.685272, 19.801359 ], [ 110.693162, 19.802626 ], [ 110.699247, 19.806919 ], [ 110.70184, 19.811218 ], [ 110.699297, 19.82213 ], [ 110.693889, 19.833329 ], [ 110.695256, 19.836489 ], [ 110.704693, 19.843639 ], [ 110.703824, 19.853547 ], [ 110.702457, 19.855271 ], [ 110.694287, 19.858717 ], [ 110.688551, 19.866054 ], [ 110.685369, 19.866059 ], [ 110.682327, 19.864493 ], [ 110.679295, 19.86535 ], [ 110.677011, 19.862782 ], [ 110.673969, 19.861637 ], [ 110.670498, 19.863655 ], [ 110.663556, 19.875137 ], [ 110.663566, 19.876578 ], [ 110.665241, 19.877865 ], [ 110.671305, 19.878295 ], [ 110.676032, 19.884881 ], [ 110.676052, 19.890906 ], [ 110.667604, 19.901821 ], [ 110.668072, 19.903841 ], [ 110.674306, 19.910705 ], [ 110.674335, 19.916019 ], [ 110.670994, 19.916596 ], [ 110.666586, 19.915313 ], [ 110.663863, 19.915609 ], [ 110.662665, 19.919774 ], [ 110.6486, 19.931279 ], [ 110.641457, 19.92958 ], [ 110.639182, 19.930734 ], [ 110.637226, 19.93532 ], [ 110.640878, 19.937326 ], [ 110.642265, 19.94421 ], [ 110.639111, 19.952682 ], [ 110.628821, 19.960162 ], [ 110.629459, 19.968488 ], [ 110.61976, 19.972986 ], [ 110.622067, 19.973632 ], [ 110.621463, 19.974548 ], [ 110.617838, 19.974555 ], [ 110.614093, 19.976391 ], [ 110.610623, 19.980423 ], [ 110.609989, 19.983713 ], [ 110.611684, 19.987367 ], [ 110.608546, 19.993658 ], [ 110.609055, 20.0 ], [ 110.607802, 20.003514 ], [ 110.60941, 20.008581 ], [ 110.602404, 20.01258 ], [ 110.60286, 20.01866 ], [ 110.598945, 20.024044 ], [ 110.593414, 20.024763 ], [ 110.58778, 20.0224 ], [ 110.585375, 20.023581 ], [ 110.582688, 20.023332 ], [ 110.580471, 20.020219 ], [ 110.57707, 20.019585 ], [ 110.57525, 20.021519 ], [ 110.574861, 20.028635 ], [ 110.573771, 20.031371 ], [ 110.568425, 20.037313 ], [ 110.568791, 20.042256 ], [ 110.574943, 20.052032 ], [ 110.57325, 20.053753 ], [ 110.574528, 20.061833 ], [ 110.572522, 20.073969 ], [ 110.575109, 20.084516 ], [ 110.572445, 20.089601 ], [ 110.572658, 20.091097 ], [ 110.576259, 20.095115 ], [ 110.592477, 20.100967 ], [ 110.596363, 20.107066 ], [ 110.596106, 20.1111 ], [ 110.60706, 20.110663 ], [ 110.623855, 20.106687 ], [ 110.639281, 20.104731 ], [ 110.645286, 20.106916 ], [ 110.656707, 20.117273 ], [ 110.657618, 20.120326 ], [ 110.661704, 20.124276 ], [ 110.661992, 20.126747 ], [ 110.668901, 20.130228 ], [ 110.674156, 20.134916 ], [ 110.675629, 20.138848 ], [ 110.673559, 20.151999 ], [ 110.681301, 20.156257 ], [ 110.682479, 20.157552 ], [ 110.682683, 20.15991 ], [ 110.684979, 20.161183 ], [ 110.689798, 20.159989 ], [ 110.688599, 20.154595 ], [ 110.690238, 20.151595 ], [ 110.69083, 20.146193 ], [ 110.700752, 20.132353 ], [ 110.702331, 20.118098 ], [ 110.704693, 20.108589 ] ] ] ] } },
{ "type": "Feature", "properties": { "fid": 337, "CityCode": 7100 }, "geometry": { "type": "MultiPolygon", "coordinates": [ [ [ [ 120.81985, 21.755539 ], [ 120.81848, 21.754276 ], [ 120.81599, 21.754538 ], [ 120.8149, 21.755606 ], [ 120.81553, 21.756811 ], [ 120.81743, 21.757654 ], [ 120.81895, 21.757315 ], [ 120.81985, 21.755539 ] ] ], [ [ [ 120.8177, 21.762753 ], [ 120.81601, 21.762388 ], [ 120.81516, 21.763474 ], [ 120.81557, 21.76495 ], [ 120.81596, 21.765615 ], [ 120.81895, 21.76539 ], [ 120.81862, 21.763519 ], [ 120.8177, 21.762753 ] ] ], [ [ [ 121.52726, 22.084688 ], [ 121.54897, 22.084234 ], [ 121.56087, 22.087553 ], [ 121.56322, 22.078352 ], [ 121.56825, 22.065224 ], [ 121.56081, 22.061861 ], [ 121.55775, 22.053635 ], [ 121.56158, 22.044418 ], [ 121.57826, 22.035297 ], [ 121.59789, 22.025913 ], [ 121.59581, 22.017218 ], [ 121.5873, 22.006756 ], [ 121.57323, 22.006905 ], [ 121.56728, 22.004444 ], [ 121.55972, 22.011864 ], [ 121.55268, 22.021572 ], [ 121.54386, 22.027399 ], [ 121.52855, 22.02618 ], [ 121.51636, 22.038692 ], [ 121.50507, 22.043798 ], [ 121.49898, 22.051027 ], [ 121.49986, 22.061842 ], [ 121.49822, 22.071451 ], [ 121.48773, 22.082338 ], [ 121.49401, 22.091909 ], [ 121.51124, 22.086687 ], [ 121.52726, 22.084688 ] ] ], [ [ [ 120.35322, 22.327549 ], [ 120.34531, 22.327528 ], [ 120.34184, 22.329128 ], [ 120.34429, 22.334883 ], [ 120.34823, 22.34087 ], [ 120.35068, 22.347313 ], [ 120.35314, 22.351355 ], [ 120.35981, 22.353775 ], [ 120.36599, 22.355398 ], [ 120.37119, 22.353113 ], [ 120.37392, 22.349672 ], [ 120.3727, 22.34553 ], [ 120.36655, 22.337929 ], [ 120.36038, 22.331705 ], [ 120.35322, 22.327549 ] ] ], [ [ [ 121.48074, 22.685665 ], [ 121.49061, 22.681896 ], [ 121.50277, 22.68338 ], [ 121.49972, 22.67676 ], [ 121.50259, 22.667786 ], [ 121.49878, 22.659796 ], [ 121.50168, 22.653116 ], [ 121.49248, 22.650227 ], [ 121.49678, 22.636652 ], [ 121.48364, 22.636095 ], [ 121.48098, 22.641855 ], [ 121.47708, 22.647629 ], [ 121.4632, 22.647764 ], [ 121.46427, 22.654406 ], [ 121.46607, 22.660582 ], [ 121.45849, 22.6696 ], [ 121.45363, 22.677904 ], [ 121.45716, 22.683834 ], [ 121.46803, 22.684938 ], [ 121.48074, 22.685665 ] ] ], [ [ [ 120.04269, 23.061726 ], [ 120.04046, 23.061232 ], [ 120.03871, 23.061663 ], [ 120.03845, 23.062349 ], [ 120.03817, 23.063953 ], [ 120.03864, 23.065571 ], [ 120.03887, 23.066265 ], [ 120.03936, 23.066961 ], [ 120.04009, 23.067434 ], [ 120.04157, 23.068146 ], [ 120.04333, 23.067484 ], [ 120.04359, 23.066568 ], [ 120.04436, 23.064972 ], [ 120.04438, 23.064053 ], [ 120.0444, 23.063362 ], [ 120.04366, 23.062662 ], [ 120.04317, 23.062195 ], [ 120.04269, 23.061726 ] ] ], [ [ [ 120.03805, 23.070621 ], [ 120.03582, 23.069895 ], [ 120.03407, 23.070789 ], [ 120.03406, 23.071478 ], [ 120.03473, 23.075397 ], [ 120.03545, 23.076559 ], [ 120.03592, 23.077946 ], [ 120.03711, 23.080721 ], [ 120.0376, 23.081421 ], [ 120.03808, 23.082117 ], [ 120.03857, 23.082813 ], [ 120.04063, 23.084246 ], [ 120.04112, 23.083664 ], [ 120.04179, 23.082865 ], [ 120.04205, 23.08218 ], [ 120.04208, 23.081259 ], [ 120.04292, 23.076216 ], [ 120.04293, 23.075296 ], [ 120.04272, 23.073223 ], [ 120.04076, 23.071352 ], [ 120.03978, 23.071108 ], [ 120.03805, 23.070621 ] ] ], [ [ [ 120.02729, 23.076002 ], [ 120.02556, 23.074385 ], [ 120.02453, 23.079437 ], [ 120.02847, 23.087269 ], [ 120.0309, 23.096245 ], [ 120.02931, 23.112556 ], [ 120.02978, 23.118534 ], [ 120.03423, 23.124069 ], [ 120.03942, 23.128231 ], [ 120.04464, 23.129633 ], [ 120.04938, 23.128735 ], [ 120.05032, 23.128197 ], [ 120.04368, 23.124342 ], [ 120.03773, 23.11949 ], [ 120.03477, 23.114649 ], [ 120.03558, 23.10454 ], [ 120.03687, 23.0965 ], [ 120.03691, 23.089605 ], [ 120.03568, 23.086382 ], [ 120.03297, 23.082462 ], [ 120.02729, 23.076002 ] ] ], [ [ [ 121.41273, 23.129583 ], [ 121.40949, 23.12957 ], [ 121.41012, 23.131001 ], [ 121.41293, 23.133059 ], [ 121.41534, 23.133932 ], [ 121.41856, 23.134176 ], [ 121.41875, 23.132113 ], [ 121.41542, 23.130247 ], [ 121.41273, 23.129583 ] ] ], [ [ [ 120.04634, 23.137455 ], [ 120.04261, 23.137209 ], [ 120.04136, 23.138351 ], [ 120.04382, 23.143419 ], [ 120.04727, 23.149179 ], [ 120.04973, 23.154707 ], [ 120.04971, 23.157236 ], [ 120.05019, 23.160227 ], [ 120.05116, 23.164597 ], [ 120.05166, 23.165518 ], [ 120.05315, 23.165525 ], [ 120.05516, 23.162086 ], [ 120.05446, 23.154268 ], [ 120.05177, 23.145752 ], [ 120.05079, 23.141842 ], [ 120.04932, 23.139536 ], [ 120.04634, 23.137455 ] ] ], [ [ [ 120.06177, 23.18119 ], [ 120.05979, 23.179344 ], [ 120.0568, 23.180019 ], [ 120.05777, 23.184851 ], [ 120.05998, 23.189686 ], [ 120.06194, 23.194523 ], [ 120.06317, 23.198435 ], [ 120.06738, 23.2019 ], [ 120.06815, 23.199146 ], [ 120.06593, 23.19454 ], [ 120.06349, 23.185106 ], [ 120.06177, 23.18119 ] ] ], [ [ [ 119.42805, 23.183426 ], [ 119.42532, 23.183386 ], [ 119.42354, 23.185654 ], [ 119.4222, 23.190914 ], [ 119.42235, 23.196657 ], [ 119.41075, 23.205896 ], [ 119.4159, 23.210106 ], [ 119.43546, 23.213844 ], [ 119.44241, 23.214407 ], [ 119.44444, 23.212141 ], [ 119.44501, 23.208477 ], [ 119.44189, 23.20223 ], [ 119.44169, 23.199015 ], [ 119.44475, 23.194696 ], [ 119.43758, 23.192524 ], [ 119.43195, 23.188076 ], [ 119.42805, 23.183426 ] ] ], [ [ [ 120.07156, 23.211571 ], [ 120.06908, 23.208572 ], [ 120.06783, 23.209717 ], [ 120.06756, 23.215462 ], [ 120.06852, 23.220751 ], [ 120.0727, 23.230421 ], [ 120.07518, 23.232962 ], [ 120.07741, 23.23435 ], [ 120.07768, 23.229753 ], [ 120.07597, 23.22377 ], [ 120.07351, 23.219624 ], [ 120.07156, 23.211571 ] ] ], [ [ [ 119.61605, 23.246944 ], [ 119.61459, 23.246456 ], [ 119.61326, 23.247454 ], [ 119.6132, 23.248619 ], [ 119.61385, 23.249567 ], [ 119.61572, 23.249535 ], [ 119.61662, 23.248137 ], [ 119.61605, 23.246944 ] ] ], [ [ [ 120.08257, 23.243284 ], [ 120.08084, 23.243029 ], [ 120.07928, 23.246452 ], [ 120.07927, 23.247143 ], [ 120.07895, 23.251045 ], [ 120.07865, 23.253798 ], [ 120.07887, 23.254951 ], [ 120.07959, 23.256802 ], [ 120.07983, 23.257496 ], [ 120.0808, 23.25843 ], [ 120.08129, 23.258898 ], [ 120.08228, 23.259373 ], [ 120.08329, 23.258698 ], [ 120.08334, 23.25548 ], [ 120.08311, 23.254559 ], [ 120.08263, 23.25363 ], [ 120.0817, 23.250168 ], [ 120.08171, 23.249477 ], [ 120.08228, 23.245579 ], [ 120.08257, 23.243284 ] ] ], [ [ [ 119.52197, 23.257591 ], [ 119.51044, 23.24847 ], [ 119.51063, 23.251688 ], [ 119.51257, 23.254471 ], [ 119.51819, 23.260292 ], [ 119.52197, 23.257591 ] ] ], [ [ [ 119.67057, 23.245895 ], [ 119.66885, 23.244955 ], [ 119.66782, 23.247236 ], [ 119.66825, 23.251146 ], [ 119.66789, 23.258028 ], [ 119.66959, 23.260576 ], [ 119.67334, 23.259708 ], [ 119.6766, 23.257917 ], [ 119.68113, 23.254305 ], [ 119.67992, 23.25268 ], [ 119.67474, 23.249855 ], [ 119.67057, 23.245895 ] ] ], [ [ [ 119.50996, 23.262009 ], [ 119.507, 23.26059 ], [ 119.50512, 23.268597 ], [ 119.50833, 23.269562 ], [ 119.50996, 23.262009 ] ] ], [ [ [ 120.08473, 23.261269 ], [ 120.081, 23.260794 ], [ 120.07948, 23.265844 ], [ 120.07993, 23.273661 ], [ 120.08112, 23.283777 ], [ 120.08209, 23.289066 ], [ 120.08405, 23.29505 ], [ 120.08604, 23.297358 ], [ 120.08901, 23.299437 ], [ 120.09001, 23.299442 ], [ 120.09005, 23.291168 ], [ 120.08861, 23.28174 ], [ 120.08739, 23.275299 ], [ 120.08718, 23.269323 ], [ 120.08721, 23.263578 ], [ 120.08473, 23.261269 ] ] ], [ [ [ 119.34924, 23.298336 ], [ 119.34772, 23.297726 ], [ 119.34603, 23.298285 ], [ 119.34525, 23.298885 ], [ 119.34483, 23.299599 ], [ 119.34563, 23.301289 ], [ 119.34811, 23.301275 ], [ 119.34964, 23.299755 ], [ 119.34924, 23.298336 ] ] ], [ [ [ 119.33974, 23.309801 ], [ 119.33824, 23.309351 ], [ 119.33639, 23.309935 ], [ 119.33585, 23.310991 ], [ 119.33578, 23.311657 ], [ 119.33638, 23.313211 ], [ 119.33743, 23.314215 ], [ 119.33929, 23.313631 ], [ 119.34052, 23.311333 ], [ 119.33974, 23.309801 ] ] ], [ [ [ 119.31907, 23.31805 ], [ 119.31753, 23.31728 ], [ 119.31647, 23.318409 ], [ 119.31655, 23.320036 ], [ 119.31802, 23.32147 ], [ 119.31953, 23.320936 ], [ 119.31997, 23.319237 ], [ 119.31907, 23.31805 ] ] ], [ [ [ 120.10464, 23.301538 ], [ 120.10071, 23.300613 ], [ 120.09824, 23.303009 ], [ 120.09988, 23.306522 ], [ 120.10019, 23.308353 ], [ 120.10125, 23.311766 ], [ 120.10184, 23.313677 ], [ 120.10271, 23.315548 ], [ 120.10274, 23.317362 ], [ 120.10477, 23.320351 ], [ 120.10615, 23.322495 ], [ 120.10711, 23.325171 ], [ 120.10818, 23.325483 ], [ 120.10975, 23.325726 ], [ 120.11217, 23.32209 ], [ 120.11197, 23.317898 ], [ 120.11142, 23.314695 ], [ 120.10999, 23.309275 ], [ 120.10765, 23.304455 ], [ 120.10464, 23.301538 ] ] ], [ [ [ 119.52899, 23.356644 ], [ 119.5273, 23.353634 ], [ 119.51808, 23.35442 ], [ 119.52197, 23.359526 ], [ 119.52469, 23.360943 ], [ 119.52812, 23.363977 ], [ 119.53555, 23.36615 ], [ 119.54151, 23.366693 ], [ 119.54402, 23.365353 ], [ 119.54233, 23.362576 ], [ 119.53587, 23.362251 ], [ 119.52845, 23.35939 ], [ 119.52899, 23.356644 ] ] ], [ [ [ 119.5137, 23.363081 ], [ 119.50816, 23.352898 ], [ 119.50436, 23.356516 ], [ 119.49619, 23.354561 ], [ 119.4902, 23.355162 ], [ 119.49261, 23.35956 ], [ 119.49506, 23.36212 ], [ 119.49319, 23.36944 ], [ 119.49285, 23.375174 ], [ 119.49177, 23.379978 ], [ 119.49268, 23.385042 ], [ 119.48832, 23.392326 ], [ 119.49281, 23.392162 ], [ 119.49555, 23.391514 ], [ 119.508, 23.391466 ], [ 119.50882, 23.386885 ], [ 119.51063, 23.383238 ], [ 119.50974, 23.376799 ], [ 119.50854, 23.373795 ], [ 119.50959, 23.371056 ], [ 119.51632, 23.370235 ], [ 119.51712, 23.367033 ], [ 119.5137, 23.363081 ] ] ], [ [ [ 119.3253, 23.393303 ], [ 119.32132, 23.393242 ], [ 119.32029, 23.395061 ], [ 119.32097, 23.398746 ], [ 119.3269, 23.401133 ], [ 119.33338, 23.400547 ], [ 119.33318, 23.398247 ], [ 119.33048, 23.395679 ], [ 119.3253, 23.393303 ] ] ], [ [ [ 119.53898, 23.487411 ], [ 119.52042, 23.480488 ], [ 119.51472, 23.479027 ], [ 119.51072, 23.480118 ], [ 119.50919, 23.481932 ], [ 119.50986, 23.486303 ], [ 119.51409, 23.486824 ], [ 119.51833, 23.486197 ], [ 119.52159, 23.485096 ], [ 119.52355, 23.486502 ], [ 119.52795, 23.491385 ], [ 119.53118, 23.49235 ], [ 119.54262, 23.493431 ], [ 119.54316, 23.490685 ], [ 119.54219, 23.489065 ], [ 119.53898, 23.487411 ] ] ], [ [ [ 119.52065, 23.502769 ], [ 119.51871, 23.502192 ], [ 119.51701, 23.502995 ], [ 119.51698, 23.504696 ], [ 119.51736, 23.506058 ], [ 119.51876, 23.507135 ], [ 119.52067, 23.506588 ], [ 119.52155, 23.504484 ], [ 119.52065, 23.502769 ] ] ], [ [ [ 120.13587, 23.529148 ], [ 120.13414, 23.528662 ], [ 120.13338, 23.528879 ], [ 120.13062, 23.530218 ], [ 120.12857, 23.533175 ], [ 120.12777, 23.535921 ], [ 120.12799, 23.537533 ], [ 120.12923, 23.53824 ], [ 120.13245, 23.539209 ], [ 120.1332, 23.538761 ], [ 120.13396, 23.538313 ], [ 120.13573, 23.53673 ], [ 120.13599, 23.536045 ], [ 120.13728, 23.533997 ], [ 120.13807, 23.531708 ], [ 120.13783, 23.531015 ], [ 120.13686, 23.529621 ], [ 120.13587, 23.529148 ] ] ], [ [ [ 120.07024, 23.540651 ], [ 120.06454, 23.534422 ], [ 120.05958, 23.529575 ], [ 120.05462, 23.524269 ], [ 120.04718, 23.515965 ], [ 120.0442, 23.514572 ], [ 120.04369, 23.516638 ], [ 120.04937, 23.526314 ], [ 120.05309, 23.529778 ], [ 120.05631, 23.534157 ], [ 120.05978, 23.538078 ], [ 120.06177, 23.539696 ], [ 120.06351, 23.540623 ], [ 120.06825, 23.540184 ], [ 120.07024, 23.540651 ] ] ], [ [ [ 120.00529, 23.469814 ], [ 120.0043, 23.46912 ], [ 120.00179, 23.472095 ], [ 120.00247, 23.48267 ], [ 120.00518, 23.488657 ], [ 120.01484, 23.500881 ], [ 120.02079, 23.506882 ], [ 120.02475, 23.511955 ], [ 120.03094, 23.519108 ], [ 120.03465, 23.524639 ], [ 120.0396, 23.531555 ], [ 120.04655, 23.539171 ], [ 120.05002, 23.543779 ], [ 120.05325, 23.546553 ], [ 120.05573, 23.547483 ], [ 120.05699, 23.54542 ], [ 120.05105, 23.53758 ], [ 120.0389, 23.523739 ], [ 120.02777, 23.506914 ], [ 120.02482, 23.500237 ], [ 120.02409, 23.496098 ], [ 120.02039, 23.491024 ], [ 120.01666, 23.487791 ], [ 120.01319, 23.483639 ], [ 120.01072, 23.479721 ], [ 120.009, 23.476265 ], [ 120.00802, 23.473272 ], [ 120.00529, 23.469814 ] ] ], [ [ [ 120.10662, 23.574215 ], [ 120.1044, 23.573032 ], [ 120.1029, 23.573238 ], [ 120.10264, 23.573925 ], [ 120.10237, 23.574612 ], [ 120.10235, 23.57576 ], [ 120.10307, 23.57715 ], [ 120.10355, 23.578537 ], [ 120.10451, 23.58062 ], [ 120.10499, 23.581547 ], [ 120.10597, 23.582481 ], [ 120.1067, 23.583181 ], [ 120.10745, 23.583193 ], [ 120.10845, 23.583208 ], [ 120.10947, 23.581614 ], [ 120.1095, 23.580696 ], [ 120.1095, 23.580008 ], [ 120.1088, 23.577467 ], [ 120.10857, 23.576775 ], [ 120.10809, 23.575848 ], [ 120.10711, 23.574913 ], [ 120.10662, 23.574215 ] ] ], [ [ [ 119.67863, 23.619734 ], [ 119.67754, 23.619484 ], [ 119.67654, 23.620348 ], [ 119.67648, 23.621002 ], [ 119.67736, 23.622084 ], [ 119.67857, 23.621511 ], [ 119.67914, 23.620707 ], [ 119.67863, 23.619734 ] ] ], [ [ [ 119.52358, 23.602427 ], [ 119.51881, 23.590191 ], [ 119.51408, 23.575432 ], [ 119.5134, 23.57106 ], [ 119.51641, 23.569727 ], [ 119.51845, 23.56723 ], [ 119.51625, 23.564445 ], [ 119.5115, 23.565754 ], [ 119.50076, 23.566746 ], [ 119.49905, 23.564655 ], [ 119.49165, 23.560644 ], [ 119.4862, 23.558958 ], [ 119.48248, 23.558443 ], [ 119.47901, 23.556787 ], [ 119.47306, 23.555092 ], [ 119.47374, 23.559235 ], [ 119.47562, 23.565229 ], [ 119.47855, 23.569405 ], [ 119.48349, 23.571543 ], [ 119.48997, 23.571409 ], [ 119.49323, 23.57008 ], [ 119.50619, 23.584959 ], [ 119.50233, 23.591789 ], [ 119.50124, 23.597282 ], [ 119.50367, 23.600761 ], [ 119.50896, 23.597395 ], [ 119.5114, 23.600872 ], [ 119.5118, 23.606617 ], [ 119.51071, 23.61165 ], [ 119.50433, 23.620281 ], [ 119.505, 23.624882 ], [ 119.50739, 23.631115 ], [ 119.51395, 23.641079 ], [ 119.51791, 23.642513 ], [ 119.52762, 23.643803 ], [ 119.53561, 23.643227 ], [ 119.54263, 23.640802 ], [ 119.5454, 23.638548 ], [ 119.54495, 23.635557 ], [ 119.54029, 23.631357 ], [ 119.53586, 23.628311 ], [ 119.52442, 23.62631 ], [ 119.52524, 23.622419 ], [ 119.52462, 23.614838 ], [ 119.52473, 23.60795 ], [ 119.52358, 23.602427 ] ] ], [ [ [ 120.13053, 23.644453 ], [ 120.12907, 23.642822 ], [ 120.12681, 23.643478 ], [ 120.12579, 23.644152 ], [ 120.12423, 23.647804 ], [ 120.12315, 23.652386 ], [ 120.12312, 23.654453 ], [ 120.12284, 23.6556 ], [ 120.12331, 23.657215 ], [ 120.12354, 23.658367 ], [ 120.12489, 23.660429 ], [ 120.12675, 23.660255 ], [ 120.12908, 23.655693 ], [ 120.12965, 23.651564 ], [ 120.12991, 23.650879 ], [ 120.12968, 23.649956 ], [ 120.13048, 23.64744 ], [ 120.13053, 23.644453 ] ] ], [ [ [ 119.6645, 23.658337 ], [ 119.66251, 23.658079 ], [ 119.65524, 23.660736 ], [ 119.65294, 23.663918 ], [ 119.65691, 23.66535 ], [ 119.66518, 23.662477 ], [ 119.6645, 23.658337 ] ] ], [ [ [ 119.60654, 23.665344 ], [ 119.61961, 23.643263 ], [ 119.61613, 23.642984 ], [ 119.61033, 23.647034 ], [ 119.60993, 23.640833 ], [ 119.60661, 23.630917 ], [ 119.61382, 23.631704 ], [ 119.61592, 23.625076 ], [ 119.61246, 23.623652 ], [ 119.61575, 23.620483 ], [ 119.61949, 23.605156 ], [ 119.62202, 23.602436 ], [ 119.62654, 23.600662 ], [ 119.62936, 23.595652 ], [ 119.62853, 23.585312 ], [ 119.62839, 23.578882 ], [ 119.62893, 23.576365 ], [ 119.63092, 23.57662 ], [ 119.63388, 23.578499 ], [ 119.63528, 23.584255 ], [ 119.6384, 23.591187 ], [ 119.63932, 23.596247 ], [ 119.64155, 23.597425 ], [ 119.64762, 23.59177 ], [ 119.65123, 23.599394 ], [ 119.65392, 23.602873 ], [ 119.65687, 23.60544 ], [ 119.65914, 23.603634 ], [ 119.663, 23.596111 ], [ 119.67091, 23.584282 ], [ 119.67238, 23.586367 ], [ 119.67401, 23.593275 ], [ 119.67548, 23.594902 ], [ 119.67905, 23.589672 ], [ 119.68523, 23.577129 ], [ 119.68916, 23.565016 ], [ 119.69576, 23.557529 ], [ 119.69704, 23.554562 ], [ 119.69109, 23.553104 ], [ 119.68684, 23.553738 ], [ 119.68306, 23.556671 ], [ 119.67925, 23.561211 ], [ 119.67381, 23.558842 ], [ 119.66734, 23.558065 ], [ 119.64941, 23.558052 ], [ 119.64739, 23.559172 ], [ 119.64156, 23.550138 ], [ 119.63811, 23.547796 ], [ 119.62749, 23.542141 ], [ 119.62556, 23.538441 ], [ 119.62488, 23.534531 ], [ 119.616, 23.528667 ], [ 119.61011, 23.523537 ], [ 119.60914, 23.521687 ], [ 119.60892, 23.519619 ], [ 119.61298, 23.515312 ], [ 119.61231, 23.510712 ], [ 119.60611, 23.509249 ], [ 119.58049, 23.507053 ], [ 119.57674, 23.50769 ], [ 119.57412, 23.515688 ], [ 119.57056, 23.520227 ], [ 119.55904, 23.523737 ], [ 119.55275, 23.527552 ], [ 119.55169, 23.531437 ], [ 119.54317, 23.53476 ], [ 119.54162, 23.537722 ], [ 119.54622, 23.545591 ], [ 119.55038, 23.550472 ], [ 119.55309, 23.552347 ], [ 119.55439, 23.548464 ], [ 119.55447, 23.544104 ], [ 119.5558, 23.538843 ], [ 119.55789, 23.532675 ], [ 119.55993, 23.530178 ], [ 119.56243, 23.529526 ], [ 119.56689, 23.531425 ], [ 119.57034, 23.533768 ], [ 119.57211, 23.531498 ], [ 119.57445, 23.525791 ], [ 119.57674, 23.523069 ], [ 119.579, 23.521725 ], [ 119.58097, 23.523129 ], [ 119.58464, 23.527313 ], [ 119.59662, 23.525875 ], [ 119.59936, 23.526142 ], [ 119.60246, 23.534679 ], [ 119.60899, 23.546476 ], [ 119.59676, 23.547455 ], [ 119.57961, 23.545147 ], [ 119.57285, 23.546888 ], [ 119.56656, 23.550932 ], [ 119.57101, 23.552832 ], [ 119.57722, 23.554296 ], [ 119.5779, 23.558437 ], [ 119.57166, 23.559267 ], [ 119.56593, 23.558498 ], [ 119.56017, 23.560482 ], [ 119.56696, 23.571367 ], [ 119.56863, 23.576441 ], [ 119.56803, 23.582172 ], [ 119.56949, 23.584488 ], [ 119.5745, 23.582722 ], [ 119.57897, 23.583704 ], [ 119.58312, 23.588812 ], [ 119.5854, 23.587008 ], [ 119.58875, 23.580166 ], [ 119.59155, 23.576534 ], [ 119.59737, 23.570646 ], [ 119.59922, 23.579626 ], [ 119.60168, 23.581726 ], [ 119.6106, 23.584604 ], [ 119.60931, 23.58757 ], [ 119.60822, 23.592834 ], [ 119.60615, 23.597855 ], [ 119.6101, 23.600206 ], [ 119.61153, 23.603899 ], [ 119.60289, 23.614107 ], [ 119.60256, 23.619154 ], [ 119.60079, 23.620735 ], [ 119.59653, 23.621593 ], [ 119.593, 23.624529 ], [ 119.59344, 23.628208 ], [ 119.59579, 23.636274 ], [ 119.59425, 23.639696 ], [ 119.58814, 23.647184 ], [ 119.58453, 23.654478 ], [ 119.58069, 23.660393 ], [ 119.57821, 23.659441 ], [ 119.5748, 23.654802 ], [ 119.57161, 23.651773 ], [ 119.56563, 23.65169 ], [ 119.56136, 23.653006 ], [ 119.55734, 23.655014 ], [ 119.55576, 23.659811 ], [ 119.55823, 23.661684 ], [ 119.56343, 23.663593 ], [ 119.57258, 23.668543 ], [ 119.57973, 23.673235 ], [ 119.58197, 23.673265 ], [ 119.58775, 23.671051 ], [ 119.60197, 23.669872 ], [ 119.60654, 23.665344 ] ] ], [ [ [ 119.55994, 23.713802 ], [ 119.55914, 23.713259 ], [ 119.55832, 23.713371 ], [ 119.55781, 23.713881 ], [ 119.55857, 23.715633 ], [ 119.55969, 23.715916 ], [ 119.56068, 23.714684 ], [ 119.55994, 23.713802 ] ] ], [ [ [ 119.61018, 23.73196 ], [ 119.60851, 23.728033 ], [ 119.60548, 23.730057 ], [ 119.60063, 23.736418 ], [ 119.60532, 23.739237 ], [ 119.61214, 23.749659 ], [ 119.61387, 23.750832 ], [ 119.61988, 23.749308 ], [ 119.62468, 23.745703 ], [ 119.62625, 23.740902 ], [ 119.61385, 23.737059 ], [ 119.61018, 23.73196 ] ] ], [ [ [ 120.11432, 23.702368 ], [ 120.11058, 23.700514 ], [ 120.10682, 23.703716 ], [ 120.1083, 23.706709 ], [ 120.12843, 23.728846 ], [ 120.1406, 23.740841 ], [ 120.14532, 23.746143 ], [ 120.1478, 23.750748 ], [ 120.15001, 23.758797 ], [ 120.151, 23.761099 ], [ 120.15572, 23.76663 ], [ 120.16044, 23.773081 ], [ 120.16689, 23.783215 ], [ 120.17061, 23.788744 ], [ 120.17284, 23.792656 ], [ 120.17384, 23.79381 ], [ 120.17533, 23.794044 ], [ 120.17686, 23.792986 ], [ 120.17612, 23.785547 ], [ 120.16967, 23.776793 ], [ 120.16445, 23.769421 ], [ 120.16048, 23.763433 ], [ 120.158, 23.758827 ], [ 120.15604, 23.751928 ], [ 120.15308, 23.743876 ], [ 120.1496, 23.739498 ], [ 120.14364, 23.733959 ], [ 120.13667, 23.728649 ], [ 120.13345, 23.724041 ], [ 120.13072, 23.718975 ], [ 120.11805, 23.705368 ], [ 120.11432, 23.702368 ] ] ], [ [ [ 119.6015, 23.793242 ], [ 119.60062, 23.792833 ], [ 119.59939, 23.793005 ], [ 119.59849, 23.793875 ], [ 119.59928, 23.795145 ], [ 119.60033, 23.795212 ], [ 119.60116, 23.79467 ], [ 119.6015, 23.793242 ] ] ], [ [ [ 119.5969, 23.803125 ], [ 119.59543, 23.802588 ], [ 119.59406, 23.803417 ], [ 119.59391, 23.804605 ], [ 119.59459, 23.805893 ], [ 119.59631, 23.805864 ], [ 119.59731, 23.804874 ], [ 119.5969, 23.803125 ] ] ], [ [ [ 120.28204, 23.904757 ], [ 120.28129, 23.904745 ], [ 120.28003, 23.905188 ], [ 120.28001, 23.906107 ], [ 120.28023, 23.907948 ], [ 120.28022, 23.908636 ], [ 120.28046, 23.909328 ], [ 120.28143, 23.911411 ], [ 120.28265, 23.912348 ], [ 120.28315, 23.912813 ], [ 120.28428, 23.912716 ], [ 120.2859, 23.912394 ], [ 120.28795, 23.909895 ], [ 120.28746, 23.909199 ], [ 120.286, 23.90711 ], [ 120.28551, 23.906643 ], [ 120.28501, 23.906176 ], [ 120.28278, 23.904995 ], [ 120.28204, 23.904757 ] ] ], [ [ [ 120.27494, 23.910172 ], [ 120.27245, 23.909906 ], [ 120.27044, 23.910566 ], [ 120.27213, 23.914267 ], [ 120.2731, 23.915659 ], [ 120.27653, 23.919615 ], [ 120.27727, 23.920315 ], [ 120.28072, 23.92312 ], [ 120.28171, 23.923824 ], [ 120.28343, 23.925457 ], [ 120.28517, 23.925941 ], [ 120.28519, 23.924793 ], [ 120.285, 23.921574 ], [ 120.28451, 23.920877 ], [ 120.28403, 23.91972 ], [ 120.28283, 23.916946 ], [ 120.28234, 23.91625 ], [ 120.2789, 23.912756 ], [ 120.27841, 23.912058 ], [ 120.27742, 23.911354 ], [ 120.27494, 23.910172 ] ] ], [ [ [ 121.95531, 24.842031 ], [ 121.94624, 24.837454 ], [ 121.93744, 24.841152 ], [ 121.93468, 24.847136 ], [ 121.94551, 24.850561 ], [ 121.95331, 24.849394 ], [ 121.95531, 24.842031 ] ] ], [ [ [ 121.52832, 25.301247 ], [ 121.54099, 25.292791 ], [ 121.5607, 25.297419 ], [ 121.57384, 25.300652 ], [ 121.58642, 25.293423 ], [ 121.59789, 25.291069 ], [ 121.61235, 25.277111 ], [ 121.62603, 25.267046 ], [ 121.62861, 25.250317 ], [ 121.62865, 25.237709 ], [ 121.63336, 25.232759 ], [ 121.64079, 25.23131 ], [ 121.64787, 25.230173 ], [ 121.64385, 25.222834 ], [ 121.65551, 25.21093 ], [ 121.6712, 25.203844 ], [ 121.68179, 25.210505 ], [ 121.69036, 25.21739 ], [ 121.6866, 25.205008 ], [ 121.68158, 25.194 ], [ 121.68781, 25.183329 ], [ 121.69753, 25.178431 ], [ 121.70284, 25.177288 ], [ 121.70348, 25.174112 ], [ 121.70354, 25.173761 ], [ 121.70463, 25.168352 ], [ 121.71826, 25.168823 ], [ 121.73116, 25.163332 ], [ 121.73875, 25.159212 ], [ 121.74103, 25.152567 ], [ 121.7461, 25.14386 ], [ 121.75871, 25.152809 ], [ 121.76273, 25.161751 ], [ 121.77159, 25.152817 ], [ 121.77791, 25.151215 ], [ 121.7822, 25.147549 ], [ 121.79458, 25.150074 ], [ 121.80374, 25.147257 ], [ 121.80486, 25.146912 ], [ 121.80872, 25.145723 ], [ 121.81757, 25.140913 ], [ 121.81354, 25.134035 ], [ 121.81229, 25.12693 ], [ 121.81608, 25.122576 ], [ 121.8292, 25.128765 ], [ 121.83981, 25.130602 ], [ 121.85521, 25.129684 ], [ 121.86329, 25.127392 ], [ 121.87163, 25.125555 ], [ 121.88476, 25.124178 ], [ 121.90269, 25.126007 ], [ 121.91631, 25.130356 ], [ 121.91304, 25.116146 ], [ 121.91759, 25.113163 ], [ 121.9128, 25.102621 ], [ 121.91028, 25.092995 ], [ 121.91205, 25.081533 ], [ 121.91887, 25.07259 ], [ 121.92493, 25.065941 ], [ 121.92039, 25.05792 ], [ 121.92393, 25.045082 ], [ 121.92797, 25.034536 ], [ 121.93605, 25.026737 ], [ 121.92732, 25.023912 ], [ 121.94312, 25.020086 ], [ 121.95219, 25.024664 ], [ 121.96507, 25.026487 ], [ 121.97565, 25.026478 ], [ 121.98121, 25.023035 ], [ 121.98146, 25.014324 ], [ 121.99886, 25.015911 ], [ 121.99432, 25.007435 ], [ 121.98564, 24.99966 ], [ 121.97758, 24.994673 ], [ 121.96658, 24.986603 ], [ 121.96485, 24.985903 ], [ 121.96389, 24.985512 ], [ 121.93834, 24.975163 ], [ 121.92169, 24.969671 ], [ 121.91615, 24.960047 ], [ 121.90154, 24.948822 ], [ 121.88288, 24.941492 ], [ 121.87987, 24.931179 ], [ 121.87308, 24.915365 ], [ 121.85872, 24.900927 ], [ 121.8406, 24.883047 ], [ 121.82978, 24.87044 ], [ 121.82602, 24.855999 ], [ 121.81393, 24.847515 ], [ 121.80615, 24.831928 ], [ 121.81101, 24.835667 ], [ 121.81948, 24.84408 ], [ 121.81875, 24.826658 ], [ 121.815, 24.806488 ], [ 121.81252, 24.783567 ], [ 121.81178, 24.765688 ], [ 121.81786, 24.742769 ], [ 121.82265, 24.72879 ], [ 121.82796, 24.718018 ], [ 121.81392, 24.723104 ], [ 121.81845, 24.717615 ], [ 121.81564, 24.711597 ], [ 121.82193, 24.708389 ], [ 121.82603, 24.695374 ], [ 121.82922, 24.71137 ], [ 121.83151, 24.691202 ], [ 121.83053, 24.669886 ], [ 121.83231, 24.659801 ], [ 121.84138, 24.643299 ], [ 121.83913, 24.635508 ], [ 121.84769, 24.623589 ], [ 121.85524, 24.616024 ], [ 121.86958, 24.610752 ], [ 121.87938, 24.605938 ], [ 121.86379, 24.608919 ], [ 121.85374, 24.60869 ], [ 121.85098, 24.602274 ], [ 121.86004, 24.59219 ], [ 121.87035, 24.58577 ], [ 121.86382, 24.5805 ], [ 121.86736, 24.561705 ], [ 121.86938, 24.547495 ], [ 121.86311, 24.536264 ], [ 121.85056, 24.527203 ], [ 121.83222, 24.519993 ], [ 121.83249, 24.507845 ], [ 121.84406, 24.499596 ], [ 121.84658, 24.489969 ], [ 121.85387, 24.483322 ], [ 121.84056, 24.481489 ], [ 121.81898, 24.468195 ], [ 121.81121, 24.454901 ], [ 121.80572, 24.447781 ], [ 121.78791, 24.426245 ], [ 121.78474, 24.397114 ], [ 121.77996, 24.376051 ], [ 121.77021, 24.354731 ], [ 121.76754, 24.326633 ], [ 121.76501, 24.313652 ], [ 121.76221, 24.308556 ], [ 121.75926, 24.303162 ], [ 121.74174, 24.287565 ], [ 121.73976, 24.274731 ], [ 121.73552, 24.264874 ], [ 121.7165, 24.250648 ], [ 121.69949, 24.235966 ], [ 121.65661, 24.145725 ], [ 121.6464, 24.12911 ], [ 121.62217, 24.110514 ], [ 121.61592, 24.099121 ], [ 121.61224, 24.082998 ], [ 121.61161, 24.075199 ], [ 121.61459, 24.052067 ], [ 121.62202, 24.040457 ], [ 121.62749, 24.033213 ], [ 121.63745, 24.020023 ], [ 121.63947, 24.014755 ], [ 121.63408, 24.00001 ], [ 121.62568, 23.989458 ], [ 121.6095, 23.976345 ], [ 121.6031, 23.967249 ], [ 121.60429, 23.958757 ], [ 121.60437, 23.955683 ], [ 121.60442, 23.95392 ], [ 121.60704, 23.939251 ], [ 121.60638, 23.925739 ], [ 121.60345, 23.911335 ], [ 121.60201, 23.89554 ], [ 121.59885, 23.8832 ], [ 121.59368, 23.869278 ], [ 121.58853, 23.856501 ], [ 121.58335, 23.84189 ], [ 121.57948, 23.83185 ], [ 121.5756, 23.820892 ], [ 121.57102, 23.814066 ], [ 121.56426, 23.783522 ], [ 121.56801, 23.771473 ], [ 121.56915, 23.762295 ], [ 121.56374, 23.748373 ], [ 121.55758, 23.734688 ], [ 121.55148, 23.725357 ], [ 121.54639, 23.717159 ], [ 121.54298, 23.710787 ], [ 121.54694, 23.701342 ], [ 121.54301, 23.685799 ], [ 121.54137, 23.67367 ], [ 121.54076, 23.664509 ], [ 121.53916, 23.655359 ], [ 121.53264, 23.652447 ], [ 121.52924, 23.639648 ], [ 121.52493, 23.612421 ], [ 121.5227, 23.599712 ], [ 121.52392, 23.58997 ], [ 121.52207, 23.581509 ], [ 121.51572, 23.571032 ], [ 121.50887, 23.561476 ], [ 121.50528, 23.553034 ], [ 121.50289, 23.540222 ], [ 121.4975, 23.526756 ], [ 121.49858, 23.512535 ], [ 121.49871, 23.502218 ], [ 121.50731, 23.491358 ], [ 121.50368, 23.479019 ], [ 121.49836, 23.47151 ], [ 121.49139, 23.468515 ], [ 121.49144, 23.468279 ], [ 121.49277, 23.46217 ], [ 121.49216, 23.453007 ], [ 121.48289, 23.426054 ], [ 121.48251, 23.425295 ], [ 121.47728, 23.414879 ], [ 121.47195, 23.40691 ], [ 121.47186, 23.398203 ], [ 121.46819, 23.382652 ], [ 121.46578, 23.367777 ], [ 121.46413, 23.353811 ], [ 121.46132, 23.347422 ], [ 121.46369, 23.337082 ], [ 121.46158, 23.325872 ], [ 121.45901, 23.31971 ], [ 121.45449, 23.315399 ], [ 121.44601, 23.314108 ], [ 121.44064, 23.310289 ], [ 121.43164, 23.298203 ], [ 121.42532, 23.288637 ], [ 121.42078, 23.283638 ], [ 121.41914, 23.271048 ], [ 121.41071, 23.25004 ], [ 121.4071, 23.239071 ], [ 121.40974, 23.229877 ], [ 121.4006, 23.218004 ], [ 121.39336, 23.21101 ], [ 121.3898, 23.203707 ], [ 121.39018, 23.19293 ], [ 121.39405, 23.182348 ], [ 121.39916, 23.171984 ], [ 121.39853, 23.159382 ], [ 121.39665, 23.146561 ], [ 121.39465, 23.13765 ], [ 121.39924, 23.133011 ], [ 121.4054, 23.128597 ], [ 121.4021, 23.121752 ], [ 121.39585, 23.118832 ], [ 121.38684, 23.112957 ], [ 121.38106, 23.107052 ], [ 121.36981, 23.100967 ], [ 121.36034, 23.099453 ], [ 121.35504, 23.091249 ], [ 121.34845, 23.078636 ], [ 121.34468, 23.075069 ], [ 121.33932, 23.061592 ], [ 121.33468, 23.04513 ], [ 121.33181, 23.03186 ], [ 121.3277, 23.018831 ], [ 121.3219, 23.010632 ], [ 121.31615, 23.007015 ], [ 121.31805, 22.998056 ], [ 121.31471, 22.988001 ], [ 121.30605, 22.977364 ], [ 121.29459, 22.962965 ], [ 121.28136, 22.956205 ], [ 121.27412, 22.951914 ], [ 121.27328, 22.94252 ], [ 121.27018, 22.930397 ], [ 121.26186, 22.917175 ], [ 121.25355, 22.905096 ], [ 121.24898, 22.89459 ], [ 121.24583, 22.885473 ], [ 121.24193, 22.884106 ], [ 121.23475, 22.886461 ], [ 121.2259, 22.868883 ], [ 121.21922, 22.871922 ], [ 121.21297, 22.86739 ], [ 121.20502, 22.865164 ], [ 121.19658, 22.865463 ], [ 121.19083, 22.860928 ], [ 121.18475, 22.847221 ], [ 121.18092, 22.836248 ], [ 121.18532, 22.828646 ], [ 121.19087, 22.812323 ], [ 121.19298, 22.798777 ], [ 121.18327, 22.794502 ], [ 121.17751, 22.787806 ], [ 121.17745, 22.782627 ], [ 121.17085, 22.77379 ], [ 121.17094, 22.77368 ], [ 121.17362, 22.770739 ], [ 121.17087, 22.763916 ], [ 121.16035, 22.756632 ], [ 121.1491, 22.746407 ], [ 121.13744, 22.737228 ], [ 121.13136, 22.731876 ], [ 121.12262, 22.724609 ], [ 121.11266, 22.718958 ], [ 121.09982, 22.713741 ], [ 121.08728, 22.708149 ], [ 121.07011, 22.700027 ], [ 121.06186, 22.693272 ], [ 121.04515, 22.68004 ], [ 121.02898, 22.671907 ], [ 121.0182, 22.657312 ], [ 121.01187, 22.640392 ], [ 121.006, 22.618881 ], [ 121.00089, 22.598513 ], [ 120.99809, 22.590738 ], [ 120.99364, 22.585836 ], [ 120.98262, 22.575716 ], [ 120.97012, 22.560442 ], [ 120.96531, 22.54649 ], [ 120.95997, 22.526974 ], [ 120.9564, 22.514452 ], [ 120.94958, 22.497301 ], [ 120.94275, 22.477171 ], [ 120.9407, 22.468014 ], [ 120.93589, 22.460068 ], [ 120.93262, 22.445599 ], [ 120.92457, 22.428228 ], [ 120.91452, 22.407888 ], [ 120.90842, 22.385916 ], [ 120.90336, 22.368982 ], [ 120.89816, 22.360518 ], [ 120.8903, 22.342241 ], [ 120.8857, 22.320028 ], [ 120.88335, 22.303076 ], [ 120.87989, 22.291565 ], [ 120.88615, 22.27944 ], [ 120.88708, 22.27095 ], [ 120.88421, 22.262871 ], [ 120.88818, 22.251223 ], [ 120.88857, 22.249895 ], [ 120.89179, 22.238586 ], [ 120.88725, 22.225088 ], [ 120.88766, 22.213619 ], [ 120.88833, 22.203526 ], [ 120.882, 22.194885 ], [ 120.88395, 22.177874 ], [ 120.88538, 22.171673 ], [ 120.88041, 22.16666 ], [ 120.88603, 22.158598 ], [ 120.88449, 22.150581 ], [ 120.8889, 22.145279 ], [ 120.87895, 22.135025 ], [ 120.87963, 22.126078 ], [ 120.8796, 22.116562 ], [ 120.88448, 22.112745 ], [ 120.89211, 22.109943 ], [ 120.89131, 22.102154 ], [ 120.88607, 22.09462 ], [ 120.8816, 22.090292 ], [ 120.88484, 22.060461 ], [ 120.88555, 22.045385 ], [ 120.89112, 22.040699 ], [ 120.88094, 22.032053 ], [ 120.87495, 22.022461 ], [ 120.86703, 22.017925 ], [ 120.86945, 22.012177 ], [ 120.86694, 22.005543 ], [ 120.84887, 21.996487 ], [ 120.8362, 21.990332 ], [ 120.83596, 21.983498 ], [ 120.83213, 21.964718 ], [ 120.83694, 21.947029 ], [ 120.84694, 21.930456 ], [ 120.85378, 21.920551 ], [ 120.85225, 21.913912 ], [ 120.85616, 21.909302 ], [ 120.85144, 21.904057 ], [ 120.84478, 21.902952 ], [ 120.83564, 21.916521 ], [ 120.82179, 21.928068 ], [ 120.80877, 21.937344 ], [ 120.80212, 21.938988 ], [ 120.79459, 21.94215 ], [ 120.79054, 21.940435 ], [ 120.78442, 21.947351 ], [ 120.77499, 21.946472 ], [ 120.76378, 21.957333 ], [ 120.75346, 21.962896 ], [ 120.74284, 21.960663 ], [ 120.73636, 21.949234 ], [ 120.73656, 21.941896 ], [ 120.73058, 21.93115 ], [ 120.72707, 21.922457 ], [ 120.7165, 21.926414 ], [ 120.70818, 21.937239 ], [ 120.70386, 21.956982 ], [ 120.70621, 21.979671 ], [ 120.69351, 22.002213 ], [ 120.68301, 22.021301 ], [ 120.67719, 22.037155 ], [ 120.68043, 22.043787 ], [ 120.68909, 22.04764 ], [ 120.68567, 22.054995 ], [ 120.68966, 22.062082 ], [ 120.69681, 22.060669 ], [ 120.69771, 22.062601 ], [ 120.69768, 22.0688 ], [ 120.6947, 22.0804 ], [ 120.69129, 22.088902 ], [ 120.69897, 22.094366 ], [ 120.7064, 22.096848 ], [ 120.70351, 22.110392 ], [ 120.6955, 22.134283 ], [ 120.68792, 22.14579 ], [ 120.68975, 22.164583 ], [ 120.68565, 22.181114 ], [ 120.67706, 22.191021 ], [ 120.67331, 22.193861 ], [ 120.67297, 22.209156 ], [ 120.67155, 22.221087 ], [ 120.66714, 22.227072 ], [ 120.66003, 22.239033 ], [ 120.65417, 22.250071 ], [ 120.64333, 22.255857 ], [ 120.64085, 22.257559 ], [ 120.64097, 22.276506 ], [ 120.63492, 22.300154 ], [ 120.63216, 22.308504 ], [ 120.61626, 22.326387 ], [ 120.60325, 22.343189 ], [ 120.60054, 22.346476 ], [ 120.59417, 22.35722 ], [ 120.58139, 22.372414 ], [ 120.56956, 22.380495 ], [ 120.56197, 22.386013 ], [ 120.54714, 22.398939 ], [ 120.52962, 22.40773 ], [ 120.51284, 22.417433 ], [ 120.50883, 22.419491 ], [ 120.49951, 22.424139 ], [ 120.45186, 22.445885 ], [ 120.43608, 22.46085 ], [ 120.4282, 22.470739 ], [ 120.44231, 22.472519 ], [ 120.45176, 22.4828 ], [ 120.45097, 22.486914 ], [ 120.44631, 22.482134 ], [ 120.43787, 22.475288 ], [ 120.42723, 22.476933 ], [ 120.42455, 22.486574 ], [ 120.41706, 22.483566 ], [ 120.41685, 22.482866 ], [ 120.4156, 22.478582 ], [ 120.41397, 22.476883 ], [ 120.40989, 22.472641 ], [ 120.39855, 22.484146 ], [ 120.3793, 22.498199 ], [ 120.36472, 22.506733 ], [ 120.3531, 22.512045 ], [ 120.32964, 22.530235 ], [ 120.31139, 22.550011 ], [ 120.30202, 22.560949 ], [ 120.30194, 22.561043 ], [ 120.28893, 22.576216 ], [ 120.2677, 22.600121 ], [ 120.2571, 22.619181 ], [ 120.25589, 22.629271 ], [ 120.248, 22.645111 ], [ 120.24383, 22.660942 ], [ 120.25031, 22.675829 ], [ 120.25578, 22.68338 ], [ 120.25507, 22.692324 ], [ 120.26569, 22.681976 ], [ 120.26746, 22.692287 ], [ 120.26202, 22.697119 ], [ 120.26749, 22.703981 ], [ 120.26454, 22.714537 ], [ 120.26044, 22.71879 ], [ 120.25559, 22.704702 ], [ 120.25086, 22.696461 ], [ 120.24767, 22.709997 ], [ 120.24633, 22.714743 ], [ 120.2461, 22.715544 ], [ 120.24431, 22.721891 ], [ 120.23537, 22.745108 ], [ 120.207, 22.80685 ], [ 120.2086, 22.808668 ], [ 120.19739, 22.834154 ], [ 120.19, 22.857784 ], [ 120.20017, 22.858221 ], [ 120.21207, 22.852232 ], [ 120.21135, 22.861403 ], [ 120.20268, 22.867615 ], [ 120.19501, 22.877031 ], [ 120.19859, 22.882502 ], [ 120.19228, 22.883368 ], [ 120.18807, 22.883467 ], [ 120.18643, 22.875593 ], [ 120.18607, 22.873842 ], [ 120.18554, 22.862152 ], [ 120.17986, 22.873169 ], [ 120.1779, 22.886929 ], [ 120.171, 22.906431 ], [ 120.17027, 22.915602 ], [ 120.16974, 22.916044 ], [ 120.16933, 22.91637 ], [ 120.16581, 22.919279 ], [ 120.16684, 22.938076 ], [ 120.16365, 22.956652 ], [ 120.15276, 22.975702 ], [ 120.14632, 22.987865 ], [ 120.15749, 22.977985 ], [ 120.1659, 22.966045 ], [ 120.17435, 22.963964 ], [ 120.17959, 22.977249 ], [ 120.18109, 22.984123 ], [ 120.18757, 22.991674 ], [ 120.17641, 22.998577 ], [ 120.15827, 23.000908 ], [ 120.14735, 23.00116 ], [ 120.14236, 22.994751 ], [ 120.1327, 23.004169 ], [ 120.14089, 23.003006 ], [ 120.14613, 23.010103 ], [ 120.15691, 23.01012 ], [ 120.14692, 23.02243 ], [ 120.15694, 23.021595 ], [ 120.1678, 23.025652 ], [ 120.17328, 23.027987 ], [ 120.17594, 23.031675 ], [ 120.1709, 23.035864 ], [ 120.16498, 23.038921 ], [ 120.15134, 23.030851 ], [ 120.14565, 23.024775 ], [ 120.13972, 23.022692 ], [ 120.13476, 23.024189 ], [ 120.12975, 23.021139 ], [ 120.13172, 23.012653 ], [ 120.1193, 23.015657 ], [ 120.11061, 23.020555 ], [ 120.093, 23.034044 ], [ 120.07339, 23.046684 ], [ 120.06097, 23.051289 ], [ 120.05451, 23.054049 ], [ 120.0561, 23.0564 ], [ 120.06745, 23.065722 ], [ 120.08088, 23.073492 ], [ 120.09605, 23.080114 ], [ 120.0978, 23.084028 ], [ 120.09792, 23.084288 ], [ 120.08537, 23.084259 ], [ 120.06969, 23.073511 ], [ 120.0605, 23.073067 ], [ 120.06251, 23.087276 ], [ 120.05856, 23.102871 ], [ 120.0762, 23.104906 ], [ 120.08963, 23.104197 ], [ 120.08093, 23.108564 ], [ 120.08343, 23.114292 ], [ 120.09736, 23.120459 ], [ 120.10704, 23.131882 ], [ 120.09339, 23.126425 ], [ 120.09937, 23.135584 ], [ 120.08445, 23.134691 ], [ 120.07974, 23.144098 ], [ 120.07726, 23.147999 ], [ 120.0713, 23.151218 ], [ 120.06982, 23.165661 ], [ 120.06909, 23.176207 ], [ 120.07731, 23.181236 ], [ 120.08551, 23.176409 ], [ 120.09148, 23.174566 ], [ 120.08304, 23.187187 ], [ 120.08081, 23.194984 ], [ 120.08629, 23.197727 ], [ 120.08531, 23.209877 ], [ 120.08533, 23.221107 ], [ 120.09206, 23.228432 ], [ 120.09753, 23.228422 ], [ 120.10525, 23.229784 ], [ 120.11022, 23.229088 ], [ 120.11742, 23.231369 ], [ 120.10848, 23.233675 ], [ 120.09579, 23.232323 ], [ 120.08808, 23.23394 ], [ 120.09333, 23.247227 ], [ 120.10305, 23.257753 ], [ 120.09659, 23.262348 ], [ 120.10506, 23.27219 ], [ 120.11728, 23.28294 ], [ 120.12476, 23.288198 ], [ 120.12577, 23.300116 ], [ 120.1193, 23.29921 ], [ 120.11758, 23.316862 ], [ 120.12507, 23.326017 ], [ 120.13601, 23.317974 ], [ 120.13453, 23.325769 ], [ 120.12559, 23.335415 ], [ 120.11938, 23.343678 ], [ 120.12613, 23.360626 ], [ 120.1294, 23.379642 ], [ 120.12967, 23.39179 ], [ 120.13513, 23.382383 ], [ 120.1351, 23.36611 ], [ 120.1326, 23.358549 ], [ 120.1403, 23.348907 ], [ 120.14977, 23.353245 ], [ 120.16022, 23.346117 ], [ 120.16563, 23.346226 ], [ 120.1623, 23.350662 ], [ 120.15134, 23.358784 ], [ 120.14407, 23.361984 ], [ 120.14557, 23.376968 ], [ 120.15093, 23.378723 ], [ 120.15655, 23.377525 ], [ 120.15108, 23.385101 ], [ 120.1506, 23.394958 ], [ 120.15569, 23.399185 ], [ 120.15536, 23.399754 ], [ 120.14846, 23.411922 ], [ 120.14146, 23.401829 ], [ 120.14102, 23.423429 ], [ 120.14279, 23.425121 ], [ 120.14494, 23.432098 ], [ 120.13648, 23.438074 ], [ 120.14323, 23.446541 ], [ 120.14797, 23.451574 ], [ 120.16416, 23.449707 ], [ 120.17141, 23.456797 ], [ 120.15969, 23.454071 ], [ 120.14649, 23.460516 ], [ 120.12805, 23.458948 ], [ 120.12582, 23.467432 ], [ 120.13505, 23.470623 ], [ 120.14106, 23.485966 ], [ 120.14432, 23.493523 ], [ 120.15173, 23.496796 ], [ 120.14211, 23.509571 ], [ 120.14112, 23.519657 ], [ 120.14459, 23.524231 ], [ 120.14499, 23.52475 ], [ 120.14539, 23.533857 ], [ 120.13892, 23.544182 ], [ 120.1483, 23.544287 ], [ 120.13795, 23.552666 ], [ 120.13147, 23.556574 ], [ 120.13524, 23.574213 ], [ 120.14248, 23.575115 ], [ 120.13226, 23.582468 ], [ 120.12888, 23.595097 ], [ 120.1236, 23.61709 ], [ 120.13187, 23.636095 ], [ 120.14363, 23.658758 ], [ 120.15041, 23.680058 ], [ 120.15243, 23.690138 ], [ 120.16344, 23.701113 ], [ 120.17294, 23.705904 ], [ 120.17089, 23.693424 ], [ 120.17716, 23.700396 ], [ 120.17928, 23.704044 ], [ 120.18295, 23.722382 ], [ 120.18948, 23.740929 ], [ 120.19078, 23.762007 ], [ 120.19794, 23.767529 ], [ 120.19606, 23.775057 ], [ 120.21008, 23.791292 ], [ 120.21809, 23.798147 ], [ 120.22364, 23.799156 ], [ 120.22311, 23.805696 ], [ 120.23414, 23.818958 ], [ 120.23715, 23.825827 ], [ 120.25514, 23.825321 ], [ 120.27862, 23.823421 ], [ 120.29012, 23.82316 ], [ 120.2939, 23.821901 ], [ 120.30062, 23.829317 ], [ 120.30822, 23.835951 ], [ 120.301, 23.835541 ], [ 120.30093, 23.835537 ], [ 120.28889, 23.83485 ], [ 120.27641, 23.836718 ], [ 120.27364, 23.830997 ], [ 120.26142, 23.839052 ], [ 120.25571, 23.850981 ], [ 120.26649, 23.866076 ], [ 120.27828, 23.879562 ], [ 120.28592, 23.8806 ], [ 120.28506, 23.891457 ], [ 120.29313, 23.911825 ], [ 120.30418, 23.930353 ], [ 120.31194, 23.939522 ], [ 120.31801, 23.95414 ], [ 120.34013, 23.989126 ], [ 120.3415, 23.993561 ], [ 120.34349, 24.000013 ], [ 120.34829, 24.018236 ], [ 120.35659, 24.033676 ], [ 120.3625, 24.040842 ], [ 120.36855, 24.037697 ], [ 120.37478, 24.020575 ], [ 120.38194, 24.008961 ], [ 120.38924, 24.005829 ], [ 120.39558, 24.006254 ], [ 120.39623, 24.006588 ], [ 120.38864, 24.012926 ], [ 120.38128, 24.020641 ], [ 120.37533, 24.035706 ], [ 120.36946, 24.044123 ], [ 120.38086, 24.05249 ], [ 120.38879, 24.058531 ], [ 120.39706, 24.05747 ], [ 120.39951, 24.063833 ], [ 120.40034, 24.074003 ], [ 120.4085, 24.082335 ], [ 120.41269, 24.08742 ], [ 120.41801, 24.08243 ], [ 120.4252, 24.087545 ], [ 120.42905, 24.099501 ], [ 120.43228, 24.103354 ], [ 120.42352, 24.101965 ], [ 120.42762, 24.113464 ], [ 120.43176, 24.122902 ], [ 120.43294, 24.130173 ], [ 120.43153, 24.140545 ], [ 120.43964, 24.152084 ], [ 120.45151, 24.164349 ], [ 120.46239, 24.175682 ], [ 120.47652, 24.187508 ], [ 120.48621, 24.194475 ], [ 120.49824, 24.193674 ], [ 120.50885, 24.186441 ], [ 120.51476, 24.174349 ], [ 120.51736, 24.167269 ], [ 120.51923, 24.158285 ], [ 120.51957, 24.158543 ], [ 120.52294, 24.161135 ], [ 120.52327, 24.175116 ], [ 120.51559, 24.188795 ], [ 120.50345, 24.197847 ], [ 120.49162, 24.20232 ], [ 120.4846, 24.202253 ], [ 120.49303, 24.209438 ], [ 120.50134, 24.227163 ], [ 120.50645, 24.239586 ], [ 120.50983, 24.249474 ], [ 120.50474, 24.256071 ], [ 120.5135, 24.257299 ], [ 120.5186, 24.270639 ], [ 120.51125, 24.277447 ], [ 120.51799, 24.279572 ], [ 120.51714, 24.287815 ], [ 120.51605, 24.294222 ], [ 120.52818, 24.287458 ], [ 120.53333, 24.296904 ], [ 120.54078, 24.302931 ], [ 120.54977, 24.306221 ], [ 120.5402, 24.309341 ], [ 120.54323, 24.328163 ], [ 120.54641, 24.336611 ], [ 120.55254, 24.346354 ], [ 120.5605, 24.35393 ], [ 120.5607, 24.354023 ], [ 120.57191, 24.363718 ], [ 120.57806, 24.373627 ], [ 120.57816, 24.387379 ], [ 120.5828, 24.397734 ], [ 120.58778, 24.402765 ], [ 120.588, 24.403143 ], [ 120.59563, 24.416641 ], [ 120.60359, 24.42445 ], [ 120.61597, 24.438591 ], [ 120.62746, 24.450144 ], [ 120.62765, 24.450329 ], [ 120.63023, 24.452839 ], [ 120.63509, 24.457548 ], [ 120.64178, 24.466085 ], [ 120.64981, 24.466383 ], [ 120.65244, 24.477634 ], [ 120.66113, 24.486647 ], [ 120.6685, 24.491474 ], [ 120.6721, 24.494528 ], [ 120.67487, 24.516556 ], [ 120.68355, 24.527628 ], [ 120.68336, 24.544586 ], [ 120.68775, 24.556999 ], [ 120.69815, 24.571295 ], [ 120.70303, 24.585085 ], [ 120.71189, 24.603035 ], [ 120.72084, 24.612961 ], [ 120.73088, 24.614643 ], [ 120.74139, 24.608709 ], [ 120.74341, 24.618637 ], [ 120.75096, 24.618008 ], [ 120.76081, 24.61327 ], [ 120.76898, 24.613968 ], [ 120.75318, 24.621922 ], [ 120.75483, 24.632935 ], [ 120.76375, 24.645611 ], [ 120.77345, 24.655998 ], [ 120.78085, 24.659204 ], [ 120.79875, 24.666958 ], [ 120.82412, 24.671038 ], [ 120.83876, 24.665413 ], [ 120.85059, 24.664577 ], [ 120.86174, 24.66988 ], [ 120.84476, 24.66958 ], [ 120.83038, 24.674292 ], [ 120.82829, 24.682299 ], [ 120.84277, 24.693403 ], [ 120.85694, 24.71138 ], [ 120.8583, 24.727663 ], [ 120.87, 24.741037 ], [ 120.88052, 24.74684 ], [ 120.87558, 24.736263 ], [ 120.88908, 24.74621 ], [ 120.89852, 24.760485 ], [ 120.90114, 24.777462 ], [ 120.91151, 24.799076 ], [ 120.91637, 24.80641 ], [ 120.91531, 24.825691 ], [ 120.9137, 24.83737 ], [ 120.92262, 24.853474 ], [ 120.92722, 24.846626 ], [ 120.93706, 24.844625 ], [ 120.94086, 24.8419 ], [ 120.94564, 24.84651 ], [ 120.9352, 24.8547 ], [ 120.94513, 24.859104 ], [ 120.93868, 24.860682 ], [ 120.93112, 24.860174 ], [ 120.94085, 24.871698 ], [ 120.94424, 24.887764 ], [ 120.95143, 24.900875 ], [ 120.96271, 24.908508 ], [ 120.97621, 24.90906 ], [ 120.97173, 24.914295 ], [ 120.96192, 24.91263 ], [ 120.96156, 24.925005 ], [ 120.97232, 24.934929 ], [ 120.98212, 24.939114 ], [ 120.98579, 24.951284 ], [ 120.99778, 24.965338 ], [ 121.00478, 24.972713 ], [ 121.0098, 24.976412 ], [ 121.01212, 24.988382 ], [ 121.01672, 24.994102 ], [ 121.01964, 25.007185 ], [ 121.02886, 25.020302 ], [ 121.03507, 25.021309 ], [ 121.04546, 25.027044 ], [ 121.05145, 25.036016 ], [ 121.05919, 25.046144 ], [ 121.07528, 25.054026 ], [ 121.08407, 25.060034 ], [ 121.09053, 25.061523 ], [ 121.09432, 25.071777 ], [ 121.10919, 25.075523 ], [ 121.11978, 25.076952 ], [ 121.12486, 25.07308 ], [ 121.13617, 25.079098 ], [ 121.15203, 25.084906 ], [ 121.16185, 25.088621 ], [ 121.16528, 25.086119 ], [ 121.18102, 25.091919 ], [ 121.18771, 25.095743 ], [ 121.187, 25.101803 ], [ 121.1953, 25.106197 ], [ 121.20026, 25.108185 ], [ 121.20587, 25.112892 ], [ 121.22176, 25.115025 ], [ 121.23711, 25.122196 ], [ 121.24165, 25.125196 ], [ 121.24288, 25.114576 ], [ 121.25251, 25.123867 ], [ 121.26642, 25.120026 ], [ 121.27559, 25.118324 ], [ 121.27729, 25.118008 ], [ 121.29635, 25.12421 ], [ 121.30906, 25.125694 ], [ 121.329, 25.125767 ], [ 121.34866, 25.133631 ], [ 121.36504, 25.141251 ], [ 121.38157, 25.14793 ], [ 121.39422, 25.16358 ], [ 121.41638, 25.176714 ], [ 121.41105, 25.183117 ], [ 121.40244, 25.188133 ], [ 121.41193, 25.190451 ], [ 121.42056, 25.203318 ], [ 121.42482, 25.208603 ], [ 121.42681, 25.215256 ], [ 121.4326, 25.220774 ], [ 121.4366, 25.230871 ], [ 121.44063, 25.23432 ], [ 121.44178, 25.238466 ], [ 121.44284, 25.247162 ], [ 121.44636, 25.252905 ], [ 121.46404, 25.255014 ], [ 121.47031, 25.265347 ], [ 121.48569, 25.275244 ], [ 121.49571, 25.278292 ], [ 121.49956, 25.285822 ], [ 121.50332, 25.293165 ], [ 121.50841, 25.286072 ], [ 121.52483, 25.289778 ], [ 121.52832, 25.301247 ] ] ], [ [ [ 121.93577, 25.443066 ], [ 121.93134, 25.441029 ], [ 121.92693, 25.441734 ], [ 121.92524, 25.44338 ], [ 121.92526, 25.446125 ], [ 121.92702, 25.449965 ], [ 121.9295, 25.452316 ], [ 121.93562, 25.452707 ], [ 121.93617, 25.450329 ], [ 121.93695, 25.446541 ], [ 121.93577, 25.443066 ] ] ], [ [ [ 122.09792, 25.498026 ], [ 122.0957, 25.497009 ], [ 122.09227, 25.497564 ], [ 122.08925, 25.497595 ], [ 122.0864, 25.498514 ], [ 122.08635, 25.500814 ], [ 122.08817, 25.502354 ], [ 122.09128, 25.502766 ], [ 122.09341, 25.503338 ], [ 122.09715, 25.501816 ], [ 122.09836, 25.500246 ], [ 122.09792, 25.498026 ] ] ], [ [ [ 122.06958, 25.64011 ], [ 122.06348, 25.63438 ], [ 122.05869, 25.639683 ], [ 122.05845, 25.645433 ], [ 122.06506, 25.65484 ], [ 122.07113, 25.648384 ], [ 122.06958, 25.64011 ] ] ], [ [ [ 123.57121, 25.729164 ], [ 123.56512, 25.728786 ], [ 123.56307, 25.729654 ], [ 123.56172, 25.732151 ], [ 123.56195, 25.733076 ], [ 123.56498, 25.73361 ], [ 123.56905, 25.73325 ], [ 123.57137, 25.732159 ], [ 123.57121, 25.729164 ] ] ], [ [ [ 123.55987, 25.74291 ], [ 123.55919, 25.740137 ], [ 123.55689, 25.740541 ], [ 123.55493, 25.746469 ], [ 123.55743, 25.747911 ], [ 123.55903, 25.74542 ], [ 123.55987, 25.74291 ] ] ], [ [ [ 123.48421, 25.742645 ], [ 123.47559, 25.742197 ], [ 123.47303, 25.742825 ], [ 123.47064, 25.743816 ], [ 123.46989, 25.745735 ], [ 123.47767, 25.74869 ], [ 123.48402, 25.748619 ], [ 123.4856, 25.746819 ], [ 123.48592, 25.744757 ], [ 123.48421, 25.742645 ] ] ] ] } }
]
}
