{
"type": "FeatureCollection",
"name": "nanhai",
"crs": { "type": "name", "properties": { "name": "urn:ogc:def:crs:OGC:1.3:CRS84" } },
"features": [
{ "type": "Feature", "properties": { "fid": 1, "FNODE_": 912, "TNODE_": 912, "LPOLY_": 1, "RPOLY_": 486, "LENGTH": 0.03, "BOU2_4M_": 939, "BOU2_4M_ID": 26010, "GBCODE": 26010 }, "geometry": { "type": "MultiLineString", "coordinates": [ [ [ 123.696449285557392, 25.948129653074222 ], [ 123.698463445713799, 25.948112486936431 ], [ 123.705383306553898, 25.946205138303132 ], [ 123.705757146885674, 25.942304610348192 ], [ 123.702293401768074, 25.939235686397474 ], [ 123.698677068760162, 25.940759657955457 ], [ 123.696823125889097, 25.94324684057317 ], [ 123.695472723057193, 25.946201323606047 ], [ 123.696449285557392, 25.948129653074222 ] ] ] } },
{ "type": "Feature", "properties": { "fid": 2, "FNODE_": 914, "TNODE_": 914, "LPOLY_": 488, "RPOLY_": 1, "LENGTH": 0.025, "BOU2_4M_": 941, "BOU2_4M_ID": 26010, "GBCODE": 26010 }, "geometry": { "type": "MultiLineString", "coordinates": [ [ [ 123.548576360732426, 25.794109343597746 ], [ 123.546897893935324, 25.792486189910964 ], [ 123.545738225966232, 25.789009093352636 ], [ 123.546089178114457, 25.785799025602969 ], [ 123.547157293348803, 25.783985137052778 ], [ 123.549667364149784, 25.784967421598871 ], [ 123.550880437880465, 25.786836623259337 ], [ 123.550971990615224, 25.792127608367867 ], [ 123.548576360732426, 25.794109343597746 ] ] ] } },
{ "type": "Feature", "properties": { "fid": 3, "FNODE_": 915, "TNODE_": 915, "LPOLY_": 1, "RPOLY_": 489, "LENGTH": 0.024, "BOU2_4M_": 942, "BOU2_4M_ID": 26010, "GBCODE": 26010 }, "geometry": { "type": "MultiLineString", "coordinates": [ [ [ 123.557029729873079, 25.787704466887288 ], [ 123.559051519424102, 25.789024352141446 ], [ 123.559700017959329, 25.789123534270377 ], [ 123.561996465713307, 25.788490294524106 ], [ 123.564376836807014, 25.785789488859461 ], [ 123.564956670791247, 25.783504485196868 ], [ 123.563209539443434, 25.782541274137117 ], [ 123.557853704482227, 25.783329009122774 ], [ 123.556488042861204, 25.785968779631119 ], [ 123.557029729873079, 25.787704466887288 ] ] ] } },
{ "type": "Feature", "properties": { "fid": 4, "FNODE_": 916, "TNODE_": 916, "LPOLY_": 490, "RPOLY_": 1, "LENGTH": 0.021, "BOU2_4M_": 943, "BOU2_4M_ID": 26010, "GBCODE": 26010 }, "geometry": { "type": "MultiLineString", "coordinates": [ [ [ 123.580001836806503, 25.76501846224361 ], [ 123.578033453017227, 25.763359068932726 ], [ 123.577110296278633, 25.760118483604966 ], [ 123.579223638563732, 25.757640837730406 ], [ 123.58075714686457, 25.756988524497824 ], [ 123.581748968153761, 25.757932662071251 ], [ 123.582916265517341, 25.76118087679356 ], [ 123.582336431533108, 25.763465880456121 ], [ 123.58155060389636, 25.764135359826419 ], [ 123.580001836806503, 25.76501846224361 ] ] ] } },
{ "type": "Feature", "properties": { "fid": 5, "FNODE_": 918, "TNODE_": 918, "LPOLY_": 1, "RPOLY_": 492, "LENGTH": 0.038, "BOU2_4M_": 945, "BOU2_4M_ID": 26010, "GBCODE": 26010 }, "geometry": { "type": "MultiLineString", "coordinates": [ [ [ 123.469886785528601, 25.745735167564135 ], [ 123.477668767951158, 25.748689650596805 ], [ 123.48401642420157, 25.748619078697281 ], [ 123.485603338264042, 25.746818541587487 ], [ 123.485923772834241, 25.744756697714962 ], [ 123.484207159064425, 25.742645262778041 ], [ 123.47559357263809, 25.742197035849429 ], [ 123.473030096075448, 25.742824553549791 ], [ 123.470642095587095, 25.743816374839131 ], [ 123.469886785528601, 25.745735167564135 ] ] ] } },
{ "type": "Feature", "properties": { "fid": 6, "FNODE_": 919, "TNODE_": 919, "LPOLY_": 493, "RPOLY_": 1, "LENGTH": 0.02, "BOU2_4M_": 946, "BOU2_4M_ID": 26010, "GBCODE": 26010 }, "geometry": { "type": "MultiLineString", "coordinates": [ [ [ 123.557426458385891, 25.747911452352866 ], [ 123.554931646373902, 25.746469496786251 ], [ 123.556892400768135, 25.740541457234215 ], [ 123.559188848522183, 25.740137099323903 ], [ 123.559867864635677, 25.742910384236602 ], [ 123.559028631237354, 25.745420455037888 ], [ 123.557426458385891, 25.747911452352866 ] ] ] } },
{ "type": "Feature", "properties": { "fid": 7, "FNODE_": 920, "TNODE_": 920, "LPOLY_": 1, "RPOLY_": 494, "LENGTH": 0.025, "BOU2_4M_": 947, "BOU2_4M_ID": 26010, "GBCODE": 26010 }, "geometry": { "type": "MultiLineString", "coordinates": [ [ [ 123.561950689342126, 25.733076094683767 ], [ 123.564979558971288, 25.733610152301019 ], [ 123.56905365565116, 25.733249663409271 ], [ 123.571372991588731, 25.732158659991015 ], [ 123.571212774303376, 25.729164122636867 ], [ 123.565116888072495, 25.72878646760768 ], [ 123.563072210338049, 25.729654311235812 ], [ 123.561721807506132, 25.732151030596686 ], [ 123.561950689342126, 25.733076094683767 ] ] ] } },
{ "type": "Feature", "properties": { "fid": 8, "FNODE_": 939, "TNODE_": 939, "LPOLY_": 1, "RPOLY_": 513, "LENGTH": 0.03, "BOU2_4M_": 966, "BOU2_4M_ID": 26010, "GBCODE": 26010 }, "geometry": { "type": "MultiLineString", "coordinates": [ [ [ 122.086349492928505, 25.500814436949945 ], [ 122.088172918221716, 25.502353667296944 ], [ 122.091278081796233, 25.50276565460171 ], [ 122.093406682870665, 25.5033378591916 ], [ 122.09715271558575, 25.50181579498221 ], [ 122.098358159921659, 25.500246047057058 ], [ 122.097923284433179, 25.498025893248027 ], [ 122.095703130624329, 25.497009276426532 ], [ 122.092269903085025, 25.497564314878861 ], [ 122.08924866285038, 25.497594832457079 ], [ 122.086402898690068, 25.498514174498332 ], [ 122.086349492928505, 25.500814436949945 ] ] ] } },
{ "type": "Feature", "properties": { "fid": 9, "FNODE_": 945, "TNODE_": 945, "LPOLY_": 1, "RPOLY_": 517, "LENGTH": 0.038, "BOU2_4M_": 971, "BOU2_4M_ID": 26010, "GBCODE": 26010 }, "geometry": { "type": "MultiLineString", "coordinates": [ [ [ 121.925262456778299, 25.446125029592913 ], [ 121.927017217520898, 25.4499645223916 ], [ 121.929496770743938, 25.45231628325627 ], [ 121.935623174553058, 25.452707289725986 ], [ 121.936172490959194, 25.450328825980389 ], [ 121.936950689201211, 25.446540831594795 ], [ 121.935768133048512, 25.443065642385065 ], [ 121.931343084219861, 25.441028594044869 ], [ 121.9269332941805, 25.441734313039223 ], [ 121.925239568594506, 25.443380354909717 ], [ 121.925262456778299, 25.446125029592913 ] ] ] } },
{ "type": "Feature", "properties": { "fid": 10, "FNODE_": 1027, "TNODE_": 1027, "LPOLY_": 1, "RPOLY_": 583, "LENGTH": 0.047, "BOU2_4M_": 1043, "BOU2_4M_ID": 26010, "GBCODE": 26010 }, "geometry": { "type": "MultiLineString", "coordinates": [ [ [ 120.285186772924348, 23.924793242182499 ], [ 120.285003667455385, 23.921573637689619 ], [ 120.284507756810726, 23.920877455438458 ], [ 120.284027104955115, 23.919719694818117 ], [ 120.282829290013424, 23.916946409905403 ], [ 120.282341008763311, 23.916250227654306 ], [ 120.27890015182912, 23.912755964958269 ], [ 120.278411870579035, 23.912057875358499 ], [ 120.277420049289816, 23.911354063712857 ], [ 120.274940496066833, 23.910171507560289 ], [ 120.272453313449361, 23.909906386100293 ], [ 120.270439153292941, 23.910566328727413 ], [ 120.272132878879304, 23.914266585075875 ], [ 120.273101811985001, 23.91565894957812 ], [ 120.276527410130115, 23.919614790643362 ], [ 120.277267461399788, 23.92031478759176 ], [ 120.280723577122998, 23.923120497431192 ], [ 120.2817077690177, 23.923824309076874 ], [ 120.283432012182047, 23.925456999506849 ], [ 120.285171514135385, 23.925941466059697 ], [ 120.285186772924348, 23.924793242182499 ] ] ] } },
{ "type": "Feature", "properties": { "fid": 11, "FNODE_": 1028, "TNODE_": 1028, "LPOLY_": 1, "RPOLY_": 584, "LENGTH": 0.025, "BOU2_4M_": 1044, "BOU2_4M_ID": 26010, "GBCODE": 26010 }, "geometry": { "type": "MultiLineString", "coordinates": [ [ [ 120.28427887497422, 23.912715910636923 ], [ 120.285896306614973, 23.912393568717857 ], [ 120.287948613743936, 23.909894942008322 ], [ 120.287460332493865, 23.909198759757206 ], [ 120.286003118138083, 23.907110213003811 ], [ 120.285507207493453, 23.906642912588712 ], [ 120.28501129684885, 23.906175612173559 ], [ 120.282783513645413, 23.904994963369635 ], [ 120.282043462375768, 23.904756544790487 ], [ 120.281288152317103, 23.904745100698694 ], [ 120.280029302219347, 23.905187605581592 ], [ 120.280006414035824, 23.906106947622856 ], [ 120.280227666477401, 23.907947539053897 ], [ 120.280220037082898, 23.908636091910505 ], [ 120.280456548313424, 23.909328459464366 ], [ 120.281433110813666, 23.911411284171855 ], [ 120.282653813938865, 23.912347792350715 ], [ 120.283149724583467, 23.912813185417235 ], [ 120.28427887497422, 23.912715910636923 ] ] ] } },
{ "type": "Feature", "properties": { "fid": 12, "FNODE_": 1032, "TNODE_": 1032, "LPOLY_": 1, "RPOLY_": 587, "LENGTH": 0.011, "BOU2_4M_": 1048, "BOU2_4M_ID": 26010, "GBCODE": 26010 }, "geometry": { "type": "MultiLineString", "coordinates": [ [ [ 119.593910222548303, 23.804605482764831 ], [ 119.59458923866174, 23.805892943092282 ], [ 119.596313481825987, 23.805864332862761 ], [ 119.597312932509624, 23.804874418922083 ], [ 119.596900945204823, 23.803125380225421 ], [ 119.595428472060064, 23.802587507910896 ], [ 119.594062810438871, 23.803417204566315 ], [ 119.593910222548303, 23.804605482764831 ] ] ] } },
{ "type": "Feature", "properties": { "fid": 13, "FNODE_": 1033, "TNODE_": 1033, "LPOLY_": 1, "RPOLY_": 589, "LENGTH": 0.008, "BOU2_4M_": 1049, "BOU2_4M_ID": 26010, "GBCODE": 26010 }, "geometry": { "type": "MultiLineString", "coordinates": [ [ [ 119.598487859266854, 23.793874739354195 ], [ 119.599281316298303, 23.795145033543928 ], [ 119.600326543349169, 23.795211790746063 ], [ 119.601158147353161, 23.794670103734244 ], [ 119.601501470106996, 23.793241499607944 ], [ 119.600616460341257, 23.792833327000441 ], [ 119.59938812782157, 23.793004988377444 ], [ 119.598487859266854, 23.793874739354195 ] ] ] } },
{ "type": "Feature", "properties": { "fid": 14, "FNODE_": 1037, "TNODE_": 1037, "LPOLY_": 1, "RPOLY_": 593, "LENGTH": 0.072, "BOU2_4M_": 1053, "BOU2_4M_ID": 26010, "GBCODE": 26010 }, "geometry": { "type": "MultiLineString", "coordinates": [ [ [ 119.608512883677633, 23.728033064534898 ], [ 119.605476384654011, 23.730056761434788 ], [ 119.60063171912654, 23.736417769126668 ], [ 119.605323796763983, 23.739236830406526 ], [ 119.612136846081825, 23.749658583338451 ], [ 119.613868718640703, 23.750831602747883 ], [ 119.619880681531896, 23.74930763118984 ], [ 119.624679570692336, 23.745702742272996 ], [ 119.626251225965632, 23.74090194576311 ], [ 119.613853459850731, 23.737058638267264 ], [ 119.610183721080418, 23.731960295370687 ], [ 119.608512883677633, 23.728033064534898 ] ] ] } },
{ "type": "Feature", "properties": { "fid": 15, "FNODE_": 1040, "TNODE_": 1041, "LPOLY_": 1, "RPOLY_": 1, "LENGTH": 0.161, "BOU2_4M_": 1056, "BOU2_4M_ID": 71, "GBCODE": 26100 }, "geometry": { "type": "MultiLineString", "coordinates": [ [ [ 119.589462285532974, 23.757905958828786 ], [ 119.592941289440134, 23.766170500456585 ], [ 119.5938262992061, 23.769308088958251 ], [ 119.597267156140376, 23.77415847653252 ], [ 119.602470403211598, 23.77856635922382 ], [ 119.608963017958487, 23.779775618257201 ], [ 119.61470795204113, 23.779142378510912 ], [ 119.619743352432096, 23.775751112640997 ], [ 119.623527532119823, 23.77303314083861 ], [ 119.627822881241144, 23.769176481902157 ], [ 119.631866460342806, 23.764167784391248 ], [ 119.634193425674681, 23.757768629726701 ], [ 119.635261540908772, 23.751356123621743 ], [ 119.635307317275675, 23.746999739343437 ], [ 119.631652837294226, 23.738937376670826 ], [ 119.627456670301243, 23.733850477866078 ], [ 119.624008183972535, 23.73037910335356 ], [ 119.619537358776455, 23.727354048421336 ], [ 119.614082341685815, 23.72409057490993 ], [ 119.605628972543983, 23.720567701984461 ], [ 119.603118901743002, 23.721462248493474 ], [ 119.598602300180119, 23.723482130696091 ], [ 119.594039922250289, 23.728713987997107 ], [ 119.588966374886866, 23.735774992637385 ], [ 119.584396367562547, 23.741693495446366 ], [ 119.58460236121519, 23.745595930749978 ], [ 119.58654022742671, 23.750888823207191 ], [ 119.587081914438556, 23.752180098231868 ] ] ] } },
{ "type": "Feature", "properties": { "fid": 16, "FNODE_": 1042, "TNODE_": 1042, "LPOLY_": 1, "RPOLY_": 595, "LENGTH": 0.008, "BOU2_4M_": 1057, "BOU2_4M_ID": 26010, "GBCODE": 26010 }, "geometry": { "type": "MultiLineString", "coordinates": [ [ [ 119.558319097049903, 23.713371275591804 ], [ 119.557807927616281, 23.713880537676868 ], [ 119.558570867069619, 23.715633391070799 ], [ 119.559692388065855, 23.715915678668466 ], [ 119.560676579960401, 23.714683531451438 ], [ 119.559936528690727, 23.713802336382876 ], [ 119.559143071659363, 23.713258742022422 ], [ 119.558319097049903, 23.713371275591804 ] ] ] } },
{ "type": "Feature", "properties": { "fid": 17, "FNODE_": 1043, "TNODE_": 1043, "LPOLY_": 1, "RPOLY_": 591, "LENGTH": 0.239, "BOU2_4M_": 1058, "BOU2_4M_ID": 26010, "GBCODE": 26010 }, "geometry": { "type": "MultiLineString", "coordinates": [ [ [ 120.176856999954808, 23.792985914884596 ], [ 120.176116948684665, 23.785547255215032 ], [ 120.169670110304509, 23.776792524988597 ], [ 120.164451604444039, 23.769420622521189 ], [ 120.160476689892448, 23.763433455161561 ], [ 120.157997136669195, 23.758827208212338 ], [ 120.156036382274024, 23.751928328205949 ], [ 120.153083806589564, 23.743875502276492 ], [ 120.149597173288115, 23.739498137163295 ], [ 120.143638616158185, 23.733959196732449 ], [ 120.13667297895006, 23.728649138137648 ], [ 120.133453374457204, 23.72404098383981 ], [ 120.130722051214406, 23.718975065869987 ], [ 120.118049626895726, 23.7053680407207 ], [ 120.114318852969333, 23.702367781320646 ], [ 120.110580449648509, 23.700513838449201 ], [ 120.106819158144432, 23.703716276804407 ], [ 120.108299260683836, 23.706708906809915 ], [ 120.128433232855471, 23.728845595046955 ], [ 120.140602117134918, 23.740840910601186 ], [ 120.145317082956083, 23.746143339801492 ], [ 120.147796636179322, 23.750747679402092 ], [ 120.150009160594166, 23.758796690634281 ], [ 120.151000981883499, 23.761098860434601 ], [ 120.155723577099195, 23.766630171470869 ], [ 120.16043854292046, 23.773080824548405 ], [ 120.166893010695276, 23.783214567836698 ], [ 120.170608525832776, 23.788743971524362 ], [ 120.172836309036384, 23.792655943571113 ], [ 120.173843389114722, 23.793809889494145 ], [ 120.175331121048472, 23.794044493376028 ], [ 120.176856999954808, 23.792985914884596 ] ] ] } },
{ "type": "Feature", "properties": { "fid": 18, "FNODE_": 1044, "TNODE_": 1045, "LPOLY_": 1, "RPOLY_": 1, "LENGTH": 0.058, "BOU2_4M_": 1059, "BOU2_4M_ID": 96, "GBCODE": 26100 }, "geometry": { "type": "MultiLineString", "coordinates": [ [ [ 119.570167546756934, 23.693691252393972 ], [ 119.569702153690571, 23.694759367628574 ], [ 119.568161015995315, 23.698413847609871 ], [ 119.561920171268042, 23.69812202326905 ], [ 119.554466252809917, 23.694837568922683 ], [ 119.55075836706709, 23.691360472364359 ], [ 119.550079350953325, 23.685161589306379 ], [ 119.55137634802351, 23.68127441279184 ], [ 119.554626470094163, 23.680160521189975 ], [ 119.557868962770357, 23.681339262645285 ], [ 119.562576299196863, 23.684137343090168 ], [ 119.565559392459008, 23.685773848217408 ], [ 119.568038945682076, 23.687633513134823 ], [ 119.571502690799889, 23.690649031323911 ] ] ] } },
{ "type": "Feature", "properties": { "fid": 19, "FNODE_": 1046, "TNODE_": 1046, "LPOLY_": 597, "RPOLY_": 1, "LENGTH": 0.031, "BOU2_4M_": 1060, "BOU2_4M_ID": 26010, "GBCODE": 26010 }, "geometry": { "type": "MultiLineString", "coordinates": [ [ [ 119.662513738171171, 23.658079146061819 ], [ 119.664497380749523, 23.658336638127299 ], [ 119.665176396863174, 23.662477492010062 ], [ 119.656913762585077, 23.665349959051834 ], [ 119.65293884803377, 23.663917540228276 ], [ 119.655242925182236, 23.660736082708034 ], [ 119.662513738171171, 23.658079146061819 ] ] ] } },
{ "type": "Feature", "properties": { "fid": 20, "FNODE_": 1047, "TNODE_": 1048, "LPOLY_": 1, "RPOLY_": 1, "LENGTH": 0.088, "BOU2_4M_": 1061, "BOU2_4M_ID": 109, "GBCODE": 26100 }, "geometry": { "type": "MultiLineString", "coordinates": [ [ [ 119.654083257214538, 23.677677153268398 ], [ 119.658309941785333, 23.678634642282255 ], [ 119.665100102918629, 23.674110411324168 ], [ 119.669662480848473, 23.668416975653898 ], [ 119.672981267469453, 23.66133689752731 ], [ 119.664863591686554, 23.650253294619702 ], [ 119.656143193736241, 23.649023054751332 ], [ 119.649116521372321, 23.651023863467675 ], [ 119.644058232797974, 23.657398222599998 ], [ 119.642486577524807, 23.664264677679643 ], [ 119.646392827525816, 23.672559736885539 ], [ 119.648857121959821, 23.674415587105678 ], [ 119.652099614636001, 23.67513465754034 ] ] ] } },
{ "type": "Feature", "properties": { "fid": 21, "FNODE_": 1049, "TNODE_": 1049, "LPOLY_": 1, "RPOLY_": 598, "LENGTH": 0.041, "BOU2_4M_": 1062, "BOU2_4M_ID": 26010, "GBCODE": 26010 }, "geometry": { "type": "MultiLineString", "coordinates": [ [ [ 120.124893193787884, 23.660428999573131 ], [ 120.126747136659191, 23.660255430847531 ], [ 120.129081731385682, 23.65569305291676 ], [ 120.129646306580753, 23.651563643125844 ], [ 120.129913335389361, 23.650878904966511 ], [ 120.129676824158793, 23.649955748228024 ], [ 120.130477910584446, 23.647439955380797 ], [ 120.130531316346008, 23.64445304742117 ], [ 120.129066472595724, 23.642822264339809 ], [ 120.126808171814261, 23.643478392269628 ], [ 120.125793462341548, 23.644151686337192 ], [ 120.124229436462755, 23.647804258969813 ], [ 120.123153691834034, 23.652385710386856 ], [ 120.123123174256037, 23.654453276305279 ], [ 120.122840886658437, 23.655599592833823 ], [ 120.123306279725, 23.657215117126178 ], [ 120.123542790955568, 23.658367155700621 ], [ 120.124893193787884, 23.660428999573131 ] ] ] } },
{ "type": "Feature", "properties": { "fid": 22, "FNODE_": 1050, "TNODE_": 1051, "LPOLY_": 1, "RPOLY_": 1, "LENGTH": 0.172, "BOU2_4M_": 1063, "BOU2_4M_ID": 12, "GBCODE": 26100 }, "geometry": { "type": "MultiLineString", "coordinates": [ [ [ 119.625717168344622, 23.684663771312252 ], [ 119.620727544320346, 23.680309294382617 ], [ 119.617477422249564, 23.67870712153076 ], [ 119.615478520882078, 23.678020476022805 ], [ 119.612503057014891, 23.682846068064958 ], [ 119.610008245003186, 23.687208174389173 ], [ 119.606018071663058, 23.689508436840889 ], [ 119.6015319876783, 23.691349028271976 ], [ 119.597290044318299, 23.68928909174813 ], [ 119.5935363822082, 23.684474943797905 ], [ 119.592536931524364, 23.682868956248786 ], [ 119.588798528203469, 23.680578230540256 ], [ 119.586799626836111, 23.681039808909567 ], [ 119.585807805547049, 23.682645796458704 ], [ 119.583816533574478, 23.687007902782927 ], [ 119.575843816288511, 23.688854216260015 ], [ 119.573089604862162, 23.68472480646907 ], [ 119.568336492068269, 23.679222105662276 ], [ 119.563842778688638, 23.675554274240639 ], [ 119.557853703980541, 23.67005157343382 ], [ 119.554862981323893, 23.668907164253884 ], [ 119.551612859252984, 23.665925978340187 ], [ 119.549362187865711, 23.661336897528642 ], [ 119.548858647826421, 23.658582686102299 ], [ 119.548103337767401, 23.653535841618737 ], [ 119.548851018431321, 23.650093077335775 ], [ 119.550590520384333, 23.645500181826915 ], [ 119.551589971067912, 23.643892286929063 ], [ 119.556823735716875, 23.642740248354549 ], [ 119.561073308471279, 23.642967222841872 ], [ 119.565063481811634, 23.644109724673136 ], [ 119.566551213745427, 23.644567488345107 ], [ 119.57103729773047, 23.646629332217568 ], [ 119.573287969117516, 23.647773741397469 ], [ 119.578277593141408, 23.646621702822909 ], [ 119.579017644410939, 23.644784926089113 ], [ 119.580017095094391, 23.641342161806154 ], [ 119.582008367067075, 23.638355253846473 ], [ 119.583503728395272, 23.637207029969257 ], [ 119.587982182985485, 23.634677885681548 ], [ 119.591972356325712, 23.633525847107055 ], [ 119.592216496950698, 23.633525847106998 ] ] ] } },
{ "type": "Feature", "properties": { "fid": 23, "FNODE_": 1053, "TNODE_": 1053, "LPOLY_": 1, "RPOLY_": 600, "LENGTH": 0.008, "BOU2_4M_": 1065, "BOU2_4M_ID": 26010, "GBCODE": 26010 }, "geometry": { "type": "MultiLineString", "coordinates": [ [ [ 119.676536565318614, 23.620347975399156 ], [ 119.676483159556923, 23.621002195980303 ], [ 119.677360539928188, 23.622083662655335 ], [ 119.678573613658784, 23.621511458065378 ], [ 119.679138188854097, 23.620706556942125 ], [ 119.678627019420389, 23.619733809139252 ], [ 119.677543645396796, 23.619483946468254 ], [ 119.676536565318614, 23.620347975399156 ] ] ] } },
{ "type": "Feature", "properties": { "fid": 24, "FNODE_": 1054, "TNODE_": 1055, "LPOLY_": 1, "RPOLY_": 1, "LENGTH": 0.062, "BOU2_4M_": 1066, "BOU2_4M_ID": 11, "GBCODE": 26100 }, "geometry": { "type": "MultiLineString", "coordinates": [ [ [ 119.618629460819889, 23.619264601376056 ], [ 119.619880681523327, 23.621557234433162 ], [ 119.620643620976907, 23.62752342095791 ], [ 119.622138982305557, 23.632572172790088 ], [ 119.625137334357078, 23.638763426453519 ], [ 119.626899724494493, 23.645647047670877 ], [ 119.62841034461222, 23.65138244501097 ], [ 119.62966919471063, 23.660560606634075 ], [ 119.630928044808897, 23.667444227851398 ], [ 119.632186894907022, 23.672491072334914 ], [ 119.632690434946383, 23.675933836617872 ], [ 119.631446843637832, 23.678918837228917 ], [ 119.63144684363786, 23.679147719064911 ] ] ] } },
{ "type": "Feature", "properties": { "fid": 25, "FNODE_": 1056, "TNODE_": 1057, "LPOLY_": 1, "RPOLY_": 1, "LENGTH": 0.026, "BOU2_4M_": 1067, "BOU2_4M_ID": 10, "GBCODE": 26100 }, "geometry": { "type": "MultiLineString", "coordinates": [ [ [ 119.628616338263271, 23.632102965026228 ], [ 119.628616338263072, 23.629119871763855 ], [ 119.627861028204165, 23.625219343808887 ], [ 119.626358037480969, 23.619943617489383 ], [ 119.623863225468682, 23.615812300349884 ], [ 119.619613652713852, 23.608703611993853 ], [ 119.619361882694264, 23.608476637506485 ] ] ] } },
{ "type": "Feature", "properties": { "fid": 26, "FNODE_": 1058, "TNODE_": 1059, "LPOLY_": 1, "RPOLY_": 1, "LENGTH": 0.067, "BOU2_4M_": 1068, "BOU2_4M_ID": 13, "GBCODE": 26100 }, "geometry": { "type": "MultiLineString", "coordinates": [ [ [ 119.58872223425459, 23.627330778746337 ], [ 119.582977300171876, 23.626878737120329 ], [ 119.578247075561976, 23.626653669981632 ], [ 119.573013310912884, 23.625513075499036 ], [ 119.569770818236591, 23.624368666319075 ], [ 119.565032964231989, 23.621158598569405 ], [ 119.563766484739361, 23.617258070614486 ], [ 119.564773564817443, 23.6147346483727 ], [ 119.567497258664986, 23.608533857965991 ], [ 119.570503240110583, 23.607841490412149 ], [ 119.573486333372642, 23.607610701227479 ], [ 119.575492864134631, 23.608526228571378 ], [ 119.577728276732643, 23.609901426935892 ], [ 119.581970220092671, 23.612649916316375 ], [ 119.587951665405939, 23.614250181819596 ], [ 119.593193059449632, 23.615852354671468 ], [ 119.593940740113794, 23.61607932915884 ], [ 119.594192510133368, 23.616310118343428 ] ] ] } },
{ "type": "Feature", "properties": { "fid": 27, "FNODE_": 1062, "TNODE_": 1063, "LPOLY_": 1, "RPOLY_": 1, "LENGTH": 0.073, "BOU2_4M_": 1071, "BOU2_4M_ID": 14, "GBCODE": 26100 }, "geometry": { "type": "MultiLineString", "coordinates": [ [ [ 119.601379399780612, 23.586692808766543 ], [ 119.599876409057913, 23.588531492848983 ], [ 119.596389775756606, 23.586698530812491 ], [ 119.593406682494688, 23.588768004079586 ], [ 119.590667729857898, 23.592214583059867 ], [ 119.588180547240739, 23.596807478568714 ], [ 119.584198003295185, 23.599796293876995 ], [ 119.573471074582912, 23.597740172050493 ], [ 119.567993169308707, 23.595449446342045 ], [ 119.559249883174445, 23.588573454519359 ], [ 119.558250432490595, 23.586509703298209 ], [ 119.557998662470851, 23.583755491871791 ], [ 119.559738164423734, 23.577325819629163 ], [ 119.562232976435496, 23.573421476976947 ], [ 119.566459661006249, 23.573417662279621 ] ] ] } },
{ "type": "Feature", "properties": { "fid": 28, "FNODE_": 1064, "TNODE_": 1064, "LPOLY_": 1, "RPOLY_": 603, "LENGTH": 0.027, "BOU2_4M_": 1072, "BOU2_4M_ID": 26010, "GBCODE": 26010 }, "geometry": { "type": "MultiLineString", "coordinates": [ [ [ 120.10845184856602, 23.583208082808518 ], [ 120.109466558038704, 23.581613539351089 ], [ 120.10949707561673, 23.580696104658522 ], [ 120.109497075616673, 23.580007551801891 ], [ 120.108802800714088, 23.577466963422477 ], [ 120.108566289483562, 23.57677459586861 ], [ 120.108093267022525, 23.575847624432917 ], [ 120.107109075127809, 23.574913023602587 ], [ 120.106620793877696, 23.574214934002846 ], [ 120.104400640068775, 23.573032377850289 ], [ 120.102897649346005, 23.573238371502701 ], [ 120.102638249931942, 23.573925017010691 ], [ 120.102371221123406, 23.574611662518585 ], [ 120.102348332939854, 23.575759886395801 ], [ 120.103073125420494, 23.577150343549405 ], [ 120.103553777276133, 23.578536986005759 ], [ 120.104507451592752, 23.580619810713248 ], [ 120.104988103448321, 23.581546782149005 ], [ 120.105972295343037, 23.582481382979275 ], [ 120.106697087823662, 23.58318137992763 ], [ 120.107452397882341, 23.583192824019459 ], [ 120.10845184856602, 23.583208082808518 ] ] ] } },
{ "type": "Feature", "properties": { "fid": 29, "FNODE_": 1065, "TNODE_": 1066, "LPOLY_": 1, "RPOLY_": 1, "LENGTH": 0.206, "BOU2_4M_": 1074, "BOU2_4M_ID": 15, "GBCODE": 26100 }, "geometry": { "type": "MultiLineString", "coordinates": [ [ [ 119.520347600453889, 23.568866728441204 ], [ 119.519111638540153, 23.57598113884319 ], [ 119.519859319204542, 23.579654692310744 ], [ 119.521110539908094, 23.583784102101692 ], [ 119.524597173209912, 23.592962263724747 ], [ 119.525863652702569, 23.598011015556914 ], [ 119.528610234734657, 23.606042860651453 ], [ 119.528862004754544, 23.610862730647618 ], [ 119.529373174188478, 23.614992140438545 ], [ 119.53610230016622, 23.621643065122576 ], [ 119.539848332881661, 23.62370681634367 ], [ 119.545593266964559, 23.627143858580698 ], [ 119.548332219601662, 23.628519056945269 ], [ 119.549331670285682, 23.632648466736207 ], [ 119.548843389035952, 23.638158796937571 ], [ 119.546348577024176, 23.64137267938461 ], [ 119.542861943723281, 23.645277022036904 ], [ 119.538116460324446, 23.647806166324607 ], [ 119.534141545773551, 23.652399061833503 ], [ 119.528907781124744, 23.655616758977782 ], [ 119.52491760778463, 23.658372877752839 ], [ 119.515937810420198, 23.656543730413663 ], [ 119.51020050573176, 23.651956556950825 ], [ 119.50570679235183, 23.644615172061531 ], [ 119.500961308952171, 23.634290693909914 ], [ 119.498466496939955, 23.631078718811558 ], [ 119.495460515493804, 23.623735426573649 ], [ 119.49720764684136, 23.619604109434089 ], [ 119.499946599478008, 23.613405226376003 ], [ 119.497436528676417, 23.605604170466123 ], [ 119.494697576038831, 23.597343443535614 ], [ 119.494941716663561, 23.592981337211388 ], [ 119.495429997912893, 23.582193373341834 ], [ 119.496177678576956, 23.580816267628627 ] ] ] } },
{ "type": "Feature", "properties": { "fid": 30, "FNODE_": 1069, "TNODE_": 1069, "LPOLY_": 599, "RPOLY_": 1, "LENGTH": 0.297, "BOU2_4M_": 1077, "BOU2_4M_ID": 26010, "GBCODE": 26010 }, "geometry": { "type": "MultiLineString", "coordinates": [ [ [ 119.473060613142891, 23.555091856612478 ], [ 119.479011540878062, 23.55678748954735 ], [ 119.482482915390293, 23.558443068160948 ], [ 119.486198430527466, 23.558958052291871 ], [ 119.491653447618035, 23.560644148483579 ], [ 119.499046330919938, 23.564655302659201 ], [ 119.500762944689782, 23.566745756761243 ], [ 119.511497502796445, 23.565753935471871 ], [ 119.51625061558984, 23.564445494309382 ], [ 119.51844788121528, 23.567230223313896 ], [ 119.516410832875366, 23.56972694267483 ], [ 119.51339722203528, 23.571060179369489 ], [ 119.514076238148945, 23.575431822436851 ], [ 119.518806462759827, 23.590190886160741 ], [ 119.523582463737753, 23.602426527642869 ], [ 119.524726872917938, 23.607950209284727 ], [ 119.524620061394984, 23.614837645199298 ], [ 119.525238042352569, 23.622419356016405 ], [ 119.524421697137882, 23.626310347228223 ], [ 119.535858159541633, 23.62831115594436 ], [ 119.540290837765014, 23.631357191711579 ], [ 119.544952397824417, 23.635557173401907 ], [ 119.545402532102017, 23.6385478960588 ], [ 119.542633061887031, 23.640802382143356 ], [ 119.535606389523096, 23.643226622256243 ], [ 119.52761841344801, 23.643802641543523 ], [ 119.51790619420855, 23.642513273867593 ], [ 119.513946538446277, 23.641078947695433 ], [ 119.507392888542512, 23.631114958435482 ], [ 119.504997258659031, 23.624881743102101 ], [ 119.504333501334457, 23.620281218198787 ], [ 119.510711675162682, 23.611650465633339 ], [ 119.511802678580452, 23.606616972590189 ], [ 119.511398320669841, 23.600872038506939 ], [ 119.508956914419329, 23.597394941948572 ], [ 119.503669744008818, 23.60076141228631 ], [ 119.501243596547354, 23.597282408379264 ], [ 119.502326970570593, 23.591789244315578 ], [ 119.506187444203377, 23.58495902885991 ], [ 119.493232732286813, 23.570079802172192 ], [ 119.489967351427168, 23.571409224169578 ], [ 119.483489995469427, 23.571542738573982 ], [ 119.478553777206983, 23.569404600756176 ], [ 119.475616460311855, 23.565229414598083 ], [ 119.473739629256528, 23.559234617843845 ], [ 119.473060613142891, 23.555091856612478 ] ] ] } },
{ "type": "Feature", "properties": { "fid": 31, "FNODE_": 1070, "TNODE_": 1071, "LPOLY_": 1, "RPOLY_": 1, "LENGTH": 0.175, "BOU2_4M_": 1078, "BOU2_4M_ID": 9, "GBCODE": 26100 }, "geometry": { "type": "MultiLineString", "coordinates": [ [ [ 119.682312016974592, 23.548707960734884 ], [ 119.686546330939763, 23.546634672770583 ], [ 119.694023137581169, 23.545934675822085 ], [ 119.699012761605132, 23.545925139078847 ], [ 119.703742986215119, 23.547294615397444 ], [ 119.708236699594707, 23.550041197429245 ], [ 119.710243230356809, 23.552331923137753 ], [ 119.709991460337505, 23.55577659476938 ], [ 119.707496648325673, 23.558305739057062 ], [ 119.703521733774664, 23.561296461713994 ], [ 119.701026921762832, 23.564054487837701 ], [ 119.698806767954281, 23.568189619674548 ], [ 119.696563725961994, 23.570259092941615 ], [ 119.695327764048045, 23.574163435593871 ], [ 119.694091802134139, 23.578296660082078 ], [ 119.692596440806071, 23.581512449877803 ], [ 119.691612248911611, 23.584268568652757 ], [ 119.69111633826725, 23.587711332935733 ], [ 119.688133245005432, 23.591159819264707 ], [ 119.685653691782704, 23.594148634572971 ], [ 119.683906560435148, 23.59828185906121 ], [ 119.680442815317917, 23.603567122123927 ], [ 119.675453191294281, 23.608394621514694 ], [ 119.670967107309721, 23.613451002741389 ], [ 119.666252141489196, 23.61827659478357 ], [ 119.66351318885242, 23.621496199276489 ], [ 119.661033635629551, 23.622417448666351 ], [ 119.657783513558826, 23.621732710507089 ], [ 119.655532842171752, 23.620361326839756 ], [ 119.652786260140076, 23.618528364803261 ], [ 119.649291997444166, 23.61577796807418 ], [ 119.646041875373356, 23.613487242365697 ], [ 119.642303472052589, 23.613264082575654 ], [ 119.640068059454876, 23.615562437678729 ], [ 119.640319829474649, 23.618774412777075 ], [ 119.643318181525842, 23.620378492977611 ], [ 119.644317632209649, 23.621522902157565 ], [ 119.645820622932746, 23.625652311948453 ], [ 119.645317082893897, 23.629785536436685 ], [ 119.644332890999408, 23.632310866027105 ], [ 119.642349248421283, 23.635526655822719 ], [ 119.640357976448612, 23.63828468194642 ], [ 119.637123113167178, 23.64104270807012 ], [ 119.636619573128115, 23.641962050111349 ] ] ] } },
{ "type": "Feature", "properties": { "fid": 32, "FNODE_": 1073, "TNODE_": 1073, "LPOLY_": 1, "RPOLY_": 609, "LENGTH": 0.032, "BOU2_4M_": 1080, "BOU2_4M_ID": 26010, "GBCODE": 26010 }, "geometry": { "type": "MultiLineString", "coordinates": [ [ [ 120.129226689873704, 23.538240431431337 ], [ 120.132446294366332, 23.53920936453704 ], [ 120.13320160442494, 23.538761137608194 ], [ 120.133956914483591, 23.538312910679391 ], [ 120.135726934014897, 23.536729811313748 ], [ 120.135986333428932, 23.536045073154444 ], [ 120.137283330499244, 23.533996580722349 ], [ 120.138069158135906, 23.531707762362455 ], [ 120.137832646905366, 23.531015394808634 ], [ 120.136863713799698, 23.529621122957753 ], [ 120.135871892510508, 23.529148100496695 ], [ 120.134140019951687, 23.52866172659526 ], [ 120.133377080498462, 23.528879164339418 ], [ 120.130622869072553, 23.530218123079976 ], [ 120.12857056194359, 23.533174513461539 ], [ 120.127769475517923, 23.535921095493357 ], [ 120.127990727959457, 23.537532805088414 ], [ 120.129226689873704, 23.538240431431337 ] ] ] } },
{ "type": "Feature", "properties": { "fid": 33, "FNODE_": 1074, "TNODE_": 1074, "LPOLY_": 1, "RPOLY_": 608, "LENGTH": 0.078, "BOU2_4M_": 1081, "BOU2_4M_ID": 26010, "GBCODE": 26010 }, "geometry": { "type": "MultiLineString", "coordinates": [ [ [ 120.070236211352011, 23.540651320104292 ], [ 120.064537053636144, 23.534421919468254 ], [ 120.059577947189965, 23.529575346591237 ], [ 120.054618840743785, 23.524269102693669 ], [ 120.047180181074424, 23.515964506744666 ], [ 120.044197087812307, 23.514572142242454 ], [ 120.043693547773358, 23.516637800812262 ], [ 120.049369817305845, 23.526313780428534 ], [ 120.053092961837748, 23.529777525546447 ], [ 120.056312566330575, 23.53415679800829 ], [ 120.059776311448402, 23.538078306798152 ], [ 120.061767583421357, 23.539695738439157 ], [ 120.063507085374752, 23.540622709874921 ], [ 120.06825256877363, 23.540184019689207 ], [ 120.070236211352011, 23.540651320104292 ] ] ] } },
{ "type": "Feature", "properties": { "fid": 34, "FNODE_": 1075, "TNODE_": 1075, "LPOLY_": 1, "RPOLY_": 596, "LENGTH": 0.932, "BOU2_4M_": 1082, "BOU2_4M_ID": 26010, "GBCODE": 26010 }, "geometry": { "type": "MultiLineString", "coordinates": [ [ [ 119.580490117546319, 23.507053373934799 ], [ 119.576736455436588, 23.507690428378329 ], [ 119.574119573112611, 23.515687941197459 ], [ 119.570556645866418, 23.520227430944608 ], [ 119.559036260123165, 23.523736952429889 ], [ 119.55274963902896, 23.527551649696367 ], [ 119.551689153189287, 23.531436918862322 ], [ 119.543167119497127, 23.53475952018152 ], [ 119.541618352407326, 23.537721632608903 ], [ 119.546218877310693, 23.54559135306959 ], [ 119.550376897331049, 23.550472258221962 ], [ 119.553092961784571, 23.552347181928429 ], [ 119.554389958854784, 23.548463820111142 ], [ 119.554466252799813, 23.544103621135587 ], [ 119.555801396842597, 23.538843153605129 ], [ 119.557891850943975, 23.532674788125238 ], [ 119.559928899283861, 23.530178068764283 ], [ 119.562431340690338, 23.529525755531715 ], [ 119.566886907097214, 23.531425474770348 ], [ 119.570343022820452, 23.533767698891914 ], [ 119.572113042351702, 23.531497954018352 ], [ 119.57444763707818, 23.525791166907695 ], [ 119.576736455437612, 23.523069380408039 ], [ 119.579002385613563, 23.521724699621625 ], [ 119.580970769402953, 23.523128508215638 ], [ 119.584640508173166, 23.527313231116906 ], [ 119.596618657588479, 23.525875090247361 ], [ 119.599357610225539, 23.526142119055972 ], [ 119.602462773800667, 23.534679411538281 ], [ 119.608993535520938, 23.546476362834792 ], [ 119.596763616086022, 23.547454832683719 ], [ 119.579612737177726, 23.545146940837736 ], [ 119.572853093622371, 23.546888350139881 ], [ 119.566558843133691, 23.550931929242413 ], [ 119.571006780146021, 23.55283164848105 ], [ 119.577217107295255, 23.554296492231334 ], [ 119.577903752803394, 23.55843734611409 ], [ 119.571662908076192, 23.559267042769584 ], [ 119.565933232782555, 23.558498381270464 ], [ 119.560173039910907, 23.560482023849062 ], [ 119.566963201045269, 23.571367262498857 ], [ 119.568626409053579, 23.576440809863271 ], [ 119.568031316280454, 23.582172392506116 ], [ 119.569488530636235, 23.584487913746852 ], [ 119.574501042843707, 23.58272170891243 ], [ 119.578971868039631, 23.583703993458499 ], [ 119.583122258665398, 23.588811873098237 ], [ 119.585403447630412, 23.587007521291184 ], [ 119.588752751829531, 23.580165861743776 ], [ 119.5915527396226, 23.576534269946031 ], [ 119.597366338255668, 23.57064628471521 ], [ 119.599220281127529, 23.579626082080424 ], [ 119.601676946167004, 23.581726072925584 ], [ 119.610603337769803, 23.584604262013006 ], [ 119.609306340699533, 23.587570189137747 ], [ 119.608222966676323, 23.592834471365471 ], [ 119.606147771363922, 23.597854612968145 ], [ 119.610099797731706, 23.600206373832901 ], [ 119.611526494509476, 23.603899000786857 ], [ 119.602890019899803, 23.614107130671936 ], [ 119.602561955935272, 23.61915397515552 ], [ 119.600791936403965, 23.62073516717248 ], [ 119.596527104860513, 23.621593474057494 ], [ 119.593002324586905, 23.624528883604054 ], [ 119.593437200075485, 23.628208159117538 ], [ 119.595787053591906, 23.636274336487457 ], [ 119.59425354529121, 23.639696119935508 ], [ 119.588142400271479, 23.647184370669638 ], [ 119.584533696658269, 23.654478071843148 ], [ 119.580688481814477, 23.660392759954888 ], [ 119.578208928591494, 23.65944099298688 ], [ 119.574798589235314, 23.654802321110886 ], [ 119.571609502320712, 23.651773451481368 ], [ 119.56562805700753, 23.651689528141574 ], [ 119.561363225464191, 23.653005598698538 ], [ 119.557342534545896, 23.655014036809359 ], [ 119.555763249878041, 23.659811018621983 ], [ 119.558227544312047, 23.6616840349798 ], [ 119.56343079138307, 23.663593290961593 ], [ 119.572578435427403, 23.668542860664719 ], [ 119.579727178104321, 23.673234938302421 ], [ 119.58197022009675, 23.6732654558805 ], [ 119.587753301151949, 23.67105102411729 ], [ 119.60196686316516, 23.669872282661824 ], [ 119.606536870489634, 23.665344237006483 ], [ 119.619613652716168, 23.643262861879396 ], [ 119.616127019414932, 23.642984388978963 ], [ 119.610328679570841, 23.647033690127394 ], [ 119.609931951054747, 23.640832899720735 ], [ 119.606613164432602, 23.630916594176604 ], [ 119.6138229422655, 23.631704329162059 ], [ 119.615921025761367, 23.625076292661554 ], [ 119.612457280643738, 23.623651503232587 ], [ 119.615753179081381, 23.620483397152707 ], [ 119.619491582401096, 23.605155943536012 ], [ 119.622016911991025, 23.602436064385046 ], [ 119.626541142948426, 23.600662230156075 ], [ 119.629356389530429, 23.595651625296551 ], [ 119.628532414920286, 23.585311888355811 ], [ 119.62838745642371, 23.578882216113161 ], [ 119.628929143435357, 23.576364515917312 ], [ 119.630920415408241, 23.576620100634127 ], [ 119.633880620486821, 23.578498839037852 ], [ 119.635276799686565, 23.584255217212881 ], [ 119.638397222050671, 23.591186522146042 ], [ 119.639320378789407, 23.59624671806996 ], [ 119.641548161992858, 23.597425459525311 ], [ 119.647621160040018, 23.591770170827711 ], [ 119.651229863654237, 23.599393843314704 ], [ 119.653923039924308, 23.602872847221679 ], [ 119.656867986213868, 23.605440138482003 ], [ 119.659141545784308, 23.603633879326313 ], [ 119.663002019417036, 23.596111296316828 ], [ 119.670913701546041, 23.584281920093431 ], [ 119.672378545296326, 23.586366652149543 ], [ 119.674011235726681, 23.593275068899086 ], [ 119.675483708871482, 23.594902037283177 ], [ 119.679046636117633, 23.589672087330857 ], [ 119.685226445687761, 23.577129362718626 ], [ 119.689163213265516, 23.565015791548952 ], [ 119.695762639535275, 23.557529448163454 ], [ 119.697036748421908, 23.554561613690151 ], [ 119.691093450081297, 23.55310439933443 ], [ 119.686836247932447, 23.553737639080698 ], [ 119.683059697639251, 23.55667114127862 ], [ 119.679252629768044, 23.561210631025791 ], [ 119.673812871466481, 23.558841704023333 ], [ 119.667343144903256, 23.558065413129668 ], [ 119.64940643835827, 23.558052061689494 ], [ 119.647392278201906, 23.559171675337161 ], [ 119.641563420778724, 23.550138472210239 ], [ 119.638107305055556, 23.547796248088634 ], [ 119.627487187866464, 23.542140959391272 ], [ 119.625556951049617, 23.538440703042781 ], [ 119.624877934935938, 23.534530638344652 ], [ 119.615997319700242, 23.528667448646218 ], [ 119.610107427121093, 23.523536680822865 ], [ 119.609138494015397, 23.521686552648642 ], [ 119.608917241573792, 23.51961898673024 ], [ 119.612983708859133, 23.515312193516372 ], [ 119.612312322140014, 23.510711668613023 ], [ 119.606109624385297, 23.509248732211368 ], [ 119.580490117546319, 23.507053373934799 ] ] ] } },
{ "type": "Feature", "properties": { "fid": 35, "FNODE_": 1076, "TNODE_": 1076, "LPOLY_": 1, "RPOLY_": 610, "LENGTH": 0.015, "BOU2_4M_": 1083, "BOU2_4M_ID": 26010, "GBCODE": 26010 }, "geometry": { "type": "MultiLineString", "coordinates": [ [ [ 119.516983037460932, 23.504695891024721 ], [ 119.517356877793063, 23.506057737948854 ], [ 119.518760686387068, 23.507135389926621 ], [ 119.520668035020009, 23.506587980868865 ], [ 119.52155304478562, 23.504484175326379 ], [ 119.520652776230733, 23.502769468905143 ], [ 119.518707280624994, 23.502191542269298 ], [ 119.517013555038915, 23.502994536043879 ], [ 119.516983037460932, 23.504695891024721 ] ] ] } },
{ "type": "Feature", "properties": { "fid": 36, "FNODE_": 1077, "TNODE_": 1077, "LPOLY_": 611, "RPOLY_": 1, "LENGTH": 0.081, "BOU2_4M_": 1084, "BOU2_4M_ID": 26010, "GBCODE": 26010 }, "geometry": { "type": "MultiLineString", "coordinates": [ [ [ 119.542617803088064, 23.493431089996601 ], [ 119.531181340684313, 23.492349623321683 ], [ 119.527946477402651, 23.491384504913309 ], [ 119.523551946151798, 23.486501692412286 ], [ 119.521591191756968, 23.485095976469573 ], [ 119.518333440291869, 23.486196516631008 ], [ 119.514091496932039, 23.486824034331356 ], [ 119.50985718296667, 23.486303328154538 ], [ 119.509193425642096, 23.481931685087165 ], [ 119.510719304548402, 23.480117796536945 ], [ 119.514717107283133, 23.479026793118717 ], [ 119.520416264998715, 23.480487822171707 ], [ 119.538978581895805, 23.487411497710173 ], [ 119.542190556993958, 23.489065168975163 ], [ 119.543159490099626, 23.490684507964758 ], [ 119.542617803088064, 23.493431089996601 ] ] ] } },
{ "type": "Feature", "properties": { "fid": 37, "FNODE_": 1080, "TNODE_": 1080, "LPOLY_": 1, "RPOLY_": 607, "LENGTH": 0.195, "BOU2_4M_": 1087, "BOU2_4M_ID": 26010, "GBCODE": 26010 }, "geometry": { "type": "MultiLineString", "coordinates": [ [ [ 120.055732732347053, 23.547483442908646 ], [ 120.056991582444695, 23.545419691687528 ], [ 120.051048284103686, 23.53758048880503 ], [ 120.038902288007691, 23.523738859773776 ], [ 120.027771001384281, 23.506914137480173 ], [ 120.024818425699905, 23.500236509915339 ], [ 120.024093633219096, 23.496097563381209 ], [ 120.020393376870686, 23.491024016016834 ], [ 120.016662602944265, 23.48779106008357 ], [ 120.013191228431907, 23.483638762109084 ], [ 120.010719304603228, 23.47972106801646 ], [ 120.009002690833285, 23.476264952293064 ], [ 120.008018498938469, 23.473272322287546 ], [ 120.005287175695727, 23.469814299215489 ], [ 120.00430298380104, 23.469120024313039 ], [ 120.001792913000187, 23.472095488180891 ], [ 120.002471929114279, 23.482669829003523 ], [ 120.005180364173583, 23.488656996363193 ], [ 120.014839177652007, 23.50088119375344 ], [ 120.020790105387434, 23.506881712553501 ], [ 120.024749761149906, 23.511955259917887 ], [ 120.030937200115901, 23.519107817292422 ], [ 120.034652715253372, 23.524639128328701 ], [ 120.039596562910646, 23.531555174472746 ], [ 120.046546941329865, 23.53917121756513 ], [ 120.050018315842266, 23.543779371863014 ], [ 120.053253179124056, 23.546552656775706 ], [ 120.055732732347053, 23.547483442908646 ] ] ] } },
{ "type": "Feature", "properties": { "fid": 38, "FNODE_": 1081, "TNODE_": 1082, "LPOLY_": 1, "RPOLY_": 1, "LENGTH": 1.14, "BOU2_4M_": 1088, "BOU2_4M_ID": 1001, "GBCODE": 61010 }, "geometry": { "type": "MultiLineString", "coordinates": [ [ [ 122.506622319962773, 23.467723845093527 ], [ 122.788742071041725, 24.572216032814929 ] ] ] } },
{ "type": "Feature", "properties": { "fid": 39, "FNODE_": 1086, "TNODE_": 1086, "LPOLY_": 616, "RPOLY_": 1, "LENGTH": 0.034, "BOU2_4M_": 1092, "BOU2_4M_ID": 26010, "GBCODE": 26010 }, "geometry": { "type": "MultiLineString", "coordinates": [ [ [ 119.321319585282652, 23.393241880992257 ], [ 119.325302129228433, 23.393302916148528 ], [ 119.330482488115891, 23.395679472545456 ], [ 119.333183293780451, 23.398246763805769 ], [ 119.333381658038462, 23.400547026257481 ], [ 119.326896672686146, 23.401132582287921 ], [ 119.320968633134541, 23.398746489147793 ], [ 119.320289617020947, 23.395061491588415 ], [ 119.321319585282652, 23.393241880992257 ] ] ] } },
{ "type": "Feature", "properties": { "fid": 40, "FNODE_": 1087, "TNODE_": 1087, "LPOLY_": 1, "RPOLY_": 618, "LENGTH": 0.064, "BOU2_4M_": 1093, "BOU2_4M_ID": 26010, "GBCODE": 26010 }, "geometry": { "type": "MultiLineString", "coordinates": [ [ [ 119.527297978858144, 23.353633879272682 ], [ 119.518081670263385, 23.354419706909642 ], [ 119.521972661475104, 23.359525679200775 ], [ 119.524688725928641, 23.360942839235282 ], [ 119.528121953468286, 23.363977430910669 ], [ 119.535552983742704, 23.366149901003883 ], [ 119.541511540872321, 23.366693495364284 ], [ 119.544021611673301, 23.365352629275101 ], [ 119.542327886086994, 23.362575529665119 ], [ 119.535873418312818, 23.362251280397523 ], [ 119.528450017432846, 23.359390257447743 ], [ 119.528991704444465, 23.356643675415889 ], [ 119.527297978858144, 23.353633879272682 ] ] ] } },
{ "type": "Feature", "properties": { "fid": 41, "FNODE_": 1088, "TNODE_": 1088, "LPOLY_": 1, "RPOLY_": 617, "LENGTH": 0.128, "BOU2_4M_": 1094, "BOU2_4M_ID": 26010, "GBCODE": 26010 }, "geometry": { "type": "MultiLineString", "coordinates": [ [ [ 119.508163457371552, 23.35289764270043 ], [ 119.504356389500231, 23.356515883057678 ], [ 119.49619293735077, 23.354560850708705 ], [ 119.490196233248582, 23.355161665528207 ], [ 119.49260712192104, 23.359560011476407 ], [ 119.495063786960515, 23.362119673342185 ], [ 119.493186955906111, 23.369440077396554 ], [ 119.492851262547106, 23.375173567388096 ], [ 119.491767888523839, 23.379978178595202 ], [ 119.492683415868086, 23.385042189216382 ], [ 119.488319402196197, 23.392326353646755 ], [ 119.492813115575586, 23.392162321664266 ], [ 119.495552068212561, 23.391513823128953 ], [ 119.508003240088968, 23.391466139412973 ], [ 119.508819585303598, 23.386884687995956 ], [ 119.510627751807462, 23.383237837409197 ], [ 119.509742742041283, 23.376798628423426 ], [ 119.508537297705047, 23.373794554326118 ], [ 119.509590154150274, 23.371055601688806 ], [ 119.516319280127533, 23.370235441776401 ], [ 119.517120366553186, 23.367033003421248 ], [ 119.513702397802561, 23.363080977053187 ], [ 119.508163457371552, 23.35289764270043 ] ] ] } },
{ "type": "Feature", "properties": { "fid": 42, "FNODE_": 1091, "TNODE_": 1092, "LPOLY_": 1, "RPOLY_": 1, "LENGTH": 0.164, "BOU2_4M_": 1097, "BOU2_4M_ID": 201, "GBCODE": 26100 }, "geometry": { "type": "MultiLineString", "coordinates": [ [ [ 119.485580449559549, 23.398054121592367 ], [ 119.48863983676695, 23.398714064219497 ], [ 119.499359136084621, 23.399282454112058 ], [ 119.504333501319621, 23.40002250538172 ], [ 119.511596684913926, 23.396198271372057 ], [ 119.51818848178911, 23.388004301643573 ], [ 119.522033696632732, 23.379785536382936 ], [ 119.523391728858783, 23.369705198856312 ], [ 119.517669682958925, 23.358358381837277 ], [ 119.515808110692646, 23.351902006713814 ], [ 119.511749272800927, 23.342744825925692 ], [ 119.50080109164729, 23.341485975827858 ], [ 119.490303044771338, 23.345275877562148 ], [ 119.483718877290656, 23.352779387085381 ], [ 119.482643132662091, 23.36010932788292 ], [ 119.483818059420429, 23.365398405642839 ], [ 119.484451299167219, 23.374811171147815 ], [ 119.482322698093483, 23.385572432136552 ], [ 119.480262761570202, 23.391515730477714 ], [ 119.481933598973129, 23.397268293955523 ] ] ] } },
{ "type": "Feature", "properties": { "fid": 43, "FNODE_": 1094, "TNODE_": 1094, "LPOLY_": 1, "RPOLY_": 624, "LENGTH": 0.012, "BOU2_4M_": 1099, "BOU2_4M_ID": 26010, "GBCODE": 26010 }, "geometry": { "type": "MultiLineString", "coordinates": [ [ [ 119.316467290355206, 23.318408964716042 ], [ 119.316551213695163, 23.320035933100222 ], [ 119.31802368683995, 23.321470259272402 ], [ 119.319526677562735, 23.320936201655016 ], [ 119.31996918244549, 23.319236754022828 ], [ 119.319068913890618, 23.318050383172956 ], [ 119.317527776195078, 23.317279814325151 ], [ 119.316467290355206, 23.318408964716042 ] ] ] } },
{ "type": "Feature", "properties": { "fid": 44, "FNODE_": 1098, "TNODE_": 1098, "LPOLY_": 1, "RPOLY_": 625, "LENGTH": 0.015, "BOU2_4M_": 1102, "BOU2_4M_ID": 26010, "GBCODE": 26010 }, "geometry": { "type": "MultiLineString", "coordinates": [ [ [ 119.335777287915562, 23.311656950554262 ], [ 119.336380010083673, 23.313211439690271 ], [ 119.33743286652917, 23.314214705071361 ], [ 119.339286809400463, 23.313631056389617 ], [ 119.340522771314539, 23.311332701286513 ], [ 119.339736943677579, 23.309801100334006 ], [ 119.338241582349283, 23.309350966056655 ], [ 119.336387639477991, 23.309934614738381 ], [ 119.335853581860817, 23.310991285881265 ], [ 119.335777287915562, 23.311656950554262 ] ] ] } },
{ "type": "Feature", "properties": { "fid": 45, "FNODE_": 1099, "TNODE_": 1099, "LPOLY_": 622, "RPOLY_": 1, "LENGTH": 0.061, "BOU2_4M_": 1103, "BOU2_4M_ID": 26010, "GBCODE": 26010 }, "geometry": { "type": "MultiLineString", "coordinates": [ [ [ 120.098243718662772, 23.303009031844613 ], [ 120.100708013096465, 23.300613401961233 ], [ 120.104637151280542, 23.301538466048356 ], [ 120.107650762120898, 23.30445480210853 ], [ 120.109992986242588, 23.30927467210466 ], [ 120.111419683020458, 23.314695356920236 ], [ 120.111968999426978, 23.317897795275464 ], [ 120.112167363685089, 23.322090147571274 ], [ 120.109748845618682, 23.325725554066203 ], [ 120.10817719034506, 23.325483320789804 ], [ 120.107109075110557, 23.325170515613973 ], [ 120.106147771399336, 23.322494505481547 ], [ 120.104766850988909, 23.320350645617818 ], [ 120.102737432043156, 23.31736183030959 ], [ 120.102706914464918, 23.315547941759398 ], [ 120.101837163488142, 23.31367683275019 ], [ 120.101249700109008, 23.311765669419717 ], [ 120.100189214268823, 23.30835342271488 ], [ 120.0998764090929, 23.306522368026972 ], [ 120.098243718662772, 23.303009031844613 ] ] ] } },
{ "type": "Feature", "properties": { "fid": 46, "FNODE_": 1100, "TNODE_": 1100, "LPOLY_": 1, "RPOLY_": 626, "LENGTH": 0.013, "BOU2_4M_": 1104, "BOU2_4M_ID": 26010, "GBCODE": 26010 }, "geometry": { "type": "MultiLineString", "coordinates": [ [ [ 119.344833379224383, 23.29959869249484 ], [ 119.345626836255832, 23.301288603383888 ], [ 119.348106389478744, 23.301275251943434 ], [ 119.349639897779596, 23.299755095082734 ], [ 119.349243169263843, 23.298336027699559 ], [ 119.347717290357409, 23.297725676137013 ], [ 119.346031194165832, 23.298284529286541 ], [ 119.345252995923616, 23.298885344106001 ], [ 119.344833379224383, 23.29959869249484 ] ] ] } },
{ "type": "Feature", "properties": { "fid": 47, "FNODE_": 1102, "TNODE_": 1102, "LPOLY_": 1, "RPOLY_": 627, "LENGTH": 0.086, "BOU2_4M_": 1106, "BOU2_4M_ID": 26010, "GBCODE": 26010 }, "geometry": { "type": "MultiLineString", "coordinates": [ [ [ 120.090011601962445, 23.299442289900547 ], [ 120.090049748934518, 23.291168211529634 ], [ 120.088607793367331, 23.281740187235624 ], [ 120.087387090241762, 23.275299070901188 ], [ 120.087181096588949, 23.269323347633328 ], [ 120.087211614166691, 23.263578413550068 ], [ 120.084732060943622, 23.26126861435522 ], [ 120.081001287017429, 23.260793684545611 ], [ 120.079483037505895, 23.265844343726364 ], [ 120.079933171783821, 23.273660658425332 ], [ 120.081123357331521, 23.283777235575929 ], [ 120.082092290437458, 23.289066313335866 ], [ 120.084053044832629, 23.295049665998302 ], [ 120.086036687411109, 23.297357557844464 ], [ 120.089012151278752, 23.299436567854688 ], [ 120.090011601962445, 23.299442289900547 ] ] ] } },
{ "type": "Feature", "properties": { "fid": 48, "FNODE_": 1103, "TNODE_": 1103, "LPOLY_": 629, "RPOLY_": 1, "LENGTH": 0.023, "BOU2_4M_": 1107, "BOU2_4M_ID": 26010, "GBCODE": 26010 }, "geometry": { "type": "MultiLineString", "coordinates": [ [ [ 119.507003789396379, 23.260589598246575 ], [ 119.509956365080427, 23.262008665629683 ], [ 119.508331304045598, 23.269561766217269 ], [ 119.505119328947529, 23.268596647808913 ], [ 119.507003789396379, 23.260589598246575 ] ] ] } },
{ "type": "Feature", "properties": { "fid": 49, "FNODE_": 1106, "TNODE_": 1106, "LPOLY_": 632, "RPOLY_": 1, "LENGTH": 0.034, "BOU2_4M_": 1110, "BOU2_4M_ID": 26010, "GBCODE": 26010 }, "geometry": { "type": "MultiLineString", "coordinates": [ [ [ 119.510437016935043, 23.248470305031034 ], [ 119.521972661468212, 23.257591246194995 ], [ 119.518188481780456, 23.260292051859665 ], [ 119.512573247404418, 23.254470823831134 ], [ 119.510627751798552, 23.251688002175243 ], [ 119.510437016935043, 23.248470305031034 ] ] ] } },
{ "type": "Feature", "properties": { "fid": 50, "FNODE_": 1107, "TNODE_": 1107, "LPOLY_": 1, "RPOLY_": 635, "LENGTH": 0.01, "BOU2_4M_": 1111, "BOU2_4M_ID": 26010, "GBCODE": 26010 }, "geometry": { "type": "MultiLineString", "coordinates": [ [ [ 119.613258367044097, 23.247453688208612 ], [ 119.613197331887918, 23.248619078223587 ], [ 119.613853459817761, 23.249567030494202 ], [ 119.615722661478117, 23.249534605567476 ], [ 119.616622930032776, 23.24813651901928 ], [ 119.616050725442818, 23.24694442612353 ], [ 119.614593511087151, 23.246456144873456 ], [ 119.613258367044097, 23.247453688208612 ] ] ] } },
{ "type": "Feature", "properties": { "fid": 51, "FNODE_": 1108, "TNODE_": 1108, "LPOLY_": 631, "RPOLY_": 1, "LENGTH": 0.045, "BOU2_4M_": 1112, "BOU2_4M_ID": 26010, "GBCODE": 26010 }, "geometry": { "type": "MultiLineString", "coordinates": [ [ [ 119.668853764999312, 23.244955061498647 ], [ 119.670570378769071, 23.245895384374801 ], [ 119.674743657578418, 23.249855040137355 ], [ 119.679916387071373, 23.252679823463119 ], [ 119.681129460802097, 23.254304884498644 ], [ 119.676597600450265, 23.257917402809948 ], [ 119.673339848985165, 23.259708403176621 ], [ 119.66959381626998, 23.260576246804792 ], [ 119.667892461289171, 23.258028029030772 ], [ 119.668251042831713, 23.251146315162121 ], [ 119.667823796737622, 23.247236250464024 ], [ 119.668853764999312, 23.244955061498647 ] ] ] } },
{ "type": "Feature", "properties": { "fid": 52, "FNODE_": 1109, "TNODE_": 1109, "LPOLY_": 1, "RPOLY_": 633, "LENGTH": 0.037, "BOU2_4M_": 1113, "BOU2_4M_ID": 26010, "GBCODE": 26010 }, "geometry": { "type": "MultiLineString", "coordinates": [ [ [ 120.082283025298722, 23.259372709813842 ], [ 120.083290105376889, 23.258697508397674 ], [ 120.083343511138395, 23.255479811253412 ], [ 120.083106999907841, 23.254558561863558 ], [ 120.08262634805223, 23.253629683079211 ], [ 120.081703191313622, 23.250167845309864 ], [ 120.081710820708125, 23.249477385104672 ], [ 120.082283025297755, 23.245578764498351 ], [ 120.082572942289815, 23.243284224092601 ], [ 120.080841069731022, 23.243028639375744 ], [ 120.079277043852187, 23.246452330172403 ], [ 120.079269414457698, 23.247142790377598 ], [ 120.078948979887628, 23.251045225681231 ], [ 120.078651433501051, 23.253797529758973 ], [ 120.078872685942571, 23.254951475682041 ], [ 120.079589849028707, 23.256801603856243 ], [ 120.079826360259247, 23.257495878758739 ], [ 120.080802922759418, 23.258430479589002 ], [ 120.081291204009503, 23.25889778000419 ], [ 120.082283025298722, 23.259372709813842 ] ] ] } },
{ "type": "Feature", "properties": { "fid": 53, "FNODE_": 1111, "TNODE_": 1111, "LPOLY_": 1, "RPOLY_": 636, "LENGTH": 0.057, "BOU2_4M_": 1115, "BOU2_4M_ID": 26010, "GBCODE": 26010 }, "geometry": { "type": "MultiLineString", "coordinates": [ [ [ 120.077407842190993, 23.234350203094593 ], [ 120.07768250039382, 23.229753492888523 ], [ 120.075973516018223, 23.223770140226115 ], [ 120.073509221584075, 23.219623564297532 ], [ 120.071563725977853, 23.211570738368071 ], [ 120.069076543360211, 23.208572386316607 ], [ 120.067832952051575, 23.209716795496558 ], [ 120.067558293848805, 23.215461729579864 ], [ 120.068519597560211, 23.220750807339751 ], [ 120.072700505764459, 23.230421064910189 ], [ 120.075180058987542, 23.232961653289625 ], [ 120.077407842190993, 23.234350203094593 ] ] ] } },
{ "type": "Feature", "properties": { "fid": 54, "FNODE_": 1113, "TNODE_": 1113, "LPOLY_": 638, "RPOLY_": 1, "LENGTH": 0.108, "BOU2_4M_": 1116, "BOU2_4M_ID": 26010, "GBCODE": 26010 }, "geometry": { "type": "MultiLineString", "coordinates": [ [ [ 119.425323491530406, 23.183385847619963 ], [ 119.428047185378333, 23.183425901941263 ], [ 119.4319534353791, 23.188076017909054 ], [ 119.437576299149598, 23.192523954921686 ], [ 119.44474793000991, 23.194696425014858 ], [ 119.441688542802837, 23.199014662320558 ], [ 119.441886907060862, 23.202230452116183 ], [ 119.445007329424939, 23.208477018889948 ], [ 119.444442754229797, 23.212141035614415 ], [ 119.442413335284428, 23.21440696579068 ], [ 119.435462956865592, 23.213844297943943 ], [ 119.415901189285009, 23.210105894622973 ], [ 119.410751347975548, 23.205896376189472 ], [ 119.422348027663773, 23.196657179409986 ], [ 119.422203069167281, 23.190914152675354 ], [ 119.423538213210037, 23.185653685144892 ], [ 119.425323491530406, 23.183385847619963 ] ] ] } },
{ "type": "Feature", "properties": { "fid": 55, "FNODE_": 1114, "TNODE_": 1114, "LPOLY_": 1, "RPOLY_": 639, "LENGTH": 0.053, "BOU2_4M_": 1117, "BOU2_4M_ID": 26010, "GBCODE": 26010 }, "geometry": { "type": "MultiLineString", "coordinates": [ [ [ 120.06738281777362, 23.201900480797665 ], [ 120.068153386621162, 23.19914626937123 ], [ 120.065933232812014, 23.194540022422025 ], [ 120.063491826561105, 23.185106276082124 ], [ 120.061767583396602, 23.181190489338135 ], [ 120.059791570212695, 23.179344175861189 ], [ 120.056800847556147, 23.180019377277389 ], [ 120.057769780662056, 23.184850691365327 ], [ 120.059982305076687, 23.189685820150498 ], [ 120.061943059471758, 23.194522856284365 ], [ 120.063171391991673, 23.198434828331074 ], [ 120.06738281777362, 23.201900480797665 ] ] ] } },
{ "type": "Feature", "properties": { "fid": 56, "FNODE_": 1115, "TNODE_": 1115, "LPOLY_": 1, "RPOLY_": 640, "LENGTH": 0.068, "BOU2_4M_": 1118, "BOU2_4M_ID": 26010, "GBCODE": 26010 }, "geometry": { "type": "MultiLineString", "coordinates": [ [ [ 120.053146367574271, 23.165525435013528 ], [ 120.055160527730521, 23.162086485427825 ], [ 120.054458623432993, 23.154268263380253 ], [ 120.051773076557126, 23.145751951732894 ], [ 120.050788884662225, 23.141841887034811 ], [ 120.049316411517395, 23.139535902537247 ], [ 120.046340947649767, 23.137454985178387 ], [ 120.04261017372356, 23.13720893720479 ], [ 120.041358953020378, 23.138351439036139 ], [ 120.043823247454569, 23.143419264354527 ], [ 120.047271733783461, 23.149179457226854 ], [ 120.049728398823163, 23.15470695356591 ], [ 120.049713140034299, 23.157236097853573 ], [ 120.05019379189001, 23.160226820510491 ], [ 120.051162724995919, 23.164596556229181 ], [ 120.05165863564055, 23.165517805619036 ], [ 120.053146367574271, 23.165525435013528 ] ] ] } },
{ "type": "Feature", "properties": { "fid": 57, "FNODE_": 1116, "TNODE_": 1116, "LPOLY_": 1, "RPOLY_": 641, "LENGTH": 0.023, "BOU2_4M_": 1119, "BOU2_4M_ID": 26010, "GBCODE": 26010 }, "geometry": { "type": "MultiLineString", "coordinates": [ [ [ 121.409492498072993, 23.129570005919792 ], [ 121.410118108424683, 23.13100051739471 ], [ 121.412933355007127, 23.133058546569885 ], [ 121.41533661428474, 23.13393211224389 ], [ 121.418556218777226, 23.134176252868919 ], [ 121.41874695364038, 23.132112501647772 ], [ 121.415420537624314, 23.130247114684547 ], [ 121.412727361354527, 23.12958335736019 ], [ 121.409492498072993, 23.129570005919792 ] ] ] } },
{ "type": "Feature", "properties": { "fid": 58, "FNODE_": 1118, "TNODE_": 1118, "LPOLY_": 1, "RPOLY_": 642, "LENGTH": 0.136, "BOU2_4M_": 1121, "BOU2_4M_ID": 26010, "GBCODE": 26010 }, "geometry": { "type": "MultiLineString", "coordinates": [ [ [ 120.050323491594838, 23.128196714912704 ], [ 120.043678288957139, 23.124341963325005 ], [ 120.037727361221783, 23.119489668402142 ], [ 120.034767156143033, 23.114648817571098 ], [ 120.03558350135728, 23.104539869814968 ], [ 120.036872869032607, 23.096500395325904 ], [ 120.036911016004822, 23.089605330016809 ], [ 120.035682683484907, 23.086381910826638 ], [ 120.032966619031242, 23.082462309385413 ], [ 120.027290349498955, 23.076002119564738 ], [ 120.025558476940063, 23.074384687923779 ], [ 120.024528508678557, 23.079437254453207 ], [ 120.02847290565218, 23.087268827941173 ], [ 120.030899053113998, 23.096244810609122 ], [ 120.029312139052436, 23.112556456120465 ], [ 120.02977753211934, 23.118534086736965 ], [ 120.034233098526414, 23.124069212470559 ], [ 120.039421086808545, 23.128231047188208 ], [ 120.04463959266856, 23.129632948433571 ], [ 120.049377446672892, 23.128734587227303 ], [ 120.050323491594838, 23.128196714912704 ] ] ] } },
{ "type": "Feature", "properties": { "fid": 59, "FNODE_": 1119, "TNODE_": 1119, "LPOLY_": 1, "RPOLY_": 643, "LENGTH": 0.037, "BOU2_4M_": 1122, "BOU2_4M_ID": 26010, "GBCODE": 26010 }, "geometry": { "type": "MultiLineString", "coordinates": [ [ [ 120.040626531141527, 23.084245680357409 ], [ 120.041122441786072, 23.083663939024294 ], [ 120.041786199110305, 23.082864759946968 ], [ 120.042053227918871, 23.082180021787646 ], [ 120.042083745496939, 23.081258772397764 ], [ 120.042922978895106, 23.076215742611534 ], [ 120.042930608289581, 23.075296400570327 ], [ 120.042716985242521, 23.073223112606019 ], [ 120.040756230847691, 23.071352003596818 ], [ 120.039779668347563, 23.071107862971807 ], [ 120.038047795788756, 23.070621489070327 ], [ 120.035820012585347, 23.069894789241111 ], [ 120.034072881237591, 23.070789335750121 ], [ 120.034057622448543, 23.071477888606672 ], [ 120.034729009167648, 23.075397490047965 ], [ 120.035453801648245, 23.076559065365569 ], [ 120.035919194714808, 23.077945707821929 ], [ 120.037109380262009, 23.080720900083222 ], [ 120.037597661512095, 23.081420897031645 ], [ 120.038078313367677, 23.082117079282746 ], [ 120.038566594617762, 23.082813261533918 ], [ 120.040626531141527, 23.084245680357409 ] ] ] } },
{ "type": "Feature", "properties": { "fid": 60, "FNODE_": 1120, "TNODE_": 1120, "LPOLY_": 1, "RPOLY_": 644, "LENGTH": 0.021, "BOU2_4M_": 1123, "BOU2_4M_ID": 26010, "GBCODE": 26010 }, "geometry": { "type": "MultiLineString", "coordinates": [ [ [ 120.040092473523089, 23.067434309504208 ], [ 120.041572576062364, 23.068145750544392 ], [ 120.043327336804694, 23.067483900568657 ], [ 120.043586736218742, 23.066568373224705 ], [ 120.044357305066384, 23.064971922418671 ], [ 120.044380193249893, 23.064052580377464 ], [ 120.044403081433444, 23.06336212017224 ], [ 120.043663030163771, 23.06266212322388 ], [ 120.043167119519154, 23.062194822808721 ], [ 120.042686467663614, 23.06172561504496 ], [ 120.040458684460219, 23.061231611748966 ], [ 120.038711553112407, 23.061662672540077 ], [ 120.038452153698373, 23.062349318048071 ], [ 120.038169866100787, 23.0639533982486 ], [ 120.03864288856191, 23.065570829889563 ], [ 120.038871770397932, 23.06626510479202 ], [ 120.039360051647989, 23.066961287043188 ], [ 120.040092473523089, 23.067434309504208 ] ] ] } },
{ "type": "Feature", "properties": { "fid": 61, "FNODE_": 1139, "TNODE_": 1139, "LPOLY_": 657, "RPOLY_": 1, "LENGTH": 0.185, "BOU2_4M_": 1142, "BOU2_4M_ID": 26010, "GBCODE": 26010 }, "geometry": { "type": "MultiLineString", "coordinates": [ [ [ 121.466072087886886, 22.660581587243808 ], [ 121.4642715507769, 22.654405592369546 ], [ 121.463203435541928, 22.647764204428711 ], [ 121.477081304195465, 22.647628782675746 ], [ 121.480979924800835, 22.641855238363018 ], [ 121.483642583492014, 22.636095045490702 ], [ 121.496780400875963, 22.636651991291604 ], [ 121.492477422360992, 22.650226591514059 ], [ 121.501678472166674, 22.653116224693363 ], [ 121.49877930224504, 22.659795759606858 ], [ 121.502586370117101, 22.667785643031319 ], [ 121.499717717773734, 22.676759718350539 ], [ 121.502769475586973, 22.683380125456384 ], [ 121.490608220703081, 22.681896208219801 ], [ 121.480743413573592, 22.685665129119034 ], [ 121.468032842283407, 22.684938429289822 ], [ 121.457160955075352, 22.683834074431253 ], [ 121.453628545406659, 22.677904127530638 ], [ 121.458488469722866, 22.669599531581596 ], [ 121.466072087886886, 22.660581587243808 ] ] ] } },
{ "type": "Feature", "properties": { "fid": 62, "FNODE_": 1175, "TNODE_": 1175, "LPOLY_": 688, "RPOLY_": 1, "LENGTH": 0.091, "BOU2_4M_": 1185, "BOU2_4M_ID": 26010, "GBCODE": 26010 }, "geometry": { "type": "MultiLineString", "coordinates": [ [ [ 120.353141789910453, 22.351354597436295 ], [ 120.350677495476319, 22.347312925682541 ], [ 120.348228459831077, 22.34086990199954 ], [ 120.344291692252114, 22.334882734639908 ], [ 120.341842656606943, 22.329128263813509 ], [ 120.345306401724343, 22.32752799831022 ], [ 120.353218083854046, 22.327548979145128 ], [ 120.360382085319884, 22.331705091816911 ], [ 120.366546636102214, 22.337928770407053 ], [ 120.372703557490055, 22.345529554710424 ], [ 120.373916631220951, 22.34967231594176 ], [ 120.371192937373252, 22.353113172876096 ], [ 120.365989690302612, 22.355398176538696 ], [ 120.359809880731575, 22.353775022851821 ], [ 120.353141789910453, 22.351354597436295 ] ] ] } },
{ "type": "Feature", "properties": { "fid": 63, "FNODE_": 1218, "TNODE_": 1218, "LPOLY_": 1, "RPOLY_": 721, "LENGTH": 0.337, "BOU2_4M_": 1247, "BOU2_4M_ID": 26010, "GBCODE": 26010 }, "geometry": { "type": "MultiLineString", "coordinates": [ [ [ 121.5438613944862, 22.027399061480441 ], [ 121.528549199660631, 22.026180265703733 ], [ 121.516357427199651, 22.03869247273752 ], [ 121.505073552687406, 22.043798445028539 ], [ 121.498977666456966, 22.051027296348408 ], [ 121.499862676223501, 22.061841963098594 ], [ 121.498222356399893, 22.071451185512643 ], [ 121.487731938919367, 22.082338331510964 ], [ 121.494010930619851, 22.09190940695235 ], [ 121.511238103472408, 22.086687086394679 ], [ 121.527259831989241, 22.084688185027076 ], [ 121.548973088826926, 22.084234236052392 ], [ 121.560867314902353, 22.087553022674165 ], [ 121.563217168417466, 22.078351972867608 ], [ 121.568252568807509, 22.065223692225342 ], [ 121.560806279744142, 22.061861036585054 ], [ 121.557746892536258, 22.05363464193001 ], [ 121.561576848590533, 22.044418333334406 ], [ 121.578262334431017, 22.035297392170524 ], [ 121.597892766560832, 22.025913236895221 ], [ 121.595809941852963, 22.017217634476438 ], [ 121.587303166949113, 22.006755827223358 ], [ 121.57322693403782, 22.006904600416739 ], [ 121.567283635697308, 22.00444412067991 ], [ 121.559722905716782, 22.011863706863018 ], [ 121.552680974564581, 22.021572111405973 ], [ 121.5438613944862, 22.027399061480441 ] ] ] } },
{ "type": "Feature", "properties": { "fid": 64, "FNODE_": 1256, "TNODE_": 1256, "LPOLY_": 1, "RPOLY_": 770, "LENGTH": 0.012, "BOU2_4M_": 1286, "BOU2_4M_ID": 26010, "GBCODE": 26010 }, "geometry": { "type": "MultiLineString", "coordinates": [ [ [ 120.815963750360467, 21.765615461572562 ], [ 120.818946843622456, 21.765390394433823 ], [ 120.818618779657456, 21.763519285424653 ], [ 120.817703252313578, 21.762752531274131 ], [ 120.816009526727427, 21.762388227685168 ], [ 120.815162663934473, 21.763473509057434 ], [ 120.815567021844814, 21.764949796899547 ], [ 120.815963750360467, 21.765615461572562 ] ] ] } },
{ "type": "Feature", "properties": { "fid": 65, "FNODE_": 1257, "TNODE_": 1257, "LPOLY_": 1, "RPOLY_": 771, "LENGTH": 0.013, "BOU2_4M_": 1287, "BOU2_4M_ID": 26010, "GBCODE": 26010 }, "geometry": { "type": "MultiLineString", "coordinates": [ [ [ 120.815528874871504, 21.756811140281716 ], [ 120.817428594110027, 21.757654188377558 ], [ 120.818946843621873, 21.757314680320814 ], [ 120.819847112176475, 21.755538938743328 ], [ 120.818481450555183, 21.754276273948161 ], [ 120.815986638543265, 21.754537580710878 ], [ 120.814903264519799, 21.75560569594548 ], [ 120.815528874871504, 21.756811140281716 ] ] ] } },
{ "type": "Feature", "properties": { "fid": 66, "FNODE_": 1305, "TNODE_": 1306, "LPOLY_": 1, "RPOLY_": 1, "LENGTH": 1.141, "BOU2_4M_": 1337, "BOU2_4M_ID": 1001, "GBCODE": 61010 }, "geometry": { "type": "MultiLineString", "coordinates": [ [ [ 121.174026494460463, 20.826547620809556 ], [ 121.911689763630378, 21.697515485976176 ] ] ] } },
{ "type": "Feature", "properties": { "fid": 67, "FNODE_": 1307, "TNODE_": 1308, "LPOLY_": 1, "RPOLY_": 1, "LENGTH": 0.102, "BOU2_4M_": 1338, "BOU2_4M_ID": 8, "GBCODE": 26100 }, "geometry": { "type": "MultiLineString", "coordinates": [ [ [ 116.766868596013097, 20.767440793990499 ], [ 116.777091984686535, 20.769903181075996 ], [ 116.784103398262033, 20.774379728318227 ], [ 116.791168217599051, 20.775642393113436 ], [ 116.796493534982744, 20.778253553392354 ], [ 116.801376347483469, 20.778562543870986 ], [ 116.80944824689864, 20.778461454393398 ], [ 116.819236760083527, 20.777469633104207 ], [ 116.827560429518243, 20.7771434764879 ], [ 116.834663395827789, 20.776336668016047 ], [ 116.849586491532918, 20.775651929856753 ], [ 116.857650761553572, 20.775779722215283 ], [ 116.865753178546782, 20.77406883049127 ], [ 116.865753178546811, 20.774297712327247 ] ] ] } },
{ "type": "Feature", "properties": { "fid": 68, "FNODE_": 1309, "TNODE_": 1310, "LPOLY_": 1, "RPOLY_": 1, "LENGTH": 0.032, "BOU2_4M_": 1339, "BOU2_4M_ID": 5, "GBCODE": 26100 }, "geometry": { "type": "MultiLineString", "coordinates": [ [ [ 116.721260075496005, 20.722827909458871 ], [ 116.72313690655119, 20.72653388785325 ], [ 116.721122746394911, 20.730175016394089 ], [ 116.717643742488363, 20.733333585730747 ], [ 116.713249211237752, 20.733259199134043 ], [ 116.710098271295848, 20.7318286876591 ], [ 116.707496647759996, 20.726963041295697 ], [ 116.708770756646715, 20.72422790335564 ], [ 116.710273747369442, 20.722644803990043 ], [ 116.710700993463263, 20.722381589878669 ] ] ] } },
{ "type": "Feature", "properties": { "fid": 69, "FNODE_": 1311, "TNODE_": 1312, "LPOLY_": 1, "RPOLY_": 1, "LENGTH": 0.011, "BOU2_4M_": 1340, "BOU2_4M_ID": 3, "GBCODE": 26100 }, "geometry": { "type": "MultiLineString", "coordinates": [ [ [ 116.770111088686448, 20.723627088536364 ], [ 116.7725830125149, 20.7227497081651 ], [ 116.776000981265312, 20.722345350254834 ], [ 116.778739933902244, 20.719633100498374 ], [ 116.778999333316307, 20.718948362339106 ] ] ] } },
{ "type": "Feature", "properties": { "fid": 70, "FNODE_": 1313, "TNODE_": 1314, "LPOLY_": 1, "RPOLY_": 1, "LENGTH": 0.022, "BOU2_4M_": 1341, "BOU2_4M_ID": 2, "GBCODE": 26100 }, "geometry": { "type": "MultiLineString", "coordinates": [ [ [ 116.804809575019419, 20.723728178014042 ], [ 116.803306584296678, 20.725999830236248 ], [ 116.799842839179178, 20.728012083044288 ], [ 116.796211247381677, 20.726345060338836 ], [ 116.795272831854078, 20.724493024815903 ], [ 116.795310978826578, 20.72219657706151 ], [ 116.797523503240882, 20.721084592808349 ], [ 116.799766545233254, 20.719053266513942 ], [ 116.80037689679574, 20.717941282260789 ] ] ] } },
{ "type": "Feature", "properties": { "fid": 71, "FNODE_": 1315, "TNODE_": 1316, "LPOLY_": 1, "RPOLY_": 1, "LENGTH": 0.011, "BOU2_4M_": 1342, "BOU2_4M_ID": 4, "GBCODE": 26100 }, "geometry": { "type": "MultiLineString", "coordinates": [ [ [ 116.774436955385653, 20.713823316561552 ], [ 116.77026367657659, 20.715362546908551 ], [ 116.768539433412315, 20.716253278720217 ], [ 116.767272953920141, 20.718988416660309 ], [ 116.767593388490596, 20.720348356235831 ] ] ] } },
{ "type": "Feature", "properties": { "fid": 72, "FNODE_": 1317, "TNODE_": 1318, "LPOLY_": 1, "RPOLY_": 1, "LENGTH": 0.016, "BOU2_4M_": 1343, "BOU2_4M_ID": 6, "GBCODE": 26100 }, "geometry": { "type": "MultiLineString", "coordinates": [ [ [ 116.708229069634612, 20.719930646884919 ], [ 116.704269413872154, 20.716804502475053 ], [ 116.703117375297495, 20.712881086336495 ], [ 116.705093388481345, 20.712453840242627 ], [ 116.706336979789981, 20.710178373323171 ], [ 116.7078170823292, 20.709972379670781 ], [ 116.708053593559754, 20.710206983552677 ] ] ] } },
{ "type": "Feature", "properties": { "fid": 73, "FNODE_": 1319, "TNODE_": 1320, "LPOLY_": 1, "RPOLY_": 1, "LENGTH": 0.021, "BOU2_4M_": 1344, "BOU2_4M_ID": 1, "GBCODE": 26100 }, "geometry": { "type": "MultiLineString", "coordinates": [ [ [ 116.801811222967572, 20.714033124911275 ], [ 116.799636845525725, 20.711933134066083 ], [ 116.798713688787217, 20.71007919119457 ], [ 116.799003605779248, 20.707557676301459 ], [ 116.799507145818296, 20.705959318146807 ], [ 116.801727299627075, 20.704616544708994 ], [ 116.802711491521762, 20.704402921662073 ], [ 116.806106572088751, 20.706064222321658 ], [ 116.807052617010868, 20.707687376008526 ], [ 116.8065338181828, 20.709745405183778 ], [ 116.806518559393751, 20.710205076204371 ] ] ] } },
{ "type": "Feature", "properties": { "fid": 74, "FNODE_": 1321, "TNODE_": 1321, "LPOLY_": 1, "RPOLY_": 809, "LENGTH": 0.056, "BOU2_4M_": 1345, "BOU2_4M_ID": 26010, "GBCODE": 26010 }, "geometry": { "type": "MultiLineString", "coordinates": [ [ [ 116.71724701397126, 20.711498258577436 ], [ 116.722137455866374, 20.709894178376903 ], [ 116.727760319636502, 20.706914899811778 ], [ 116.731422429011886, 20.704851148590613 ], [ 116.732650761531332, 20.701175687774388 ], [ 116.731430058405991, 20.698648450835382 ], [ 116.726547245905351, 20.699331281646007 ], [ 116.720443730279541, 20.699552534087481 ], [ 116.713600163384129, 20.70092582510339 ], [ 116.713363652153788, 20.703451154693777 ], [ 116.714820866509527, 20.704601285919626 ], [ 116.717018132134882, 20.705293653473465 ], [ 116.719459538385252, 20.705526350006782 ], [ 116.71823120586572, 20.708051679597148 ], [ 116.717010502740692, 20.710348127351583 ], [ 116.71724701397126, 20.711498258577436 ] ] ] } },
{ "type": "Feature", "properties": { "fid": 75, "FNODE_": 1322, "TNODE_": 1323, "LPOLY_": 1, "RPOLY_": 1, "LENGTH": 0.031, "BOU2_4M_": 1346, "BOU2_4M_ID": 7, "GBCODE": 26100 }, "geometry": { "type": "MultiLineString", "coordinates": [ [ [ 116.699058537405989, 20.707761762604843 ], [ 116.699600224417608, 20.70501518057301 ], [ 116.700920109671316, 20.699752805693898 ], [ 116.705108647269483, 20.697986600859519 ], [ 116.708808903617523, 20.696208951933393 ], [ 116.713211064262609, 20.695594785673464 ], [ 116.716888432427169, 20.695196149809181 ], [ 116.722007756158391, 20.695739744169618 ], [ 116.722488408013973, 20.696207044584796 ] ] ] } },
{ "type": "Feature", "properties": { "fid": 76, "FNODE_": 1332, "TNODE_": 1333, "LPOLY_": 1, "RPOLY_": 1, "LENGTH": 0.631, "BOU2_4M_": 1355, "BOU2_4M_ID": 402, "GBCODE": 26100 }, "geometry": { "type": "MultiLineString", "coordinates": [ [ [ 116.765586857719839, 20.586894987065548 ], [ 116.768463139458404, 20.585449216801543 ], [ 116.769912724419513, 20.584566114384366 ], [ 116.772850041314427, 20.584417341190971 ], [ 116.775993351861786, 20.5854206065721 ], [ 116.779922490045877, 20.584838865238972 ], [ 116.782882695124385, 20.584001539188989 ], [ 116.789749150203406, 20.583271024662473 ], [ 116.796371464657426, 20.582761762577405 ], [ 116.801971440244174, 20.583372114140104 ], [ 116.807548527647384, 20.584901807743993 ], [ 116.813362126281149, 20.586666105229693 ], [ 116.820388798645524, 20.588691709478272 ], [ 116.82502747052115, 20.589046476324032 ], [ 116.83085632794392, 20.590122220953244 ], [ 116.834747319155454, 20.590915677984661 ], [ 116.838401799136477, 20.591472623785585 ], [ 116.843490605289603, 20.592987058600393 ], [ 116.85073853009547, 20.595706937751423 ], [ 116.857017521795711, 20.598400114021569 ], [ 116.86379242414057, 20.600646970711566 ], [ 116.870040898262772, 20.60448646351028 ], [ 116.875503544748241, 20.609683988535878 ], [ 116.877159123361849, 20.611562726939642 ], [ 116.88066101545256, 20.617166517224064 ], [ 116.883308415355359, 20.618614194836706 ], [ 116.888816838207916, 20.622203824964494 ], [ 116.894538884107476, 20.62740707203594 ], [ 116.899276738112363, 20.632352827041988 ], [ 116.90348816389465, 20.638893125505316 ], [ 116.90715790266519, 20.646795270892849 ], [ 116.908561711259296, 20.64912795827129 ], [ 116.909919743486256, 20.652608869526954 ], [ 116.912246708818884, 20.656801221822835 ], [ 116.914260868975816, 20.663053510642587 ], [ 116.916770939777351, 20.669088361718124 ], [ 116.91806793684826, 20.674633024194961 ], [ 116.918899540852593, 20.67970466421075 ], [ 116.919517521809951, 20.683624265652021 ], [ 116.920326237630732, 20.689384458524394 ], [ 116.920326237631272, 20.697189329131565 ], [ 116.91900635237792, 20.708633420930965 ], [ 116.918853764487693, 20.714368818271122 ], [ 116.918678288413759, 20.71987533377532 ], [ 116.917579655601401, 20.723978040685356 ], [ 116.915679936363262, 20.730125425330289 ], [ 116.912033085777324, 20.737606046669832 ], [ 116.908081059410222, 20.746913908 ], [ 116.903572087242367, 20.758502958295512 ], [ 116.897010807945023, 20.764986036299909 ], [ 116.892799382163318, 20.766712186812924 ], [ 116.890846257163005, 20.766431806563858 ], [ 116.887466435385122, 20.76496314811623 ], [ 116.882118229817905, 20.76390266227612 ], [ 116.880706791829283, 20.761798856733687 ], [ 116.881652836750831, 20.754938123699919 ], [ 116.88416290755184, 20.752937314983662 ], [ 116.890342717122351, 20.742771146768547 ], [ 116.89241791243488, 20.738693235390713 ], [ 116.894569401692564, 20.732322690955659 ], [ 116.89643097395809, 20.72732162283933 ], [ 116.8983688401688, 20.719797132481258 ], [ 116.899017338703686, 20.714303968417543 ], [ 116.899627690266016, 20.710418699251644 ], [ 116.901550297687677, 20.703351972565475 ], [ 116.901618962238359, 20.70128822134436 ], [ 116.901206974933388, 20.698291776641554 ], [ 116.900993351885916, 20.689561841947224 ], [ 116.900939946123756, 20.683134077053214 ], [ 116.900596623369452, 20.678073881129219 ], [ 116.898788456864992, 20.673204420068551 ], [ 116.89650726789948, 20.66763305471088 ], [ 116.893753056472946, 20.661821363425425 ], [ 116.890953068679309, 20.657386777853137 ], [ 116.889602665846795, 20.653446195576887 ], [ 116.882720951978186, 20.646146772357447 ], [ 116.879173283520416, 20.642379758806776 ], [ 116.873497013987944, 20.635570524186107 ], [ 116.871147160471793, 20.632524488418863 ], [ 116.868072514475074, 20.628997800795943 ], [ 116.862648014962161, 20.622425077405804 ], [ 116.859809880195911, 20.619136808362121 ], [ 116.85550690167949, 20.616035459484483 ], [ 116.850227360662927, 20.61268043323857 ], [ 116.845390324529319, 20.610944745982312 ], [ 116.839103703434546, 20.608709333384148 ], [ 116.829887394839375, 20.606166837656019 ], [ 116.82599640362784, 20.605142591439911 ], [ 116.821609501771718, 20.604795453988668 ], [ 116.818191533021249, 20.604701993905636 ], [ 116.812370304993024, 20.603168485604499 ], [ 116.808006291320453, 20.601902006112002 ], [ 116.802436833311717, 20.599914548836175 ], [ 116.792259221005466, 20.597112653693838 ], [ 116.784866337703761, 20.598749158821139 ], [ 116.779441838191417, 20.600437162361541 ], [ 116.773017887995309, 20.602558134041704 ], [ 116.766319279596161, 20.605819700204467 ], [ 116.76030731670501, 20.610244749033598 ], [ 116.753829960747325, 20.614200590098907 ], [ 116.748939518852154, 20.614295957530508 ], [ 116.746536259574356, 20.612852094615153 ], [ 116.74471283428089, 20.608900068247106 ], [ 116.743598942678901, 20.60496711536538 ], [ 116.744033818166855, 20.599239347419733 ], [ 116.748611454885847, 20.593166349371554 ], [ 116.752616887015122, 20.590063093145275 ], [ 116.756103520316273, 20.588321683843155 ], [ 116.758049015922026, 20.588603971440889 ], [ 116.761947636528049, 20.588941572148951 ], [ 116.762626652641444, 20.588665006597132 ] ] ] } },
{ "type": "Feature", "properties": { "fid": 77, "FNODE_": 1358, "TNODE_": 1359, "LPOLY_": 1, "RPOLY_": 1, "LENGTH": 1.148, "BOU2_4M_": 1378, "BOU2_4M_ID": 1001, "GBCODE": 61010 }, "geometry": { "type": "MultiLineString", "coordinates": [ [ [ 119.473083500920183, 18.015577313841984 ], [ 119.488876347604105, 18.049428937383876 ], [ 119.502433781689803, 18.078767774059674 ], [ 119.51821899897881, 18.108106610735515 ], [ 119.534019475057249, 18.141958234277489 ], [ 119.552070622522834, 18.178066251252492 ], [ 119.574638371552183, 18.225458142741463 ], [ 119.594947819799231, 18.261566159716576 ], [ 119.617523198222585, 18.302188870906388 ], [ 119.635566716293795, 18.340553281314453 ], [ 119.653633122547873, 18.369892117990386 ], [ 119.671676640618699, 18.403743741532377 ], [ 119.69831848632829, 18.452810285121387 ], [ 119.724533085943307, 18.492509839572836 ], [ 119.743957524424744, 18.53055190806198 ], [ 119.759696965346336, 18.557205197862356 ], [ 119.774642949237091, 18.590312955437344 ], [ 119.789787297384947, 18.613773343625706 ], [ 119.820632939482167, 18.670043943002373 ], [ 119.849967961461886, 18.724205014790606 ], [ 119.874786381877612, 18.764827725980567 ], [ 119.895103459519461, 18.805450437170403 ], [ 119.91992950932972, 18.846071241011678 ], [ 119.949256901914353, 18.893463132500845 ], [ 119.971832280338376, 18.943113324771559 ], [ 119.998916630930253, 18.985992429394607 ], [ 120.019233708571917, 19.024356839802735 ] ] ] } },
{ "type": "Feature", "properties": { "fid": 78, "FNODE_": 1360, "TNODE_": 1361, "LPOLY_": 1, "RPOLY_": 1, "LENGTH": 0.053, "BOU2_4M_": 1379, "BOU2_4M_ID": 337, "GBCODE": 26100 }, "geometry": { "type": "MultiLineString", "coordinates": [ [ [ 111.4620208776429, 17.077949521137906 ], [ 111.463447574420513, 17.077589032246216 ], [ 111.466529849811636, 17.076377865864167 ], [ 111.469360355183127, 17.074485776020051 ], [ 111.471916202351395, 17.071222302508637 ], [ 111.472793582722446, 17.06776237208792 ], [ 111.470497134967772, 17.061388012955593 ], [ 111.463768008989931, 17.060377118179883 ], [ 111.456977847856223, 17.066709515642152 ], [ 111.456306461137473, 17.068786618303754 ], [ 111.454910281938098, 17.070650097918364 ], [ 111.454048160356123, 17.074567792011013 ], [ 111.458778384966564, 17.078302380634998 ] ] ] } },
{ "type": "Feature", "properties": { "fid": 79, "FNODE_": 1362, "TNODE_": 1363, "LPOLY_": 1, "RPOLY_": 1, "LENGTH": 0.423, "BOU2_4M_": 1380, "BOU2_4M_ID": 335, "GBCODE": 26100 }, "geometry": { "type": "MultiLineString", "coordinates": [ [ [ 111.455017093461933, 17.077463147236287 ], [ 111.452659610551294, 17.076889035297668 ], [ 111.449119571488268, 17.078796383930865 ], [ 111.444412235061819, 17.082563397481483 ], [ 111.444061282913623, 17.088075635031487 ], [ 111.445129398148467, 17.092870709495521 ], [ 111.447082523148921, 17.094665524559336 ], [ 111.457199100299363, 17.097442624169599 ], [ 111.466140750691821, 17.101160046655881 ], [ 111.471191409872503, 17.102203366358321 ], [ 111.485198978234706, 17.107423779567704 ], [ 111.49392700558036, 17.11274909695182 ], [ 111.503883365445773, 17.118280407988372 ], [ 111.514953616912777, 17.121034619414974 ], [ 111.527908328829284, 17.122371670807016 ], [ 111.537231448948148, 17.121721264923242 ], [ 111.546218875707339, 17.117176053130382 ], [ 111.554679874243675, 17.110347745023532 ], [ 111.558532718482155, 17.101322171291073 ], [ 111.557899478735578, 17.094682690698797 ], [ 111.55442810422295, 17.089477536278608 ], [ 111.546150211154696, 17.08368682582794 ], [ 111.540603641329341, 17.081277844504108 ], [ 111.534332279023417, 17.079572674825894 ], [ 111.522506717497578, 17.075458523823823 ], [ 111.514739993863088, 17.070802685809984 ], [ 111.508430484584395, 17.067033764910576 ], [ 111.497322086144649, 17.062673565934809 ], [ 111.488891605185941, 17.060323712418512 ], [ 111.481216434286054, 17.059791562149755 ], [ 111.477462772176153, 17.062622067521389 ], [ 111.475708011434023, 17.06954002101412 ], [ 111.47463989619979, 17.075294491840612 ], [ 111.47711182002854, 17.078685757710559 ], [ 111.48306274776391, 17.076959607197562 ], [ 111.488792423057888, 17.076610562397754 ], [ 111.49667358761009, 17.07599067409209 ], [ 111.500068668177235, 17.07798576076253 ], [ 111.502532962611411, 17.080459591939864 ], [ 111.506500247768727, 17.087028500632794 ], [ 111.512336734586427, 17.091037747459922 ], [ 111.518867496306527, 17.093656537133519 ], [ 111.524139407928601, 17.094005581933477 ], [ 111.528930667695107, 17.094137188989222 ], [ 111.533523563203858, 17.095876690942802 ], [ 111.53507233029427, 17.101119992335615 ], [ 111.531852725801798, 17.106464383205889 ], [ 111.523696903046371, 17.106172558864863 ], [ 111.518661502654794, 17.105588910183059 ], [ 111.511901859098757, 17.103204724391386 ], [ 111.506088260464693, 17.100112912256815 ], [ 111.498123172572463, 17.097295758325412 ], [ 111.490196231652973, 17.095851895409947 ], [ 111.481773380088811, 17.093959805565614 ], [ 111.472839359090898, 17.090471264915333 ], [ 111.468933109090003, 17.087110516623461 ], [ 111.462837222858127, 17.082187649800989 ], [ 111.45771789912655, 17.079006192280655 ] ] ] } },
{ "type": "Feature", "properties": { "fid": 80, "FNODE_": 1364, "TNODE_": 1364, "LPOLY_": 1, "RPOLY_": 832, "LENGTH": 0.01, "BOU2_4M_": 1381, "BOU2_4M_ID": 26010, "GBCODE": 26010 }, "geometry": { "type": "MultiLineString", "coordinates": [ [ [ 112.267189029637279, 16.982593533580705 ], [ 112.267112735692038, 16.984008786266561 ], [ 112.269111637059567, 16.983776089733347 ], [ 112.269950870458075, 16.982746121471386 ], [ 112.269836429540021, 16.981431958263112 ], [ 112.268783573094481, 16.980714795176976 ], [ 112.26740265268414, 16.981697079723091 ], [ 112.267189029637279, 16.982593533580705 ] ] ] } },
{ "type": "Feature", "properties": { "fid": 81, "FNODE_": 1365, "TNODE_": 1365, "LPOLY_": 1, "RPOLY_": 833, "LENGTH": 0.019, "BOU2_4M_": 1382, "BOU2_4M_ID": 26010, "GBCODE": 26010 }, "geometry": { "type": "MultiLineString", "coordinates": [ [ [ 112.201698306969462, 16.981130597177952 ], [ 112.203323368004973, 16.982664105479063 ], [ 112.205467227868652, 16.982818600718378 ], [ 112.207481388025158, 16.981126782480732 ], [ 112.207328800134306, 16.977733609262259 ], [ 112.20345306771172, 16.977497098031602 ], [ 112.201042179039547, 16.979629513803552 ], [ 112.201698306969462, 16.981130597177952 ] ] ] } },
{ "type": "Feature", "properties": { "fid": 82, "FNODE_": 1366, "TNODE_": 1366, "LPOLY_": 1, "RPOLY_": 834, "LENGTH": 0.017, "BOU2_4M_": 1383, "BOU2_4M_ID": 26010, "GBCODE": 26010 }, "geometry": { "type": "MultiLineString", "coordinates": [ [ [ 112.303672794291288, 16.968374249520561 ], [ 112.304222110697737, 16.970270154062018 ], [ 112.306480411479427, 16.970880505624688 ], [ 112.308219913432794, 16.969978329721222 ], [ 112.309173587749186, 16.966814038338683 ], [ 112.306442264506416, 16.965270993294357 ], [ 112.304122928568574, 16.966407773079759 ], [ 112.303672794291288, 16.968374249520561 ] ] ] } },
{ "type": "Feature", "properties": { "fid": 83, "FNODE_": 1367, "TNODE_": 1368, "LPOLY_": 1, "RPOLY_": 1, "LENGTH": 0.213, "BOU2_4M_": 1384, "BOU2_4M_ID": 339, "GBCODE": 26100 }, "geometry": { "type": "MultiLineString", "coordinates": [ [ [ 112.246353153169679, 16.998184201308394 ], [ 112.248298648775489, 16.998199460097517 ], [ 112.250717166842321, 16.998023984023263 ], [ 112.252708438815276, 16.997507092543682 ], [ 112.260559085789211, 16.995710370131334 ], [ 112.270011905614837, 16.99157714564328 ], [ 112.277847293799724, 16.989778515882268 ], [ 112.285171512550789, 16.986158368176504 ], [ 112.289146427102082, 16.982618329113276 ], [ 112.290916446633332, 16.977529522959891 ], [ 112.288597110695065, 16.971620556894081 ], [ 112.279418949072195, 16.968406674446918 ], [ 112.27175140756691, 16.967676159920284 ], [ 112.259323123873358, 16.96821021753734 ], [ 112.252418521821411, 16.969297406258196 ], [ 112.246902469574323, 16.968744275154471 ], [ 112.241333011565388, 16.965898510993579 ], [ 112.235801700529208, 16.96511649805387 ], [ 112.229080203945955, 16.964361187994982 ], [ 112.2201919593154, 16.962972638189854 ], [ 112.211616519860868, 16.964326855719321 ], [ 112.205673221520016, 16.965389248907943 ], [ 112.199531558921436, 16.96829032617898 ], [ 112.196968082358651, 16.9708766909256 ], [ 112.196578983237671, 16.974098202767102 ], [ 112.195281986167444, 16.97940444666477 ], [ 112.198799137047317, 16.98551368433704 ], [ 112.20564270394334, 16.990623471325602 ], [ 112.211166385585003, 16.991638180798539 ], [ 112.217948917324691, 16.994913098401941 ], [ 112.229286197600317, 16.998537060805248 ], [ 112.240150455414749, 16.999073025771359 ] ] ] } },
{ "type": "Feature", "properties": { "fid": 84, "FNODE_": 1369, "TNODE_": 1369, "LPOLY_": 1, "RPOLY_": 835, "LENGTH": 0.016, "BOU2_4M_": 1385, "BOU2_4M_ID": 26010, "GBCODE": 26010 }, "geometry": { "type": "MultiLineString", "coordinates": [ [ [ 112.319969181012311, 16.958847043097872 ], [ 112.320518497418803, 16.960906979621761 ], [ 112.322669986677028, 16.961500165046733 ], [ 112.324668888044471, 16.960153576911704 ], [ 112.324829105329528, 16.958267209113455 ], [ 112.324058536481658, 16.956634518683398 ], [ 112.321083072613973, 16.957115170538906 ], [ 112.319969181012311, 16.958847043097872 ] ] ] } },
{ "type": "Feature", "properties": { "fid": 85, "FNODE_": 1370, "TNODE_": 1370, "LPOLY_": 1, "RPOLY_": 836, "LENGTH": 0.018, "BOU2_4M_": 1386, "BOU2_4M_ID": 26010, "GBCODE": 26010 }, "geometry": { "type": "MultiLineString", "coordinates": [ [ [ 112.328536991072028, 16.952243802129708 ], [ 112.329437259626928, 16.953531262457204 ], [ 112.331291202498392, 16.953977582037414 ], [ 112.333076480819003, 16.953653332769786 ], [ 112.333801273299528, 16.952632901251047 ], [ 112.334091190291701, 16.951257702886497 ], [ 112.333557132674315, 16.949554440556994 ], [ 112.332061771345877, 16.948503491460009 ], [ 112.329269412946957, 16.948707577763756 ], [ 112.328613285017255, 16.950496670781728 ], [ 112.328536991072028, 16.952243802129708 ] ] ] } },
{ "type": "Feature", "properties": { "fid": 86, "FNODE_": 1371, "TNODE_": 1371, "LPOLY_": 1, "RPOLY_": 837, "LENGTH": 0.015, "BOU2_4M_": 1387, "BOU2_4M_ID": 26010, "GBCODE": 26010 }, "geometry": { "type": "MultiLineString", "coordinates": [ [ [ 112.335670474959457, 16.943208691654274 ], [ 112.337020877791858, 16.945045468388127 ], [ 112.338943485213989, 16.943937298832214 ], [ 112.33978271861244, 16.941747662601276 ], [ 112.338211063338619, 16.939733502444575 ], [ 112.336059574080465, 16.940471646365602 ], [ 112.335426334334414, 16.942646023807459 ], [ 112.335670474959457, 16.943208691654274 ] ] ] } },
{ "type": "Feature", "properties": { "fid": 87, "FNODE_": 1372, "TNODE_": 1372, "LPOLY_": 1, "RPOLY_": 838, "LENGTH": 0.015, "BOU2_4M_": 1388, "BOU2_4M_ID": 26010, "GBCODE": 26010 }, "geometry": { "type": "MultiLineString", "coordinates": [ [ [ 112.339866641952071, 16.937870022829898 ], [ 112.341758731796205, 16.938894269045992 ], [ 112.343772891952838, 16.938940045413229 ], [ 112.344360355331673, 16.936187741335491 ], [ 112.343643192245523, 16.934692380007004 ], [ 112.341041568709926, 16.934883114870285 ], [ 112.339782718612142, 16.936716076906826 ], [ 112.339866641952071, 16.937870022829898 ] ] ] } },
{ "type": "Feature", "properties": { "fid": 88, "FNODE_": 1373, "TNODE_": 1373, "LPOLY_": 1, "RPOLY_": 839, "LENGTH": 0.016, "BOU2_4M_": 1389, "BOU2_4M_ID": 26010, "GBCODE": 26010 }, "geometry": { "type": "MultiLineString", "coordinates": [ [ [ 112.341079715682326, 16.930236813599787 ], [ 112.343193057967923, 16.9314365358901 ], [ 112.344596866561915, 16.931528088624496 ], [ 112.345428470565821, 16.929338452393587 ], [ 112.345916751815835, 16.92794799523999 ], [ 112.345047000839088, 16.927043911987802 ], [ 112.342018131209628, 16.926877972656669 ], [ 112.340927127791545, 16.928312298828818 ], [ 112.341079715682326, 16.930236813599787 ] ] ] } },
{ "type": "Feature", "properties": { "fid": 89, "FNODE_": 1374, "TNODE_": 1375, "LPOLY_": 1, "RPOLY_": 1, "LENGTH": 0.167, "BOU2_4M_": 1390, "BOU2_4M_ID": 340, "GBCODE": 26100 }, "geometry": { "type": "MultiLineString", "coordinates": [ [ [ 112.300033573099455, 16.971933362070114 ], [ 112.301582340189682, 16.974054333750292 ], [ 112.31107330698805, 16.971065518442177 ], [ 112.319557193708036, 16.966955182137728 ], [ 112.327339176131034, 16.962633130134957 ], [ 112.339370731308037, 16.94811057764171 ], [ 112.343559268906191, 16.943876263676014 ], [ 112.349319461777824, 16.935934063967373 ], [ 112.354087833360154, 16.926866528565057 ], [ 112.351470951035012, 16.918674466185283 ], [ 112.345382694197824, 16.914926526120901 ], [ 112.337799076032567, 16.917409894041224 ], [ 112.333488468122141, 16.925775525146534 ], [ 112.331001285504811, 16.930883404786272 ], [ 112.328102115582851, 16.938297268923581 ], [ 112.323928836773817, 16.943218228397235 ], [ 112.319717410992041, 16.946535107670368 ], [ 112.31407165903812, 16.94988631921883 ], [ 112.309928897807268, 16.955724713385109 ], [ 112.304573062845677, 16.960903164924218 ], [ 112.299621585794213, 16.963548657478416 ], [ 112.298980716653702, 16.967580792489073 ], [ 112.299140933938986, 16.969596859994368 ] ] ] } },
{ "type": "Feature", "properties": { "fid": 90, "FNODE_": 1376, "TNODE_": 1376, "LPOLY_": 1, "RPOLY_": 840, "LENGTH": 0.018, "BOU2_4M_": 1391, "BOU2_4M_ID": 26010, "GBCODE": 26010 }, "geometry": { "type": "MultiLineString", "coordinates": [ [ [ 112.341163639017324, 16.846862790144026 ], [ 112.343002323099782, 16.848726269758753 ], [ 112.34525299448687, 16.848381039656179 ], [ 112.346672061869867, 16.847368237531924 ], [ 112.346748355815109, 16.845907208478902 ], [ 112.346412662455563, 16.844112393414989 ], [ 112.344841007181813, 16.843318936383557 ], [ 112.341873172708688, 16.843900677716686 ], [ 112.341247562357097, 16.845582959211164 ], [ 112.341163639017324, 16.846862790144026 ] ] ] } },
{ "type": "Feature", "properties": { "fid": 91, "FNODE_": 1377, "TNODE_": 1377, "LPOLY_": 841, "RPOLY_": 1, "LENGTH": 0.042, "BOU2_4M_": 1392, "BOU2_4M_ID": 26010, "GBCODE": 26010 }, "geometry": { "type": "MultiLineString", "coordinates": [ [ [ 112.334823612159965, 16.833438870463276 ], [ 112.343887332864711, 16.834291455302488 ], [ 112.335586551613645, 16.840772625958046 ], [ 112.327491764014596, 16.840829846416952 ], [ 112.326721195166428, 16.83464431479932 ], [ 112.334823612159965, 16.833438870463276 ] ] ] } },
{ "type": "Feature", "properties": { "fid": 92, "FNODE_": 1378, "TNODE_": 1379, "LPOLY_": 1, "RPOLY_": 1, "LENGTH": 0.097, "BOU2_4M_": 1393, "BOU2_4M_ID": 341, "GBCODE": 26100 }, "geometry": { "type": "MultiLineString", "coordinates": [ [ [ 112.323951724950703, 16.82767486289346 ], [ 112.319343570653629, 16.8380355806691 ], [ 112.3231430091313, 16.845512387311398 ], [ 112.332138065285548, 16.851251599348959 ], [ 112.340766910501941, 16.852184292830749 ], [ 112.348617557475876, 16.850841519393075 ], [ 112.35282898325768, 16.847524640119975 ], [ 112.355026248882652, 16.840587613140947 ], [ 112.352943424174882, 16.834217068705957 ], [ 112.346748355814, 16.826572415383875 ], [ 112.340423587746258, 16.822370526344752 ], [ 112.336807254737749, 16.821542737037863 ], [ 112.331596378272096, 16.823049542458037 ], [ 112.328292850439553, 16.824508664162401 ] ] ] } },
{ "type": "Feature", "properties": { "fid": 93, "FNODE_": 1380, "TNODE_": 1381, "LPOLY_": 1, "RPOLY_": 1, "LENGTH": 0.062, "BOU2_4M_": 1394, "BOU2_4M_ID": 61112, "GBCODE": 26100 }, "geometry": { "type": "MultiLineString", "coordinates": [ [ [ 112.205078128735963, 16.783197400113167 ], [ 112.20590973274011, 16.784868237515855 ], [ 112.207580570142923, 16.788206097624034 ], [ 112.211746219557739, 16.788206097624094 ], [ 112.221763614578862, 16.785701748868888 ], [ 112.228439334794544, 16.779859540005404 ], [ 112.231781009599331, 16.771514889735112 ], [ 112.233451847001476, 16.763168332116084 ], [ 112.230949405594544, 16.758996960655182 ], [ 112.225936893386546, 16.757326123252408 ], [ 112.221763614577313, 16.758996960655033 ], [ 112.22176361457737, 16.759830472007746 ] ] ] } },
{ "type": "Feature", "properties": { "fid": 94, "FNODE_": 1382, "TNODE_": 1382, "LPOLY_": 1, "RPOLY_": 842, "LENGTH": 0.063, "BOU2_4M_": 1395, "BOU2_4M_ID": 26010, "GBCODE": 26010 }, "geometry": { "type": "MultiLineString", "coordinates": [ [ [ 112.721473697667506, 16.695035931597484 ], [ 112.732246402747464, 16.695343014727612 ], [ 112.741600040443529, 16.681224820144717 ], [ 112.740798954017379, 16.677513119704479 ], [ 112.735778812414864, 16.675676342970561 ], [ 112.728820804601284, 16.677331921584074 ], [ 112.722640995030602, 16.688579556474078 ], [ 112.721473697667506, 16.695035931597484 ] ] ] } },
{ "type": "Feature", "properties": { "fid": 95, "FNODE_": 1383, "TNODE_": 1384, "LPOLY_": 1, "RPOLY_": 1, "LENGTH": 0.088, "BOU2_4M_": 1396, "BOU2_4M_ID": 342, "GBCODE": 26100 }, "geometry": { "type": "MultiLineString", "coordinates": [ [ [ 112.722389225011526, 16.696882245074498 ], [ 112.722846988683486, 16.697090146075489 ], [ 112.728157047278231, 16.698781964313248 ], [ 112.733871463783075, 16.698169705402144 ], [ 112.738822940834552, 16.695741650592112 ], [ 112.74255371476076, 16.692657467852229 ], [ 112.746513370522962, 16.689338681230556 ], [ 112.748352054605192, 16.68722343159634 ], [ 112.749412540444965, 16.682834622391265 ], [ 112.748306278237408, 16.677589413649901 ], [ 112.744102481849694, 16.672883984571676 ], [ 112.737846378332932, 16.671676632886754 ], [ 112.731933597570332, 16.673442837720991 ], [ 112.726043704991326, 16.675666806227234 ], [ 112.720932010654835, 16.680852887160881 ], [ 112.718727115635318, 16.687107083329114 ], [ 112.718391422276156, 16.691703793535225 ], [ 112.719947818761042, 16.695791241656227 ] ] ] } },
{ "type": "Feature", "properties": { "fid": 96, "FNODE_": 1385, "TNODE_": 1385, "LPOLY_": 1, "RPOLY_": 843, "LENGTH": 0.008, "BOU2_4M_": 1397, "BOU2_4M_ID": 26010, "GBCODE": 26010 }, "geometry": { "type": "MultiLineString", "coordinates": [ [ [ 111.699470523654625, 16.585922238317991 ], [ 111.699752811252381, 16.586761471716621 ], [ 111.700439456760336, 16.587036129919845 ], [ 111.701828006565222, 16.586299893347437 ], [ 111.701843265354213, 16.584798809973083 ], [ 111.700698856174299, 16.584445950475882 ], [ 111.699737552463219, 16.58504676529531 ], [ 111.699470523654625, 16.585922238317991 ] ] ] } },
{ "type": "Feature", "properties": { "fid": 97, "FNODE_": 1386, "TNODE_": 1386, "LPOLY_": 1, "RPOLY_": 844, "LENGTH": 0.009, "BOU2_4M_": 1398, "BOU2_4M_ID": 26010, "GBCODE": 26010 }, "geometry": { "type": "MultiLineString", "coordinates": [ [ [ 111.70520782834285, 16.580715176549354 ], [ 111.705833438694583, 16.581531521764397 ], [ 111.707366946995634, 16.581319806066134 ], [ 111.708076480687126, 16.580522534337497 ], [ 111.707641605198674, 16.579050061192625 ], [ 111.705978397190535, 16.579053875889858 ], [ 111.705047611057637, 16.57997512527967 ], [ 111.70520782834285, 16.580715176549354 ] ] ] } },
{ "type": "Feature", "properties": { "fid": 98, "FNODE_": 1387, "TNODE_": 1387, "LPOLY_": 1, "RPOLY_": 845, "LENGTH": 0.008, "BOU2_4M_": 1399, "BOU2_4M_ID": 26010, "GBCODE": 26010 }, "geometry": { "type": "MultiLineString", "coordinates": [ [ [ 111.66459656124546, 16.575635907138388 ], [ 111.664833072476043, 16.576883313144503 ], [ 111.665512088589452, 16.577341076816502 ], [ 111.667297366910063, 16.576719281162092 ], [ 111.667068485073997, 16.575345990146168 ], [ 111.666107181362847, 16.574653622592294 ], [ 111.665092471890034, 16.575099942172447 ], [ 111.66459656124546, 16.575635907138388 ] ] ] } },
{ "type": "Feature", "properties": { "fid": 99, "FNODE_": 1388, "TNODE_": 1388, "LPOLY_": 1, "RPOLY_": 847, "LENGTH": 0.009, "BOU2_4M_": 1400, "BOU2_4M_ID": 26010, "GBCODE": 26010 }, "geometry": { "type": "MultiLineString", "coordinates": [ [ [ 111.682533267791214, 16.568389889681068 ], [ 111.683403018768018, 16.569593426668636 ], [ 111.684806827361996, 16.569246289217393 ], [ 111.685493472869851, 16.567813870393845 ], [ 111.684356693084425, 16.566629406892602 ], [ 111.682952884490462, 16.567100522004978 ], [ 111.682479862029467, 16.567762371980731 ], [ 111.682533267791214, 16.568389889681068 ] ] ] } },
{ "type": "Feature", "properties": { "fid": 100, "FNODE_": 1389, "TNODE_": 1389, "LPOLY_": 1, "RPOLY_": 846, "LENGTH": 0.028, "BOU2_4M_": 1401, "BOU2_4M_ID": 26010, "GBCODE": 26010 }, "geometry": { "type": "MultiLineString", "coordinates": [ [ [ 112.631881717664442, 16.572141644460054 ], [ 112.635108951551786, 16.573204037648825 ], [ 112.638130191786615, 16.571969983083175 ], [ 112.640426639540848, 16.571079251271463 ], [ 112.641166690810365, 16.569301602345348 ], [ 112.641471866591587, 16.567417141895739 ], [ 112.638206485731544, 16.565801617603345 ], [ 112.632316593152524, 16.567253109913068 ], [ 112.631881717664442, 16.572141644460054 ] ] ] } },
{ "type": "Feature", "properties": { "fid": 101, "FNODE_": 1390, "TNODE_": 1391, "LPOLY_": 1, "RPOLY_": 1, "LENGTH": 0.106, "BOU2_4M_": 1402, "BOU2_4M_ID": 343, "GBCODE": 26100 }, "geometry": { "type": "MultiLineString", "coordinates": [ [ [ 111.684356693085959, 16.593559262245186 ], [ 111.688957217989241, 16.595983502358102 ], [ 111.694686893283276, 16.596548077553624 ], [ 111.701347354710208, 16.595485684365034 ], [ 111.709060672582282, 16.588666913001365 ], [ 111.711853030981032, 16.585395810095449 ], [ 111.715286258520393, 16.57958793350732 ], [ 111.719116214575237, 16.570558545077699 ], [ 111.720191959204058, 16.565490719759186 ], [ 111.713401798069754, 16.560819622956295 ], [ 111.710319522678645, 16.56157493301502 ], [ 111.705131534396614, 16.564210888826032 ], [ 111.698097232637849, 16.569639203036115 ], [ 111.695373538789994, 16.575201031650529 ], [ 111.692787174043531, 16.576864239658644 ], [ 111.688850406464965, 16.581764218297362 ], [ 111.686782840546826, 16.584791180578282 ], [ 111.684303287324056, 16.590808865516088 ] ] ] } },
{ "type": "Feature", "properties": { "fid": 102, "FNODE_": 1392, "TNODE_": 1393, "LPOLY_": 1, "RPOLY_": 1, "LENGTH": 0.072, "BOU2_4M_": 1403, "BOU2_4M_ID": 344, "GBCODE": 26100 }, "geometry": { "type": "MultiLineString", "coordinates": [ [ [ 111.64644623165178, 16.565244671784193 ], [ 111.647018436241936, 16.569131848298749 ], [ 111.650489810754578, 16.574562069857588 ], [ 111.655822757533045, 16.577657696689446 ], [ 111.661827091030304, 16.579364773716264 ], [ 111.66638183956637, 16.580413815464645 ], [ 111.670646671110006, 16.579404828037728 ], [ 111.672691348844495, 16.574773785556324 ], [ 111.67086792355083, 16.568389889680816 ], [ 111.665008548549508, 16.563011166535027 ], [ 111.657997134973797, 16.559034344634647 ], [ 111.653450015832348, 16.558671948394249 ], [ 111.649909976769294, 16.560354229888688 ], [ 111.648757938194962, 16.56198310562143 ], [ 111.64774322872222, 16.563415524444984 ] ] ] } },
{ "type": "Feature", "properties": { "fid": 103, "FNODE_": 1394, "TNODE_": 1394, "LPOLY_": 1, "RPOLY_": 848, "LENGTH": 0.01, "BOU2_4M_": 1404, "BOU2_4M_ID": 26010, "GBCODE": 26010 }, "geometry": { "type": "MultiLineString", "coordinates": [ [ [ 111.707351688204696, 16.548391339262071 ], [ 111.70780182248221, 16.549840924223357 ], [ 111.708511356173787, 16.550287243803524 ], [ 111.709877017795108, 16.550359723051628 ], [ 111.710830692111628, 16.54930877395476 ], [ 111.710212711154398, 16.547870633085271 ], [ 111.708503726779099, 16.547821042020782 ], [ 111.707351688204696, 16.548391339262071 ] ] ] } },
{ "type": "Feature", "properties": { "fid": 104, "FNODE_": 1395, "TNODE_": 1395, "LPOLY_": 1, "RPOLY_": 849, "LENGTH": 0.015, "BOU2_4M_": 1405, "BOU2_4M_ID": 26010, "GBCODE": 26010 }, "geometry": { "type": "MultiLineString", "coordinates": [ [ [ 111.744132999246276, 16.545595166166411 ], [ 111.744590762918321, 16.54720878311014 ], [ 111.745697025125622, 16.548448559721759 ], [ 111.747886661356475, 16.547973629912132 ], [ 111.749099735087029, 16.545919415434156 ], [ 111.748123172586759, 16.544176098783382 ], [ 111.746063236062938, 16.543987271268669 ], [ 111.745071414773733, 16.544382092435679 ], [ 111.744132999246276, 16.545595166166411 ] ] ] } },
{ "type": "Feature", "properties": { "fid": 105, "FNODE_": 1396, "TNODE_": 1396, "LPOLY_": 1, "RPOLY_": 850, "LENGTH": 0.01, "BOU2_4M_": 1406, "BOU2_4M_ID": 26010, "GBCODE": 26010 }, "geometry": { "type": "MultiLineString", "coordinates": [ [ [ 111.71578979855758, 16.544868466336645 ], [ 111.717086795628191, 16.546260830838936 ], [ 111.718772891819896, 16.545982357938517 ], [ 111.719161990940975, 16.544313427884415 ], [ 111.718048099339114, 16.543073651272817 ], [ 111.716377261936515, 16.543514248807085 ], [ 111.71578979855758, 16.544868466336645 ] ] ] } },
{ "type": "Feature", "properties": { "fid": 106, "FNODE_": 1397, "TNODE_": 1397, "LPOLY_": 1, "RPOLY_": 851, "LENGTH": 0.02, "BOU2_4M_": 1407, "BOU2_4M_ID": 26010, "GBCODE": 26010 }, "geometry": { "type": "MultiLineString", "coordinates": [ [ [ 111.599998477735525, 16.536228177026043 ], [ 111.598258975782201, 16.538150784448348 ], [ 111.600860599317983, 16.540822979883561 ], [ 111.603530887404389, 16.54064750380936 ], [ 111.605003360549063, 16.538742062524776 ], [ 111.605056766310639, 16.535894391015344 ], [ 111.602333072462443, 16.535039898827602 ], [ 111.599998477735525, 16.536228177026043 ] ] ] } },
{ "type": "Feature", "properties": { "fid": 107, "FNODE_": 1398, "TNODE_": 1399, "LPOLY_": 1, "RPOLY_": 1, "LENGTH": 0.079, "BOU2_4M_": 1408, "BOU2_4M_ID": 345, "GBCODE": 26100 }, "geometry": { "type": "MultiLineString", "coordinates": [ [ [ 111.590507510936789, 16.533346173241089 ], [ 111.589881900585141, 16.534334179833106 ], [ 111.589981082714331, 16.53845977492681 ], [ 111.593673709668394, 16.543428418116406 ], [ 111.599700931349318, 16.546052929835831 ], [ 111.608360294144006, 16.549081799465565 ], [ 111.6134033239301, 16.549892422634773 ], [ 111.618820194048126, 16.547254559475096 ], [ 111.619918826860598, 16.543331143336577 ], [ 111.61714935664493, 16.537197110132063 ], [ 111.613227847854901, 16.532922741844914 ], [ 111.607673648634986, 16.52960014052573 ], [ 111.601409915723579, 16.527439114524164 ], [ 111.596893314160283, 16.527994152976369 ], [ 111.594047549999672, 16.52897071547655 ], [ 111.591949466503337, 16.531080243064842 ] ] ] } },
{ "type": "Feature", "properties": { "fid": 108, "FNODE_": 1400, "TNODE_": 1400, "LPOLY_": 1, "RPOLY_": 852, "LENGTH": 0.02, "BOU2_4M_": 1409, "BOU2_4M_ID": 26010, "GBCODE": 26010 }, "geometry": { "type": "MultiLineString", "coordinates": [ [ [ 111.578430179390409, 16.51154136366581 ], [ 111.579620364937597, 16.513273236224794 ], [ 111.583656314645381, 16.51352500624445 ], [ 111.584777835641503, 16.510349270770156 ], [ 111.58383179071933, 16.508344647356591 ], [ 111.581092838082085, 16.50749015516886 ], [ 111.57830047968325, 16.509740826556026 ], [ 111.578430179390409, 16.51154136366581 ] ] ] } },
{ "type": "Feature", "properties": { "fid": 109, "FNODE_": 1401, "TNODE_": 1401, "LPOLY_": 1, "RPOLY_": 853, "LENGTH": 0.008, "BOU2_4M_": 1410, "BOU2_4M_ID": 26010, "GBCODE": 26010 }, "geometry": { "type": "MultiLineString", "coordinates": [ [ [ 111.736999515353972, 16.469585415783552 ], [ 111.737373355686131, 16.470729824963442 ], [ 111.738487247287921, 16.470832821789674 ], [ 111.739753726780279, 16.470209118786642 ], [ 111.73964691525677, 16.468957898083222 ], [ 111.738777164280009, 16.468477246227632 ], [ 111.737586978732935, 16.468736645641705 ], [ 111.736999515353972, 16.469585415783552 ] ] ] } },
{ "type": "Feature", "properties": { "fid": 110, "FNODE_": 1402, "TNODE_": 1403, "LPOLY_": 1, "RPOLY_": 1, "LENGTH": 0.258, "BOU2_4M_": 1411, "BOU2_4M_ID": 346, "GBCODE": 26100 }, "geometry": { "type": "MultiLineString", "coordinates": [ [ [ 111.733528140846474, 16.554874417266902 ], [ 111.735046390358505, 16.555862423858937 ], [ 111.73618317014386, 16.555738446197793 ], [ 111.740211490457, 16.554502484283539 ], [ 111.750762943095197, 16.546932217558453 ], [ 111.75543976194345, 16.542930600125974 ], [ 111.762916568585069, 16.536802288967575 ], [ 111.768783572980396, 16.532545086818324 ], [ 111.772979739973124, 16.52855491347767 ], [ 111.77548218137953, 16.523452755883838 ], [ 111.776268009015993, 16.51678466506209 ], [ 111.77464294798007, 16.508562085104213 ], [ 111.771850589580779, 16.501972195576347 ], [ 111.767051700419159, 16.491298672624712 ], [ 111.765037540262298, 16.486755368180386 ], [ 111.757583621803221, 16.474304196302466 ], [ 111.75216675168474, 16.468231198254223 ], [ 111.748031619847836, 16.464651104869542 ], [ 111.742668155491131, 16.459722516001197 ], [ 111.735923770724142, 16.456659314096086 ], [ 111.732849124727593, 16.458103177011402 ], [ 111.730346683321159, 16.462974545420632 ], [ 111.732406619845349, 16.469579693737536 ], [ 111.735610965549256, 16.473409649793101 ], [ 111.74286651975001, 16.477609631483627 ], [ 111.747253421606473, 16.481412884658333 ], [ 111.750473026099499, 16.485927578873245 ], [ 111.753509525123874, 16.493431088396463 ], [ 111.754356387917312, 16.498687741229606 ], [ 111.755882266824074, 16.502552029560558 ], [ 111.757797244852313, 16.512832638693713 ], [ 111.757751468485552, 16.520402905418987 ], [ 111.754333499735324, 16.527128216699676 ], [ 111.750801090066844, 16.529041287378732 ], [ 111.743278507057937, 16.533563610987994 ], [ 111.737396243873519, 16.537361142116641 ], [ 111.731567386450877, 16.542535778958523 ], [ 111.729599002661899, 16.549917218169082 ], [ 111.730949405494314, 16.55265807815503 ] ] ] } },
{ "type": "Feature", "properties": { "fid": 111, "FNODE_": 1404, "TNODE_": 1405, "LPOLY_": 1, "RPOLY_": 1, "LENGTH": 0.073, "BOU2_4M_": 1412, "BOU2_4M_ID": 347, "GBCODE": 26100 }, "geometry": { "type": "MultiLineString", "coordinates": [ [ [ 111.575683597356942, 16.480733868541822 ], [ 111.577636722357283, 16.480691906871954 ], [ 111.581886295111843, 16.478540417613704 ], [ 111.584449771674656, 16.475961682261673 ], [ 111.586067203315451, 16.474094387949723 ], [ 111.589736942085295, 16.467365261971782 ], [ 111.592002872261176, 16.462041851936462 ], [ 111.593078616890011, 16.457431790290006 ], [ 111.59013367060021, 16.453596112188489 ], [ 111.584877017767241, 16.453935620245087 ], [ 111.578506473332652, 16.45636367505513 ], [ 111.575462344914271, 16.458950039801678 ], [ 111.573219302922013, 16.464960095344988 ], [ 111.572410587101899, 16.470941540658746 ], [ 111.572540286809257, 16.476442334117028 ], [ 111.572853091985252, 16.479417797984841 ] ] ] } },
{ "type": "Feature", "properties": { "fid": 112, "FNODE_": 1406, "TNODE_": 1406, "LPOLY_": 1, "RPOLY_": 856, "LENGTH": 0.016, "BOU2_4M_": 1413, "BOU2_4M_ID": 26010, "GBCODE": 26010 }, "geometry": { "type": "MultiLineString", "coordinates": [ [ [ 111.704803470425517, 16.454942700325621 ], [ 111.704902652554509, 16.456415173470486 ], [ 111.707412723355816, 16.457391735970734 ], [ 111.708976749234964, 16.456949231087872 ], [ 111.709587100797506, 16.455631253182336 ], [ 111.709732059293515, 16.45373725598953 ], [ 111.708847049527691, 16.453056332527428 ], [ 111.707000736050773, 16.452642437874029 ], [ 111.704963687710617, 16.453384396492268 ], [ 111.704803470425517, 16.454942700325621 ] ] ] } },
{ "type": "Feature", "properties": { "fid": 113, "FNODE_": 1407, "TNODE_": 1407, "LPOLY_": 1, "RPOLY_": 855, "LENGTH": 0.018, "BOU2_4M_": 1414, "BOU2_4M_ID": 26010, "GBCODE": 26010 }, "geometry": { "type": "MultiLineString", "coordinates": [ [ [ 111.502937320486907, 16.454883572514376 ], [ 111.503028873221382, 16.456148144658183 ], [ 111.50372314812391, 16.457489010747373 ], [ 111.505752567069607, 16.457473751958361 ], [ 111.507606509940985, 16.456544873174 ], [ 111.508583072441056, 16.455095288212771 ], [ 111.507850650565828, 16.453178402836368 ], [ 111.505996707694365, 16.452375409061755 ], [ 111.503028873221183, 16.452684399540257 ], [ 111.502937320486907, 16.454883572514376 ] ] ] } },
{ "type": "Feature", "properties": { "fid": 114, "FNODE_": 1408, "TNODE_": 1408, "LPOLY_": 1, "RPOLY_": 854, "LENGTH": 0.021, "BOU2_4M_": 1415, "BOU2_4M_ID": 26010, "GBCODE": 26010 }, "geometry": { "type": "MultiLineString", "coordinates": [ [ [ 111.691207889368471, 16.455986020027765 ], [ 111.691802982142136, 16.458301541268508 ], [ 111.696578983119466, 16.456972119271231 ], [ 111.697906497768031, 16.455066677986682 ], [ 111.697532657435758, 16.451885220466444 ], [ 111.692710880091255, 16.453664776741153 ], [ 111.691207889368471, 16.455986020027765 ] ] ] } },
{ "type": "Feature", "properties": { "fid": 115, "FNODE_": 1409, "TNODE_": 1409, "LPOLY_": 1, "RPOLY_": 857, "LENGTH": 0.012, "BOU2_4M_": 1416, "BOU2_4M_ID": 26010, "GBCODE": 26010 }, "geometry": { "type": "MultiLineString", "coordinates": [ [ [ 111.596641544136517, 16.453321453985406 ], [ 111.596763614449131, 16.454902646002406 ], [ 111.597633365425878, 16.45575141614416 ], [ 111.598907474312824, 16.455440518317005 ], [ 111.599800113473123, 16.454814907965304 ], [ 111.600158695016034, 16.453203198370268 ], [ 111.599472049508023, 16.451774594243897 ], [ 111.597572330269386, 16.4515590638483 ], [ 111.596641544136517, 16.453321453985406 ] ] ] } },
{ "type": "Feature", "properties": { "fid": 116, "FNODE_": 1410, "TNODE_": 1411, "LPOLY_": 1, "RPOLY_": 1, "LENGTH": 0.079, "BOU2_4M_": 1417, "BOU2_4M_ID": 348, "GBCODE": 26100 }, "geometry": { "type": "MultiLineString", "coordinates": [ [ [ 111.696823123743798, 16.444305416997988 ], [ 111.692703250696212, 16.444984433111319 ], [ 111.687286380578243, 16.448081967291561 ], [ 111.68434143428901, 16.454109188972563 ], [ 111.684967044641056, 16.460517880380213 ], [ 111.689590457728016, 16.464317318857645 ], [ 111.697242740444253, 16.465068814219286 ], [ 111.702926639370972, 16.463340756357695 ], [ 111.710250858122123, 16.460430142343487 ], [ 111.713272098356853, 16.457382199227713 ], [ 111.714088443571526, 16.451631543098525 ], [ 111.70722961788627, 16.444210049566518 ], [ 111.699119571498102, 16.443927761968656 ] ] ] } },
{ "type": "Feature", "properties": { "fid": 117, "FNODE_": 1412, "TNODE_": 1413, "LPOLY_": 1, "RPOLY_": 1, "LENGTH": 0.139, "BOU2_4M_": 1418, "BOU2_4M_ID": 350, "GBCODE": 26100 }, "geometry": { "type": "MultiLineString", "coordinates": [ [ [ 111.483482364428042, 16.44290542309734 ], [ 111.482872012865599, 16.446193692141033 ], [ 111.484161380541849, 16.450067517215139 ], [ 111.488800052417957, 16.455017086918417 ], [ 111.50032806755695, 16.45845031445846 ], [ 111.504669193046126, 16.460424420293936 ], [ 111.509948734062789, 16.461919781622491 ], [ 111.51570129754046, 16.463176724371845 ], [ 111.522171024104196, 16.464420315680844 ], [ 111.527656558773188, 16.46476363843497 ], [ 111.533836368344538, 16.46371841138404 ], [ 111.537582401059893, 16.460659024176397 ], [ 111.539642337583487, 16.4567165345516 ], [ 111.540229800962194, 16.451429364140225 ], [ 111.539916995786172, 16.447996136600452 ], [ 111.538650516293586, 16.445041653567564 ], [ 111.536201480648444, 16.442110058718246 ], [ 111.530677799006753, 16.440620419435586 ], [ 111.527343753596014, 16.440917965822273 ], [ 111.523551944513343, 16.441915509157425 ], [ 111.517112735527775, 16.441360470705057 ], [ 111.513069156425544, 16.44213103955278 ], [ 111.504722598806836, 16.44207572644229 ], [ 111.49947357536837, 16.44195365612963 ], [ 111.495162967457389, 16.440896984986789 ], [ 111.489883426440741, 16.439857479981562 ], [ 111.483932498705329, 16.440439221314573 ] ] ] } },
{ "type": "Feature", "properties": { "fid": 118, "FNODE_": 1414, "TNODE_": 1415, "LPOLY_": 1, "RPOLY_": 1, "LENGTH": 0.14, "BOU2_4M_": 1419, "BOU2_4M_ID": 349, "GBCODE": 26100 }, "geometry": { "type": "MultiLineString", "coordinates": [ [ [ 111.576812747748278, 16.489830014173712 ], [ 111.577133182318633, 16.489418026868961 ], [ 111.582061771186517, 16.485876080457121 ], [ 111.587211612495778, 16.481637951794159 ], [ 111.592109683785466, 16.476947781505153 ], [ 111.596076968942228, 16.473423001231005 ], [ 111.5992965734347, 16.468309399545401 ], [ 111.601287845407356, 16.461845395027421 ], [ 111.602821353708094, 16.455850598273223 ], [ 111.60381317499683, 16.447114941533069 ], [ 111.599853519234088, 16.441463467532724 ], [ 111.591941837103661, 16.439796444827131 ], [ 111.583427432805408, 16.442499157840274 ], [ 111.579650882511871, 16.444412228519347 ], [ 111.574211124210208, 16.446132656986368 ], [ 111.569976810244754, 16.448972699101166 ], [ 111.566810611514143, 16.456150052007963 ], [ 111.564392093447765, 16.464916226326238 ], [ 111.564552310733333, 16.471565243661683 ], [ 111.566383365421558, 16.478635785045096 ], [ 111.567718509465095, 16.484571453991776 ], [ 111.570922855169059, 16.489089962903929 ], [ 111.57527923944734, 16.491750714247342 ] ] ] } },
{ "type": "Feature", "properties": { "fid": 119, "FNODE_": 1416, "TNODE_": 1417, "LPOLY_": 1, "RPOLY_": 1, "LENGTH": 0.296, "BOU2_4M_": 1420, "BOU2_4M_ID": 351, "GBCODE": 26100 }, "geometry": { "type": "MultiLineString", "coordinates": [ [ [ 111.961181644291472, 16.322021481429537 ], [ 111.956031802982181, 16.325809475815038 ], [ 111.956031802982722, 16.334983822740877 ], [ 111.958381656499242, 16.343187329212405 ], [ 111.964691165778461, 16.356573101920446 ], [ 111.970787052010323, 16.362396237297826 ], [ 111.97740173707048, 16.368894574091374 ], [ 111.98708343873264, 16.374404904292881 ], [ 111.995689395765481, 16.375581738399777 ], [ 112.004211429458252, 16.373319622920913 ], [ 112.009902957779488, 16.372039791988119 ], [ 112.022277835711307, 16.37129211132418 ], [ 112.028900150165484, 16.369302746699859 ], [ 112.036682132588524, 16.365909573481488 ], [ 112.042297366964277, 16.362108227655572 ], [ 112.046562198507928, 16.360860821649524 ], [ 112.048446658957417, 16.36012839977441 ], [ 112.054122928489562, 16.358161923333657 ], [ 112.060951236596054, 16.355247494622258 ], [ 112.069908145777092, 16.351367947502396 ], [ 112.07340240847283, 16.348073956412897 ], [ 112.077247623316808, 16.340414044301976 ], [ 112.076339725367006, 16.333097454944888 ], [ 112.071136478295344, 16.32542228404472 ], [ 112.062446597922474, 16.321268078721385 ], [ 112.053840640889661, 16.320323941147805 ], [ 112.04602814088841, 16.322341916001541 ], [ 112.03843689332858, 16.323896405137535 ], [ 112.03343963990973, 16.323783871568047 ], [ 112.02674103151007, 16.322793957627283 ], [ 112.021972659927201, 16.322904583847905 ], [ 112.018226627211845, 16.325286862290763 ], [ 112.008972171643904, 16.32687949839929 ], [ 112.00066376099798, 16.327989575303658 ], [ 111.991142276621346, 16.328668591416914 ], [ 111.987106326913661, 16.329679486192482 ], [ 111.980850223396786, 16.327072140610738 ], [ 111.97572327027062, 16.322374340926995 ], [ 111.972587589117623, 16.320840832625819 ], [ 111.966163638921188, 16.32098960581909 ] ] ] } },
{ "type": "Feature", "properties": { "fid": 120, "FNODE_": 1418, "TNODE_": 1419, "LPOLY_": 1, "RPOLY_": 1, "LENGTH": 0.072, "BOU2_4M_": 1421, "BOU2_4M_ID": 61066, "GBCODE": 26080 }, "geometry": { "type": "MultiLineString", "coordinates": [ [ [ 114.744346622763928, 16.231746670680121 ], [ 114.755172733605477, 16.233293530421946 ], [ 114.767547611537523, 16.241024014432615 ], [ 114.775283817593547, 16.244115826567196 ], [ 114.784553531950593, 16.247207638701788 ], [ 114.800010685273307, 16.248754498443695 ], [ 114.810829166720097, 16.247207638702466 ], [ 114.812377933810055, 16.245662686309615 ] ] ] } },
{ "type": "Feature", "properties": { "fid": 121, "FNODE_": 1420, "TNODE_": 1421, "LPOLY_": 1, "RPOLY_": 1, "LENGTH": 0.035, "BOU2_4M_": 1422, "BOU2_4M_ID": 61065, "GBCODE": 26080 }, "geometry": { "type": "MultiLineString", "coordinates": [ [ [ 114.676330570506309, 16.210102078388942 ], [ 114.685600284863597, 16.216287610006685 ], [ 114.696426395705259, 16.219379422141294 ], [ 114.708793644242348, 16.220924374534533 ] ] ] } },
{ "type": "Feature", "properties": { "fid": 122, "FNODE_": 1422, "TNODE_": 1423, "LPOLY_": 1, "RPOLY_": 1, "LENGTH": 0.079, "BOU2_4M_": 1423, "BOU2_4M_ID": 61069, "GBCODE": 26080 }, "geometry": { "type": "MultiLineString", "coordinates": [ [ [ 114.815467838593975, 16.220924374537116 ], [ 114.815467838593776, 16.217832562402712 ], [ 114.807739261931559, 16.203918454123361 ], [ 114.796920780484427, 16.200826641988648 ], [ 114.782997135463134, 16.205465313864277 ], [ 114.769088749230761, 16.207010266256837 ], [ 114.756721500693885, 16.208557125998041 ], [ 114.748992924032578, 16.208557125997842 ] ] ] } },
{ "type": "Feature", "properties": { "fid": 123, "FNODE_": 1424, "TNODE_": 1425, "LPOLY_": 1, "RPOLY_": 1, "LENGTH": 0.029, "BOU2_4M_": 1424, "BOU2_4M_ID": 61068, "GBCODE": 26080 }, "geometry": { "type": "MultiLineString", "coordinates": [ [ [ 114.710342411331055, 16.200826641986552 ], [ 114.701072696974009, 16.197734829851939 ], [ 114.690238956737829, 16.194643017717254 ], [ 114.682510380076309, 16.191551205582655 ] ] ] } },
{ "type": "Feature", "properties": { "fid": 124, "FNODE_": 1426, "TNODE_": 1427, "LPOLY_": 1, "RPOLY_": 1, "LENGTH": 0.599, "BOU2_4M_": 1425, "BOU2_4M_ID": 352, "GBCODE": 26100 }, "geometry": { "type": "MultiLineString", "coordinates": [ [ [ 111.652023319038392, 16.269721981900688 ], [ 111.655250552925992, 16.275157925505408 ], [ 111.662208560739842, 16.277072903533277 ], [ 111.669883731639743, 16.278741833587528 ], [ 111.689147952834546, 16.277868267913888 ], [ 111.698883060258041, 16.276052472015241 ], [ 111.7053375280327, 16.277288433929698 ], [ 111.717506412312261, 16.27816962899848 ], [ 111.726791385458426, 16.277738568207507 ], [ 111.735122684288015, 16.277555462738899 ], [ 111.742729190636979, 16.2767028779 ], [ 111.754417423060957, 16.277362820527337 ], [ 111.764442447476839, 16.278060910127262 ], [ 111.772041324431257, 16.2769756287551 ], [ 111.776283267791285, 16.275276181122958 ], [ 111.779602054412933, 16.274515149018402 ], [ 111.786651614960832, 16.270460125824258 ], [ 111.796226505098787, 16.262908932585532 ], [ 111.797813419161358, 16.25920486153985 ], [ 111.801689151583531, 16.252239224331401 ], [ 111.804283145724, 16.241401669397465 ], [ 111.804893497286372, 16.237489697350714 ], [ 111.805992130098858, 16.233566281212219 ], [ 111.805488590059099, 16.223028180013589 ], [ 111.805793765839979, 16.215682980427118 ], [ 111.800827029998786, 16.207767483599177 ], [ 111.795700076872606, 16.202606198197529 ], [ 111.788192752652222, 16.197267529372994 ], [ 111.771636966516184, 16.192588803175386 ], [ 111.764450076866382, 16.19091224372665 ], [ 111.757751468466694, 16.189683911206703 ], [ 111.751091007039733, 16.189830777051327 ], [ 111.742736820026508, 16.189325329663379 ], [ 111.73371124629449, 16.190210339428997 ], [ 111.726867679398907, 16.192653653028039 ], [ 111.720527652542486, 16.196231839063845 ], [ 111.712966922560852, 16.198919293287929 ], [ 111.706832889356747, 16.201345440749243 ], [ 111.698822025097726, 16.204959866409062 ], [ 111.696716312206831, 16.20660972297674 ], [ 111.69560242060524, 16.209615704422664 ], [ 111.696449283398664, 16.215101239091908 ], [ 111.699829105176704, 16.216863629229028 ], [ 111.706733707228693, 16.216484066851159 ], [ 111.712623599807728, 16.214063641435722 ], [ 111.718032840531166, 16.210962292558179 ], [ 111.722267154496677, 16.209495541459326 ], [ 111.729347232622786, 16.206817623978409 ], [ 111.736221317096579, 16.205291745071928 ], [ 111.742851260945315, 16.203540799026783 ], [ 111.749496463583199, 16.20316695869483 ], [ 111.754516605185671, 16.203514096146165 ], [ 111.760696414757035, 16.203149792557376 ], [ 111.76619720821509, 16.203945156937515 ], [ 111.771957401087306, 16.205654141312934 ], [ 111.776992801478912, 16.207147595292888 ], [ 111.781852725796384, 16.210939404375836 ], [ 111.786483768277947, 16.215423581012626 ], [ 111.788017276579268, 16.219976422200141 ], [ 111.786033634001114, 16.225753781210134 ], [ 111.779922488980702, 16.229328152548707 ], [ 111.775512698941142, 16.234241482627798 ], [ 111.773696903042591, 16.237722393883377 ], [ 111.770782474331554, 16.245124813928843 ], [ 111.76976013546458, 16.25202750863248 ], [ 111.766777042202605, 16.256679531948869 ], [ 111.761360172084608, 16.259323117154409 ], [ 111.755920413782945, 16.260818478482772 ], [ 111.752838138391795, 16.261344906705464 ], [ 111.748046878625289, 16.260761258023575 ], [ 111.738998416709592, 16.260499951260677 ], [ 111.730636600301821, 16.259994503872726 ], [ 111.724708560750059, 16.260812756436291 ], [ 111.715423587603894, 16.261014935391216 ], [ 111.708267215532288, 16.260711666958411 ], [ 111.701576236527117, 16.259710308925818 ], [ 111.694442752639162, 16.260093686000936 ], [ 111.68919372920071, 16.25975036324688 ], [ 111.681571964062655, 16.259914395229192 ], [ 111.678222659862783, 16.259527203456592 ], [ 111.671539310252186, 16.258754727259959 ], [ 111.666770938669302, 16.258855816737455 ], [ 111.660842899117497, 16.259443280116397 ], [ 111.656349185737909, 16.26137351693313 ], [ 111.653320316108619, 16.263961789028347 ], [ 111.650993350776304, 16.266304013149909 ], [ 111.651527408393676, 16.268085476773333 ] ] ] } },
{ "type": "Feature", "properties": { "fid": 125, "FNODE_": 1428, "TNODE_": 1429, "LPOLY_": 1, "RPOLY_": 1, "LENGTH": 0.113, "BOU2_4M_": 1426, "BOU2_4M_ID": 353, "GBCODE": 26100 }, "geometry": { "type": "MultiLineString", "coordinates": [ [ [ 111.649559024599625, 16.18629836738064 ], [ 111.648689273623091, 16.189756390452654 ], [ 111.649971011904796, 16.193628308178134 ], [ 111.652641299991316, 16.195634838940304 ], [ 111.659919742375763, 16.201440808180038 ], [ 111.663352969915664, 16.205495831374332 ], [ 111.66879272821788, 16.213634487992383 ], [ 111.67295837763298, 16.218820568926219 ], [ 111.680419925486063, 16.222099301226841 ], [ 111.685668948924487, 16.22221374214498 ], [ 111.690589908397868, 16.219127652056457 ], [ 111.692176822460439, 16.215652462846762 ], [ 111.690330508983138, 16.20835303962739 ], [ 111.68715668085737, 16.204982754592454 ], [ 111.684242252145793, 16.202753064040145 ], [ 111.679870609078421, 16.199176785352766 ], [ 111.673332217963718, 16.194730755688603 ], [ 111.669456485541005, 16.192293164135261 ], [ 111.666076663762951, 16.190301892162125 ], [ 111.659339908390464, 16.187234875559767 ], [ 111.656776431827453, 16.186313626169909 ] ] ] } },
{ "type": "Feature", "properties": { "fid": 126, "FNODE_": 1430, "TNODE_": 1431, "LPOLY_": 1, "RPOLY_": 1, "LENGTH": 0.06, "BOU2_4M_": 1427, "BOU2_4M_ID": 61064, "GBCODE": 26080 }, "geometry": { "type": "MultiLineString", "coordinates": [ [ [ 114.603660587582993, 16.174543377818519 ], [ 114.608299259459002, 16.179182049694568 ], [ 114.616043094909557, 16.182273861829163 ], [ 114.625312809266731, 16.186912533705332 ], [ 114.633041385928337, 16.191551205581458 ], [ 114.639221195500014, 16.197734829850404 ], [ 114.64540863446598, 16.200826641984982 ], [ 114.654693607612174, 16.205465313861154 ] ] ] } },
{ "type": "Feature", "properties": { "fid": 127, "FNODE_": 1432, "TNODE_": 1433, "LPOLY_": 1, "RPOLY_": 1, "LENGTH": 0.056, "BOU2_4M_": 1428, "BOU2_4M_ID": 61067, "GBCODE": 26080 }, "geometry": { "type": "MultiLineString", "coordinates": [ [ [ 114.656227115911946, 16.186912533706103 ], [ 114.653137211126094, 16.183820721571632 ], [ 114.642318729678905, 16.179182049695399 ], [ 114.626846317566702, 16.171451565684684 ], [ 114.608299259457837, 16.162176129280969 ], [ 114.606758121762212, 16.160629269539424 ] ] ] } },
{ "type": "Feature", "properties": { "fid": 128, "FNODE_": 1434, "TNODE_": 1435, "LPOLY_": 1, "RPOLY_": 1, "LENGTH": 0.505, "BOU2_4M_": 1429, "BOU2_4M_ID": 354, "GBCODE": 26100 }, "geometry": { "type": "MultiLineString", "coordinates": [ [ [ 111.639511112004769, 16.267284390347154 ], [ 111.635780338078348, 16.267776486294455 ], [ 111.627113345889057, 16.263603207484834 ], [ 111.619163516785875, 16.259874340906709 ], [ 111.612121585631982, 16.254749295129105 ], [ 111.600189212582336, 16.243535992514168 ], [ 111.592201236506398, 16.238430020222861 ], [ 111.584747318047846, 16.235147473224924 ], [ 111.575126651541993, 16.23122214973754 ], [ 111.565910342946196, 16.224306103593285 ], [ 111.560562137378568, 16.219602581863686 ], [ 111.553001407396323, 16.212192532423455 ], [ 111.5483627355202, 16.206785199048177 ], [ 111.545829776535001, 16.200647351146404 ], [ 111.544242862471847, 16.194028851389103 ], [ 111.54406738639716, 16.186466214058324 ], [ 111.546470645674418, 16.177013394232144 ], [ 111.551513675459987, 16.168422695988195 ], [ 111.558067325363254, 16.164157864444437 ], [ 111.563049319992984, 16.163135525577125 ], [ 111.571113590013866, 16.161361691348365 ], [ 111.577507022632162, 16.160539624087583 ], [ 111.584190372242759, 16.160856243960826 ], [ 111.593048099295231, 16.162961956852062 ], [ 111.600242618339621, 16.165103909367343 ], [ 111.605041507500701, 16.166606900090379 ], [ 111.612243655939636, 16.169206616277595 ], [ 111.617553714534537, 16.172304150458057 ], [ 111.621902469418245, 16.174962994452862 ], [ 111.626968387388061, 16.177837368843246 ], [ 111.631317142271826, 16.18072509467402 ], [ 111.635437015319582, 16.183389660714727 ], [ 111.639572147156471, 16.186971661448009 ], [ 111.644203189637992, 16.191228863597466 ], [ 111.648597720889057, 16.195951458813362 ], [ 111.652732852725919, 16.199302670362059 ], [ 111.655899051457126, 16.20244598090963 ], [ 111.655067447453391, 16.207736966018185 ], [ 111.649169925479796, 16.209928509597685 ], [ 111.641700748232168, 16.206417080763742 ], [ 111.637832645204, 16.203979489210401 ], [ 111.632507327820051, 16.200422284009349 ], [ 111.627677921080732, 16.197544094921764 ], [ 111.623786929868913, 16.194416043163187 ], [ 111.620376590512649, 16.191049572825413 ], [ 111.615783695003813, 16.187707898019966 ], [ 111.609992984553386, 16.184391018746673 ], [ 111.606140140314309, 16.182867047188655 ], [ 111.600852969903102, 16.18068504035211 ], [ 111.59581756951151, 16.179645535346904 ], [ 111.588401798025743, 16.17819595038554 ], [ 111.584823611989876, 16.177354809638235 ], [ 111.577888492359691, 16.176353451605639 ], [ 111.573829654468312, 16.176210400458071 ], [ 111.567672733080585, 16.177486416693558 ], [ 111.563941959154334, 16.181003567573168 ], [ 111.561927798998028, 16.186321255562579 ], [ 111.563606265795798, 16.197063443064916 ], [ 111.567100528492134, 16.203870770336927 ], [ 111.571502689137716, 16.208824154737549 ], [ 111.577072147146765, 16.212835308913288 ], [ 111.585273746269564, 16.217018124466144 ], [ 111.593696597833812, 16.22119903267032 ], [ 111.599487308284239, 16.224287030107611 ], [ 111.606506351254481, 16.228723523028645 ], [ 111.614501956724993, 16.23451804817655 ], [ 111.619621280456656, 16.239454266439395 ], [ 111.623283389832523, 16.243045803915852 ], [ 111.63002777459954, 16.246341702354172 ], [ 111.637077335148007, 16.252153393639762 ], [ 111.641250613957652, 16.257568356409543 ], [ 111.643997195989684, 16.263013836757498 ], [ 111.6440887487243, 16.26668166817915 ] ] ] } },
{ "type": "Feature", "properties": { "fid": 129, "FNODE_": 1436, "TNODE_": 1437, "LPOLY_": 1, "RPOLY_": 1, "LENGTH": 0.199, "BOU2_4M_": 1430, "BOU2_4M_ID": 61072, "GBCODE": 26080 }, "geometry": { "type": "MultiLineString", "coordinates": [ [ [ 114.339286808240971, 16.092603680529955 ], [ 114.34857178138742, 16.10033416454052 ], [ 114.357841495744808, 16.108064648551039 ], [ 114.374847416157536, 16.10806464855148 ], [ 114.391860965964582, 16.104972836417495 ], [ 114.40576935219724, 16.106517788810713 ], [ 114.425872806790125, 16.106517788811196 ], [ 114.45060730386426, 16.108064648553299 ], [ 114.470703129062798, 16.111156460688235 ], [ 114.486167911780143, 16.114248272823037 ], [ 114.503166202798738, 16.120433804440928 ], [ 114.517089847820671, 16.12507056896855 ], [ 114.529457096357987, 16.129709240844793 ] ] ] } },
{ "type": "Feature", "properties": { "fid": 130, "FNODE_": 1438, "TNODE_": 1439, "LPOLY_": 1, "RPOLY_": 1, "LENGTH": 0.202, "BOU2_4M_": 1431, "BOU2_4M_ID": 61073, "GBCODE": 26080 }, "geometry": { "type": "MultiLineString", "coordinates": [ [ [ 114.530998234052291, 16.111156460689713 ], [ 114.523269657390657, 16.106517788813576 ], [ 114.517089847819008, 16.100334164544627 ], [ 114.50781250406699, 16.091058728141132 ], [ 114.496986393225214, 16.086420056264945 ], [ 114.481529239902585, 16.086420056264586 ], [ 114.469161991365482, 16.084875103871372 ], [ 114.461433414703947, 16.081781384388123 ], [ 114.452163700346688, 16.075597760119066 ], [ 114.444419864895977, 16.070959088242958 ], [ 114.435142521144286, 16.066322323715397 ], [ 114.422782902001813, 16.066322323715141 ], [ 114.411956791160549, 16.069414135849279 ], [ 114.394950870748033, 16.07250594798327 ], [ 114.374847416155362, 16.075597760117184 ], [ 114.35320282386715, 16.078689572251097 ], [ 114.343933109510374, 16.080236431992343 ] ] ] } },
{ "type": "Feature", "properties": { "fid": 131, "FNODE_": 1440, "TNODE_": 1441, "LPOLY_": 1, "RPOLY_": 1, "LENGTH": 0.122, "BOU2_4M_": 1432, "BOU2_4M_ID": 61070, "GBCODE": 26080 }, "geometry": { "type": "MultiLineString", "coordinates": [ [ [ 114.187782291614212, 16.060136792091964 ], [ 114.1986007730615, 16.064775463968136 ], [ 114.212516788688717, 16.066322323710061 ], [ 114.229522709101758, 16.070959088237696 ], [ 114.238800052853179, 16.070959088237952 ], [ 114.25116730139024, 16.070959088238279 ], [ 114.268173221803181, 16.07405280772171 ], [ 114.278999332644972, 16.078689572249292 ], [ 114.286727909306393, 16.080236431991001 ], [ 114.297546390753354, 16.080236431991214 ], [ 114.305282596808908, 16.075597760115524 ] ] ] } },
{ "type": "Feature", "properties": { "fid": 132, "FNODE_": 1442, "TNODE_": 1442, "LPOLY_": 1, "RPOLY_": 858, "LENGTH": 0.034, "BOU2_4M_": 1433, "BOU2_4M_ID": 26010, "GBCODE": 26010 }, "geometry": { "type": "MultiLineString", "coordinates": [ [ [ 111.754966739454431, 16.052782055708519 ], [ 111.758987430373196, 16.05381202397054 ], [ 111.763267520705966, 16.053701397749901 ], [ 111.768020633499745, 16.053604122969741 ], [ 111.766937259475924, 16.050128933759936 ], [ 111.765083316604446, 16.048698422284993 ], [ 111.762008670607742, 16.047924038739858 ], [ 111.758682254591534, 16.047830578656757 ], [ 111.756286624708309, 16.048223492475195 ], [ 111.754592899122173, 16.049783703657127 ], [ 111.754302982130028, 16.051383969160369 ], [ 111.754966739454431, 16.052782055708519 ] ] ] } },
{ "type": "Feature", "properties": { "fid": 133, "FNODE_": 1443, "TNODE_": 1444, "LPOLY_": 1, "RPOLY_": 1, "LENGTH": 0.12, "BOU2_4M_": 1434, "BOU2_4M_ID": 61071, "GBCODE": 26080 }, "geometry": { "type": "MultiLineString", "coordinates": [ [ [ 114.306823734503027, 16.053953167825995 ], [ 114.302192692021649, 16.05086135569146 ], [ 114.292907718875497, 16.047769543556832 ], [ 114.277450565552627, 16.044677731422041 ], [ 114.263526920530978, 16.044677731421697 ], [ 114.252723697873193, 16.046222683814324 ], [ 114.240348819941516, 16.044677731421132 ], [ 114.220252994743035, 16.043130871679104 ], [ 114.203239444935662, 16.041585919285811 ], [ 114.193962101184454, 16.044677731419995 ], [ 114.190872196399027, 16.047769543554338 ] ] ] } },
{ "type": "Feature", "properties": { "fid": 134, "FNODE_": 1445, "TNODE_": 1446, "LPOLY_": 1, "RPOLY_": 1, "LENGTH": 0.211, "BOU2_4M_": 1435, "BOU2_4M_ID": 355, "GBCODE": 26100 }, "geometry": { "type": "MultiLineString", "coordinates": [ [ [ 111.741676334178166, 16.044689175457499 ], [ 111.740997318065084, 16.049934384198846 ], [ 111.742866519726022, 16.057920452926158 ], [ 111.746398929395085, 16.066099163865477 ], [ 111.751762393751818, 16.071254727221199 ], [ 111.759002689163452, 16.074995037891124 ], [ 111.762100223343722, 16.075613018848365 ], [ 111.77474213008432, 16.076709744312708 ], [ 111.782859805867062, 16.077907559254538 ], [ 111.793296817587574, 16.076530453541519 ], [ 111.801612857628058, 16.075656887867723 ], [ 111.812049869348584, 16.074506756642034 ], [ 111.81891632442786, 16.073436734059023 ], [ 111.824806217006881, 16.071012493946295 ], [ 111.828247073940759, 16.065431591845517 ], [ 111.827819827846497, 16.05787276921205 ], [ 111.822357181360658, 16.049051281783289 ], [ 111.813911441612774, 16.043966290326981 ], [ 111.803146365927162, 16.041683194012791 ], [ 111.795471195027204, 16.039102551311888 ], [ 111.787536624713127, 16.03583907780029 ], [ 111.781517032426763, 16.033220288126753 ], [ 111.774597171585611, 16.031997677652726 ], [ 111.766723636427926, 16.031253811685595 ], [ 111.760070804395525, 16.031629559366248 ], [ 111.753440860546775, 16.032922741739434 ], [ 111.751350406444956, 16.034803387491696 ], [ 111.749023441112641, 16.037147518961916 ], [ 111.746711734569431, 16.039949414104044 ] ] ] } },
{ "type": "Feature", "properties": { "fid": 135, "FNODE_": 1447, "TNODE_": 1448, "LPOLY_": 1, "RPOLY_": 1, "LENGTH": 0.106, "BOU2_4M_": 1436, "BOU2_4M_ID": 61109, "GBCODE": 26080 }, "geometry": { "type": "MultiLineString", "coordinates": [ [ [ 114.885040287326746, 16.104972836429738 ], [ 114.8896789592023, 16.103425976688303 ], [ 114.90358734543446, 16.098789212161382 ], [ 114.915962223365312, 16.089511868409861 ], [ 114.922149662330412, 16.080236432006799 ], [ 114.928329471900895, 16.069414135862228 ], [ 114.931427006080398, 16.060136792110427 ], [ 114.929878238989346, 16.046222683831289 ], [ 114.92369080002274, 16.033855435293532 ], [ 114.920600895236532, 16.024578091541578 ] ] ] } },
{ "type": "Feature", "properties": { "fid": 136, "FNODE_": 1449, "TNODE_": 1450, "LPOLY_": 1, "RPOLY_": 1, "LENGTH": 0.103, "BOU2_4M_": 1437, "BOU2_4M_ID": 61108, "GBCODE": 26080 }, "geometry": { "type": "MultiLineString", "coordinates": [ [ [ 114.906677250214329, 16.015302655138015 ], [ 114.903587345429372, 16.024578091541152 ], [ 114.902046207734372, 16.032308575551461 ], [ 114.895866398164117, 16.046222683830422 ], [ 114.888137821503577, 16.057044979974943 ], [ 114.875762943573235, 16.074052807736809 ], [ 114.866493229217156, 16.084875103881309 ], [ 114.863403324432298, 16.095697400025962 ], [ 114.866493229218534, 16.104972836429287 ] ] ] } },
{ "type": "Feature", "properties": { "fid": 137, "FNODE_": 1451, "TNODE_": 1452, "LPOLY_": 1, "RPOLY_": 1, "LENGTH": 0.319, "BOU2_4M_": 1438, "BOU2_4M_ID": 356, "GBCODE": 26100 }, "geometry": { "type": "MultiLineString", "coordinates": [ [ [ 112.60408020395738, 16.065086361759022 ], [ 112.597747806495079, 16.060207363955129 ], [ 112.594383243506158, 16.058919903627611 ], [ 112.58833313364164, 16.055410382142377 ], [ 112.571548465669338, 16.04323768316485 ], [ 112.562217716155899, 16.041418072568565 ], [ 112.552993778165686, 16.035238262996735 ], [ 112.547576908047205, 16.029186245783446 ], [ 112.543403629237645, 16.024478909356599 ], [ 112.533050540856735, 16.020162579399393 ], [ 112.522476200034433, 16.016769406180696 ], [ 112.516258243490313, 16.015325543265231 ], [ 112.509819034504815, 16.014804837088253 ], [ 112.503387454913863, 16.014741894583214 ], [ 112.49768066780355, 16.014888760427812 ], [ 112.491783145829956, 16.016418454031555 ], [ 112.484153751297413, 16.015926358083984 ], [ 112.474891666334941, 16.016624447683562 ], [ 112.465682987134286, 16.018924710134996 ], [ 112.462432865063604, 16.021760937552543 ], [ 112.460861209790096, 16.025239941459475 ], [ 112.459739688793931, 16.027563092094731 ], [ 112.460212711255437, 16.0355777710515 ], [ 112.463882450025835, 16.039382931574853 ], [ 112.47209930793764, 16.04398727117557 ], [ 112.481697086259786, 16.046949383603184 ], [ 112.493629459308735, 16.047788617002006 ], [ 112.505111698080356, 16.050014492857237 ], [ 112.515159610679831, 16.051818844664485 ], [ 112.523742679528951, 16.052284237731147 ], [ 112.537391666347858, 16.055368420471375 ], [ 112.550590518889393, 16.05915260015993 ], [ 112.560981754243031, 16.064384457461067 ], [ 112.57151031869806, 16.066400524966575 ], [ 112.582977298680561, 16.067934033267949 ], [ 112.593017581885462, 16.069505688541955 ], [ 112.599212650245875, 16.069341656559626 ], [ 112.60011291880069, 16.06889724432811 ] ] ] } },
{ "type": "Feature", "properties": { "fid": 138, "FNODE_": 1453, "TNODE_": 1454, "LPOLY_": 1, "RPOLY_": 1, "LENGTH": 0.386, "BOU2_4M_": 1439, "BOU2_4M_ID": 357, "GBCODE": 26100 }, "geometry": { "type": "MultiLineString", "coordinates": [ [ [ 112.613327030131074, 16.06945800482654 ], [ 112.615066532084342, 16.066858288639523 ], [ 112.613586429544398, 16.056577679506443 ], [ 112.608673099465122, 16.050973889221964 ], [ 112.603332523292153, 16.047674176086364 ], [ 112.597557071630874, 16.045534130919837 ], [ 112.59058380502799, 16.043195721495341 ], [ 112.584083560886086, 16.040384289609818 ], [ 112.576110843599366, 16.036466595517101 ], [ 112.569793704926127, 16.031587597713152 ], [ 112.563743595061624, 16.02830505071524 ], [ 112.557701114591666, 16.025024411066003 ], [ 112.548957828457006, 16.019060131889766 ], [ 112.543426517420798, 16.017141339164617 ], [ 112.539299014978496, 16.01403808293831 ], [ 112.532516483238823, 16.009857174734158 ], [ 112.522186283041577, 16.006685253956871 ], [ 112.513847354817443, 16.005985257008334 ], [ 112.506217960284886, 16.005495068409438 ], [ 112.503616336749317, 16.006021496632144 ], [ 112.495529178544828, 16.006000515796995 ], [ 112.486717227859742, 16.005998608448156 ], [ 112.476547244947952, 16.0078659027599 ], [ 112.468490604321673, 16.008991238453291 ], [ 112.459243778148291, 16.010145184376199 ], [ 112.45195770636991, 16.013315197804438 ], [ 112.449699405588518, 16.01749992070566 ], [ 112.448921207346558, 16.023712155204016 ], [ 112.448112491526416, 16.028778073173818 ], [ 112.450233463206914, 16.036062237604106 ], [ 112.455978397290522, 16.046005246029186 ], [ 112.465682987136276, 16.052179333555102 ], [ 112.473587039872157, 16.054727551329222 ], [ 112.480041507646746, 16.055479046690838 ], [ 112.485549930499289, 16.056713101256644 ], [ 112.492958072590469, 16.057668682922102 ], [ 112.501091007162245, 16.05906295477314 ], [ 112.509216312339504, 16.060686108460171 ], [ 112.517372135094902, 16.062540051331801 ], [ 112.526237491541849, 16.064603802553172 ], [ 112.531280521327957, 16.066307064882711 ], [ 112.54280853646685, 16.069904324405208 ], [ 112.5500106849057, 16.072010037296419 ], [ 112.558868411958059, 16.073612210148511 ], [ 112.571769718112705, 16.075338360661863 ], [ 112.581100467626101, 16.077157971258146 ], [ 112.591873172706173, 16.07916831671778 ], [ 112.601356510110065, 16.078229901190461 ], [ 112.609596256204995, 16.075031277532712 ], [ 112.610313419290989, 16.073978421087158 ] ] ] } },
{ "type": "Feature", "properties": { "fid": 139, "FNODE_": 1455, "TNODE_": 1456, "LPOLY_": 1, "RPOLY_": 1, "LENGTH": 0.084, "BOU2_4M_": 1440, "BOU2_4M_ID": 61074, "GBCODE": 26080 }, "geometry": { "type": "MultiLineString", "coordinates": [ [ [ 114.040908817465279, 15.979743954547663 ], [ 114.051727298912979, 15.990566250692723 ], [ 114.06408691805602, 15.998295781029041 ], [ 114.078010563078095, 16.004480358972543 ], [ 114.090377811615568, 16.010663983241663 ], [ 114.101196293062628, 16.01221084298345 ], [ 114.115119938084305, 16.012210842983801 ] ] ] } },
{ "type": "Feature", "properties": { "fid": 140, "FNODE_": 1457, "TNODE_": 1458, "LPOLY_": 1, "RPOLY_": 1, "LENGTH": 0.088, "BOU2_4M_": 1441, "BOU2_4M_ID": 61075, "GBCODE": 26080 }, "geometry": { "type": "MultiLineString", "coordinates": [ [ [ 114.132133487890187, 15.990566250694695 ], [ 114.129028324315385, 15.989020344627406 ], [ 114.122848514744021, 15.987472531211393 ], [ 114.108932499116804, 15.98592757881816 ], [ 114.09966278476, 15.987472531210834 ], [ 114.088836673918493, 15.987472531210559 ], [ 114.081108097257143, 15.987472531210345 ], [ 114.071830753505395, 15.982835766682811 ], [ 114.065643314539216, 15.976652142413844 ], [ 114.060997013268462, 15.968921658403346 ], [ 114.053283695396061, 15.967375752335959 ] ] ] } },
{ "type": "Feature", "properties": { "fid": 141, "FNODE_": 1459, "TNODE_": 1460, "LPOLY_": 1, "RPOLY_": 1, "LENGTH": 0.028, "BOU2_4M_": 1442, "BOU2_4M_ID": 61111, "GBCODE": 26080 }, "geometry": { "type": "MultiLineString", "coordinates": [ [ [ 114.841751102739764, 15.95346164407672 ], [ 114.84638977461519, 15.950368878268128 ], [ 114.847938541704721, 15.942639347932152 ], [ 114.846389774614153, 15.9349088639218 ], [ 114.843299869828087, 15.928724285978626 ] ] ] } },
{ "type": "Feature", "properties": { "fid": 142, "FNODE_": 1461, "TNODE_": 1462, "LPOLY_": 1, "RPOLY_": 1, "LENGTH": 0.029, "BOU2_4M_": 1443, "BOU2_4M_ID": 61110, "GBCODE": 26080 }, "geometry": { "type": "MultiLineString", "coordinates": [ [ [ 114.829376224806452, 15.927178379910979 ], [ 114.824752811720174, 15.931817051786823 ], [ 114.823196415235998, 15.93800067605558 ], [ 114.82475281172114, 15.945731160065943 ], [ 114.824752811721339, 15.948822972200352 ], [ 114.829376224808129, 15.951914784334866 ] ] ] } },
{ "type": "Feature", "properties": { "fid": 143, "FNODE_": 1463, "TNODE_": 1464, "LPOLY_": 1, "RPOLY_": 1, "LENGTH": 0.044, "BOU2_4M_": 1444, "BOU2_4M_ID": 61076, "GBCODE": 26080 }, "geometry": { "type": "MultiLineString", "coordinates": [ [ [ 113.952781681215541, 15.893165585387374 ], [ 113.958969120181635, 15.897804257263472 ], [ 113.966697696844008, 15.913264271610009 ], [ 113.969787601630273, 15.92254066168768 ], [ 113.975982669991012, 15.92872428595663 ] ] ] } },
{ "type": "Feature", "properties": { "fid": 144, "FNODE_": 1465, "TNODE_": 1466, "LPOLY_": 1, "RPOLY_": 1, "LENGTH": 0.052, "BOU2_4M_": 1445, "BOU2_4M_ID": 61077, "GBCODE": 26080 }, "geometry": { "type": "MultiLineString", "coordinates": [ [ [ 113.989891056222902, 15.917901989812252 ], [ 113.98525238434668, 15.910172459476064 ], [ 113.983703617255884, 15.899350163331295 ], [ 113.982147220770671, 15.890073773253702 ], [ 113.97752380768361, 15.883889195310415 ], [ 113.963607792056067, 15.877705571041247 ] ] ] } },
{ "type": "Feature", "properties": { "fid": 145, "FNODE_": 1467, "TNODE_": 1468, "LPOLY_": 1, "RPOLY_": 1, "LENGTH": 0.027, "BOU2_4M_": 1446, "BOU2_4M_ID": 61078, "GBCODE": 26080 }, "geometry": { "type": "MultiLineString", "coordinates": [ [ [ 113.903312687064542, 15.851423260548613 ], [ 113.903312687064926, 15.857606884817436 ], [ 113.911041263726787, 15.865337368827994 ], [ 113.920318607478549, 15.869975087029799 ] ] ] } },
{ "type": "Feature", "properties": { "fid": 146, "FNODE_": 1469, "TNODE_": 1470, "LPOLY_": 1, "RPOLY_": 1, "LENGTH": 0.076, "BOU2_4M_": 1447, "BOU2_4M_ID": 61105, "GBCODE": 26080 }, "geometry": { "type": "MultiLineString", "coordinates": [ [ [ 114.786087040228963, 15.914810177697989 ], [ 114.790733341498864, 15.910172459496483 ], [ 114.79846191815983, 15.905533787620767 ], [ 114.803100590034376, 15.888527867207397 ], [ 114.803100590033409, 15.874613758928241 ], [ 114.798461918156548, 15.857606884840296 ], [ 114.796920780460283, 15.846784588695577 ] ] ] } },
{ "type": "Feature", "properties": { "fid": 147, "FNODE_": 1471, "TNODE_": 1472, "LPOLY_": 1, "RPOLY_": 1, "LENGTH": 0.028, "BOU2_4M_": 1448, "BOU2_4M_ID": 61079, "GBCODE": 26080 }, "geometry": { "type": "MultiLineString", "coordinates": [ [ [ 113.935783390195155, 15.860698696952669 ], [ 113.929603580623493, 15.854515072683657 ], [ 113.921859745172782, 15.849876400807524 ], [ 113.912590030815565, 15.845238682605677 ] ] ] } },
{ "type": "Feature", "properties": { "fid": 148, "FNODE_": 1473, "TNODE_": 1474, "LPOLY_": 1, "RPOLY_": 1, "LENGTH": 0.071, "BOU2_4M_": 1449, "BOU2_4M_ID": 61104, "GBCODE": 26080 }, "geometry": { "type": "MultiLineString", "coordinates": [ [ [ 114.776817325867214, 15.842146870493396 ], [ 114.770637516297029, 15.857606884839557 ], [ 114.767547611512384, 15.871520993118573 ], [ 114.762908939637668, 15.885436055071919 ], [ 114.761360172548322, 15.896258351216586 ], [ 114.765998844424942, 15.910172459495822 ] ] ] } },
{ "type": "Feature", "properties": { "fid": 149, "FNODE_": 1475, "TNODE_": 1476, "LPOLY_": 1, "RPOLY_": 1, "LENGTH": 0.029, "BOU2_4M_": 1450, "BOU2_4M_ID": 61107, "GBCODE": 26080 }, "geometry": { "type": "MultiLineString", "coordinates": [ [ [ 114.730438236506316, 15.862245556714418 ], [ 114.733528141291401, 15.854515072704165 ], [ 114.736633304865336, 15.843692776559566 ], [ 114.738166813165705, 15.834416386482085 ] ] ] } },
{ "type": "Feature", "properties": { "fid": 150, "FNODE_": 1477, "TNODE_": 1478, "LPOLY_": 1, "RPOLY_": 1, "LENGTH": 0.043, "BOU2_4M_": 1451, "BOU2_4M_ID": 61106, "GBCODE": 26080 }, "geometry": { "type": "MultiLineString", "coordinates": [ [ [ 114.725799564628019, 15.823594090336988 ], [ 114.724258426932678, 15.826685902471397 ], [ 114.71807098796755, 15.835962292548725 ], [ 114.713432316092522, 15.845238682626141 ], [ 114.710342411307536, 15.854515072703562 ], [ 114.711883549003588, 15.862245556713955 ] ] ] } },
{ "type": "Feature", "properties": { "fid": 151, "FNODE_": 1479, "TNODE_": 1479, "LPOLY_": 1, "RPOLY_": 859, "LENGTH": 0.044, "BOU2_4M_": 1452, "BOU2_4M_ID": 26010, "GBCODE": 26010 }, "geometry": { "type": "MultiLineString", "coordinates": [ [ [ 111.192199710529877, 15.783880230688483 ], [ 111.195396426839466, 15.790679928565932 ], [ 111.200798038168827, 15.795370098855196 ], [ 111.207298282310461, 15.792460438515283 ], [ 111.206001285239523, 15.785610195899089 ], [ 111.20059967391019, 15.781379696630507 ], [ 111.194503787678698, 15.782899853491081 ], [ 111.192199710529877, 15.783880230688483 ] ] ] } },
{ "type": "Feature", "properties": { "fid": 152, "FNODE_": 1480, "TNODE_": 1481, "LPOLY_": 1, "RPOLY_": 1, "LENGTH": 0.021, "BOU2_4M_": 1453, "BOU2_4M_ID": 61080, "GBCODE": 26080 }, "geometry": { "type": "MultiLineString", "coordinates": [ [ [ 113.900222782273744, 15.772575375400802 ], [ 113.895576481003701, 15.775667187535115 ], [ 113.894042972702977, 15.780304905736665 ], [ 113.892486576218971, 15.789581295814196 ], [ 113.894042972703588, 15.789581295814196 ] ] ] } },
{ "type": "Feature", "properties": { "fid": 153, "FNODE_": 1482, "TNODE_": 1483, "LPOLY_": 1, "RPOLY_": 1, "LENGTH": 0.023, "BOU2_4M_": 1454, "BOU2_4M_ID": 61081, "GBCODE": 26080 }, "geometry": { "type": "MultiLineString", "coordinates": [ [ [ 113.904846195361813, 15.794219967690385 ], [ 113.907951358936202, 15.789581295814585 ], [ 113.909492496631145, 15.780304905737028 ], [ 113.909492496630634, 15.772575375401034 ] ] ] } },
{ "type": "Feature", "properties": { "fid": 154, "FNODE_": 1484, "TNODE_": 1485, "LPOLY_": 1, "RPOLY_": 1, "LENGTH": 0.039, "BOU2_4M_": 1455, "BOU2_4M_ID": 61102, "GBCODE": 26080 }, "geometry": { "type": "MultiLineString", "coordinates": [ [ [ 114.662406925449289, 15.687542912329988 ], [ 114.663963321934716, 15.699911114541944 ], [ 114.668586735021989, 15.709188458293889 ], [ 114.673233036292672, 15.716917988630032 ], [ 114.679420475258667, 15.720009800764574 ] ] ] } },
{ "type": "Feature", "properties": { "fid": 155, "FNODE_": 1486, "TNODE_": 1487, "LPOLY_": 1, "RPOLY_": 1, "LENGTH": 0.042, "BOU2_4M_": 1456, "BOU2_4M_ID": 61103, "GBCODE": 26080 }, "geometry": { "type": "MultiLineString", "coordinates": [ [ [ 114.694877628580414, 15.707641598553092 ], [ 114.69333649088432, 15.699911114542717 ], [ 114.690238956703766, 15.693726536599542 ], [ 114.687149051917842, 15.689088818397854 ], [ 114.680969242346308, 15.684451100196062 ], [ 114.676330570470299, 15.679813381994403 ], [ 114.670143131504361, 15.676720616185499 ] ] ] } },
{ "type": "Feature", "properties": { "fid": 156, "FNODE_": 1488, "TNODE_": 1489, "LPOLY_": 1, "RPOLY_": 1, "LENGTH": 0.039, "BOU2_4M_": 1457, "BOU2_4M_ID": 61082, "GBCODE": 26080 }, "geometry": { "type": "MultiLineString", "coordinates": [ [ [ 113.890953067910033, 15.668991085829004 ], [ 113.887847904335445, 15.670536991896071 ], [ 113.883209232460231, 15.678266522232008 ], [ 113.880119327675004, 15.684451100175007 ], [ 113.880119327675615, 15.69372653657828 ], [ 113.889396671427363, 15.698365208454433 ] ] ] } },
{ "type": "Feature", "properties": { "fid": 157, "FNODE_": 1490, "TNODE_": 1491, "LPOLY_": 1, "RPOLY_": 1, "LENGTH": 0.028, "BOU2_4M_": 1458, "BOU2_4M_ID": 61083, "GBCODE": 26080 }, "geometry": { "type": "MultiLineString", "coordinates": [ [ [ 113.897132877482832, 15.692181584185796 ], [ 113.898666385783741, 15.690634724444314 ], [ 113.901756290568869, 15.682905194108406 ], [ 113.901756290568258, 15.673628804030859 ], [ 113.900222782266738, 15.665898320020506 ] ] ] } },
{ "type": "Feature", "properties": { "fid": 158, "FNODE_": 1492, "TNODE_": 1493, "LPOLY_": 1, "RPOLY_": 1, "LENGTH": 0.046, "BOU2_4M_": 1459, "BOU2_4M_ID": 61100, "GBCODE": 26080 }, "geometry": { "type": "MultiLineString", "coordinates": [ [ [ 114.574287418596896, 15.636524197412799 ], [ 114.58202362465326, 15.644253727749005 ], [ 114.592842106100562, 15.650438305692379 ], [ 114.60211944985214, 15.653530117827058 ], [ 114.614486698389044, 15.651984211760151 ] ] ] } },
{ "type": "Feature", "properties": { "fid": 159, "FNODE_": 1494, "TNODE_": 1495, "LPOLY_": 1, "RPOLY_": 1, "LENGTH": 0.044, "BOU2_4M_": 1460, "BOU2_4M_ID": 61101, "GBCODE": 26080 }, "geometry": { "type": "MultiLineString", "coordinates": [ [ [ 114.61913299965839, 15.639616009548392 ], [ 114.617576603173802, 15.639616009548378 ], [ 114.611396793602182, 15.633432385279367 ], [ 114.600570682760193, 15.625701901268805 ], [ 114.583557132952691, 15.621063229392453 ], [ 114.580467228167066, 15.62106322939235 ] ] ] } },
{ "type": "Feature", "properties": { "fid": 160, "FNODE_": 1496, "TNODE_": 1497, "LPOLY_": 1, "RPOLY_": 1, "LENGTH": 0.04, "BOU2_4M_": 1461, "BOU2_4M_ID": 61086, "GBCODE": 26080 }, "geometry": { "type": "MultiLineString", "coordinates": [ [ [ 113.723968509776924, 15.642707821659268 ], [ 113.731697086438174, 15.641161915592235 ], [ 113.745613102064951, 15.634978291323774 ], [ 113.750251773940164, 15.627247807313594 ], [ 113.751800541029738, 15.619517323303295 ] ] ] } },
{ "type": "Feature", "properties": { "fid": 161, "FNODE_": 1498, "TNODE_": 1499, "LPOLY_": 1, "RPOLY_": 1, "LENGTH": 0.035, "BOU2_4M_": 1462, "BOU2_4M_ID": 61098, "GBCODE": 26080 }, "geometry": { "type": "MultiLineString", "coordinates": [ [ [ 114.39186096593221, 15.622610089128774 ], [ 114.39804077550356, 15.6241559951961 ], [ 114.404228214469214, 15.622610089129092 ], [ 114.41351318761491, 15.619517323320622 ], [ 114.422782901971459, 15.614879605119313 ], [ 114.424316410272368, 15.613333699052111 ] ] ] } },
{ "type": "Feature", "properties": { "fid": 162, "FNODE_": 1500, "TNODE_": 1501, "LPOLY_": 1, "RPOLY_": 1, "LENGTH": 0.033, "BOU2_4M_": 1463, "BOU2_4M_ID": 61099, "GBCODE": 26080 }, "geometry": { "type": "MultiLineString", "coordinates": [ [ [ 114.42278290197082, 15.605603215041771 ], [ 114.416603092399583, 15.605603215041565 ], [ 114.407318119253674, 15.605603215041276 ], [ 114.398040775502523, 15.608695027175509 ], [ 114.390312198841201, 15.608695027175303 ] ] ] } },
{ "type": "Feature", "properties": { "fid": 163, "FNODE_": 1502, "TNODE_": 1503, "LPOLY_": 1, "RPOLY_": 1, "LENGTH": 0.06, "BOU2_4M_": 1464, "BOU2_4M_ID": 61087, "GBCODE": 26080 }, "geometry": { "type": "MultiLineString", "coordinates": [ [ [ 113.737876896006838, 15.600964543147828 ], [ 113.73169708643556, 15.600964543147647 ], [ 113.72242737207884, 15.604057308956142 ], [ 113.710052494147632, 15.610240933224647 ], [ 113.700782779791126, 15.616426464841878 ], [ 113.694602970220146, 15.621063229369 ], [ 113.693046573736027, 15.628793713379277 ], [ 113.693046573736225, 15.631885525513724 ] ] ] } },
{ "type": "Feature", "properties": { "fid": 164, "FNODE_": 1504, "TNODE_": 1505, "LPOLY_": 1, "RPOLY_": 1, "LENGTH": 0.029, "BOU2_4M_": 1465, "BOU2_4M_ID": 61097, "GBCODE": 26080 }, "geometry": { "type": "MultiLineString", "coordinates": [ [ [ 114.26043701571318, 15.5623140304585 ], [ 114.261993412197782, 15.562314030458545 ], [ 114.269721988858677, 15.556130406189975 ], [ 114.27281189364399, 15.551491734314151 ], [ 114.27745056551926, 15.545308110045481 ], [ 114.277450565518947, 15.54066943816955 ] ] ] } },
{ "type": "Feature", "properties": { "fid": 165, "FNODE_": 1506, "TNODE_": 1507, "LPOLY_": 1, "RPOLY_": 1, "LENGTH": 0.029, "BOU2_4M_": 1466, "BOU2_4M_ID": 61096, "GBCODE": 26080 }, "geometry": { "type": "MultiLineString", "coordinates": [ [ [ 114.269721988857341, 15.53603171996777 ], [ 114.265083316981759, 15.53757762603489 ], [ 114.255813602625281, 15.543762203977684 ], [ 114.251167301355366, 15.548399922179147 ], [ 114.252723697840395, 15.55458545379666 ] ] ] } },
{ "type": "Feature", "properties": { "fid": 166, "FNODE_": 1508, "TNODE_": 1509, "LPOLY_": 1, "RPOLY_": 1, "LENGTH": 0.044, "BOU2_4M_": 1467, "BOU2_4M_ID": 61088, "GBCODE": 26080 }, "geometry": { "type": "MultiLineString", "coordinates": [ [ [ 113.76107788477654, 15.548399922166174 ], [ 113.76571655665218, 15.546854016099134 ], [ 113.77498627100897, 15.545308110032147 ], [ 113.782722477064439, 15.53912353208924 ], [ 113.788902286635107, 15.529847142011878 ], [ 113.791992191420249, 15.52211761167595 ] ] ] } },
{ "type": "Feature", "properties": { "fid": 167, "FNODE_": 1510, "TNODE_": 1511, "LPOLY_": 1, "RPOLY_": 1, "LENGTH": 0.045, "BOU2_4M_": 1468, "BOU2_4M_ID": 61089, "GBCODE": 26080 }, "geometry": { "type": "MultiLineString", "coordinates": [ [ [ 113.778083805186697, 15.508204457070741 ], [ 113.773452762705617, 15.509749409463531 ], [ 113.764167789560048, 15.515933033732093 ], [ 113.756439212899096, 15.522117611674981 ], [ 113.750251773933897, 15.53139400175235 ], [ 113.750251773934423, 15.539123532088423 ] ] ] } },
{ "type": "Feature", "properties": { "fid": 168, "FNODE_": 1512, "TNODE_": 1513, "LPOLY_": 1, "RPOLY_": 1, "LENGTH": 0.037, "BOU2_4M_": 1469, "BOU2_4M_ID": 61090, "GBCODE": 26080 }, "geometry": { "type": "MultiLineString", "coordinates": [ [ [ 113.843017582052212, 15.508204457072452 ], [ 113.850753788108094, 15.508204457072663 ], [ 113.860023502464585, 15.502018925455424 ], [ 113.866203312035353, 15.494288441445258 ], [ 113.869300846215012, 15.486558911109311 ] ] ] } },
{ "type": "Feature", "properties": { "fid": 169, "FNODE_": 1514, "TNODE_": 1515, "LPOLY_": 1, "RPOLY_": 1, "LENGTH": 0.05, "BOU2_4M_": 1470, "BOU2_4M_ID": 61091, "GBCODE": 26080 }, "geometry": { "type": "MultiLineString", "coordinates": [ [ [ 113.866203312033733, 15.469552037021435 ], [ 113.866203312033633, 15.468006130954192 ], [ 113.850753788105649, 15.471097943088212 ], [ 113.841468814960194, 15.478828427098261 ], [ 113.838378910174868, 15.483466145299834 ], [ 113.836830143085507, 15.494288441444517 ], [ 113.839920047871331, 15.497381207253305 ] ] ] } },
{ "type": "Feature", "properties": { "fid": 170, "FNODE_": 1516, "TNODE_": 1517, "LPOLY_": 1, "RPOLY_": 1, "LENGTH": 0.033, "BOU2_4M_": 1471, "BOU2_4M_ID": 61094, "GBCODE": 26080 }, "geometry": { "type": "MultiLineString", "coordinates": [ [ [ 114.163047794499931, 15.455637928750289 ], [ 114.172317508856707, 15.454092022683353 ], [ 114.181587223213256, 15.449453350807659 ], [ 114.187782291573043, 15.441723820471836 ], [ 114.189323429268384, 15.43863105466316 ] ] ] } },
{ "type": "Feature", "properties": { "fid": 171, "FNODE_": 1518, "TNODE_": 1519, "LPOLY_": 1, "RPOLY_": 1, "LENGTH": 0.067, "BOU2_4M_": 1472, "BOU2_4M_ID": 61092, "GBCODE": 26080 }, "geometry": { "type": "MultiLineString", "coordinates": [ [ [ 113.971336368689364, 15.452546116610671 ], [ 113.972892765173967, 15.452546116610717 ], [ 113.985252384316482, 15.452546116611094 ], [ 114.002258304728926, 15.447907444735584 ], [ 114.026992801802706, 15.44326972653467 ], [ 114.033180240768061, 15.437085148591752 ], [ 114.034721378463644, 15.437085148591752 ] ] ] } },
{ "type": "Feature", "properties": { "fid": 172, "FNODE_": 1520, "TNODE_": 1521, "LPOLY_": 1, "RPOLY_": 1, "LENGTH": 0.032, "BOU2_4M_": 1473, "BOU2_4M_ID": 61095, "GBCODE": 26080 }, "geometry": { "type": "MultiLineString", "coordinates": [ [ [ 114.186233524482148, 15.429355618259892 ], [ 114.180053714911011, 15.430901524326931 ], [ 114.170776371160017, 15.437085148595465 ], [ 114.163047794499207, 15.444815632605494 ], [ 114.161499027409349, 15.447907444739926 ] ] ] } },
{ "type": "Feature", "properties": { "fid": 173, "FNODE_": 1522, "TNODE_": 1523, "LPOLY_": 1, "RPOLY_": 1, "LENGTH": 0.066, "BOU2_4M_": 1474, "BOU2_4M_ID": 61093, "GBCODE": 26080 }, "geometry": { "type": "MultiLineString", "coordinates": [ [ [ 114.030082706586882, 15.421625134245302 ], [ 114.01307678617404, 15.420079228177677 ], [ 113.999160770547022, 15.421625134244424 ], [ 113.979057315954307, 15.424716946378323 ], [ 113.968246463902489, 15.433993336455531 ] ] ] } },
{ "type": "Feature", "properties": { "fid": 174, "FNODE_": 1525, "TNODE_": 1526, "LPOLY_": 1, "RPOLY_": 1, "LENGTH": 1.195, "BOU2_4M_": 1476, "BOU2_4M_ID": 1001, "GBCODE": 61010 }, "geometry": { "type": "MultiLineString", "coordinates": [ [ [ 109.301513675036347, 16.199544903597552 ], [ 109.328346255606036, 16.157794949364927 ], [ 109.36389160473199, 16.113210675063492 ], [ 109.399871829346154, 16.066280361943171 ], [ 109.428016665775644, 16.028736111447014 ], [ 109.446739199957875, 16.005300518790673 ], [ 109.480522158946883, 15.965022084028888 ], [ 109.521987918230025, 15.91834258725406 ], [ 109.54692077956112, 15.880122181667375 ], [ 109.581336978296108, 15.836319920305735 ], [ 109.601669314724035, 15.800339695688802 ], [ 109.626701358184064, 15.762795445192637 ], [ 109.647033694612063, 15.728379246455006 ], [ 109.668937686313527, 15.689270970079576 ], [ 109.687713626256681, 15.651725765909132 ], [ 109.706481936805275, 15.614182469087272 ], [ 109.726257327431981, 15.572297093101954 ], [ 109.753410342570689, 15.509369846994998 ], [ 109.776878360150135, 15.446795460385221 ], [ 109.790946963666201, 15.402993199023475 ], [ 109.800346377728488, 15.363883968973687 ], [ 109.815986636518346, 15.321646687165549 ], [ 109.83162689530748, 15.265330311421287 ], [ 109.841018679975065, 15.223092075938807 ], [ 109.847267154095391, 15.18554782544264 ], [ 109.85196686112657, 15.166775700194544 ], [ 109.855087283490022, 15.158953663449743 ] ] ] } },
{ "type": "Feature", "properties": { "fid": 175, "FNODE_": 1536, "TNODE_": 1537, "LPOLY_": 1, "RPOLY_": 1, "LENGTH": 1.022, "BOU2_4M_": 1482, "BOU2_4M_ID": 1001, "GBCODE": 61010 }, "geometry": { "type": "MultiLineString", "coordinates": [ [ [ 119.059051518211277, 15.008851048340402 ], [ 119.056793217431306, 15.026905056827204 ], [ 119.059051518215469, 15.058500286935104 ], [ 119.054420475737317, 15.090527531508123 ], [ 119.056457524080841, 15.132027623067851 ], [ 119.053810124182007, 15.176397320645966 ], [ 119.053787236001398, 15.211478230380848 ], [ 119.058380131515236, 15.277821537887299 ], [ 119.058921818531758, 15.334110257073998 ], [ 119.058616642755624, 15.395032879764976 ], [ 119.052581791685881, 15.455167767470266 ], [ 119.058860783390585, 15.513143536523343 ], [ 119.059982304390331, 15.555558201752781 ], [ 119.058517460644609, 15.608195301981466 ], [ 119.055610661333873, 15.679305073722075 ], [ 119.055076603720948, 15.730981823914055 ], [ 119.052543644740425, 15.779936787606498 ], [ 119.061752323948483, 15.875641819972062 ], [ 119.063270573465175, 15.933707234410955 ], [ 119.061309819078332, 16.02891349510865 ] ] ] } },
{ "type": "Feature", "properties": { "fid": 176, "FNODE_": 1538, "TNODE_": 1539, "LPOLY_": 1, "RPOLY_": 1, "LENGTH": 0.041, "BOU2_4M_": 1483, "BOU2_4M_ID": 165, "GBCODE": 26100 }, "geometry": { "type": "MultiLineString", "coordinates": [ [ [ 114.375473026179662, 11.460338588759548 ], [ 114.380592349910685, 11.458482738539812 ], [ 114.386177066708257, 11.458003994033154 ], [ 114.38922119512678, 11.459830280349495 ], [ 114.390876773740601, 11.46418952565058 ], [ 114.387863162900615, 11.467417713211939 ], [ 114.382736209775103, 11.469733234452297 ], [ 114.376441959285799, 11.467458721206999 ], [ 114.374549869441424, 11.462410923049395 ] ] ] } },
{ "type": "Feature", "properties": { "fid": 177, "FNODE_": 1540, "TNODE_": 1540, "LPOLY_": 1, "RPOLY_": 862, "LENGTH": 0.014, "BOU2_4M_": 1484, "BOU2_4M_ID": 26010, "GBCODE": 26010 }, "geometry": { "type": "MultiLineString", "coordinates": [ [ [ 114.348167423148041, 11.452295299572485 ], [ 114.349113468070257, 11.455031391186699 ], [ 114.351486209769803, 11.45530128101843 ], [ 114.353027347465229, 11.453824993176477 ], [ 114.351310733695286, 11.45166301350074 ], [ 114.349586490530982, 11.451328273815552 ], [ 114.348167423148041, 11.452295299572485 ] ] ] } },
{ "type": "Feature", "properties": { "fid": 178, "FNODE_": 1541, "TNODE_": 1542, "LPOLY_": 1, "RPOLY_": 1, "LENGTH": 0.058, "BOU2_4M_": 1485, "BOU2_4M_ID": 164, "GBCODE": 26100 }, "geometry": { "type": "MultiLineString", "coordinates": [ [ [ 114.340919498341989, 11.446905132335008 ], [ 114.346977237600683, 11.447572704356839 ], [ 114.355148319144874, 11.449383731884367 ], [ 114.359359744926962, 11.453274723096099 ], [ 114.363571170709051, 11.456706043287275 ], [ 114.362876895806878, 11.46015357594159 ], [ 114.357772830864832, 11.460861202284239 ], [ 114.350532535453553, 11.459049221082406 ], [ 114.346099857230286, 11.458604808850698 ], [ 114.340950015920583, 11.453108783764154 ], [ 114.340927127736634, 11.448513027232707 ] ] ] } },
{ "type": "Feature", "properties": { "fid": 179, "FNODE_": 1543, "TNODE_": 1543, "LPOLY_": 863, "RPOLY_": 1, "LENGTH": 0.016, "BOU2_4M_": 1486, "BOU2_4M_ID": 26010, "GBCODE": 26010 }, "geometry": { "type": "MultiLineString", "coordinates": [ [ [ 114.328903201952599, 11.432696338692043 ], [ 114.326446536913124, 11.431767459907663 ], [ 114.325370792283891, 11.429376598395994 ], [ 114.326347354783891, 11.427289958991411 ], [ 114.328216556444289, 11.427444454230812 ], [ 114.330459598436946, 11.429722782173156 ], [ 114.328903201952599, 11.432696338692043 ] ] ] } },
{ "type": "Feature", "properties": { "fid": 180, "FNODE_": 1544, "TNODE_": 1545, "LPOLY_": 1, "RPOLY_": 1, "LENGTH": 0.045, "BOU2_4M_": 1487, "BOU2_4M_ID": 163, "GBCODE": 26100 }, "geometry": { "type": "MultiLineString", "coordinates": [ [ [ 114.327957157031122, 11.439505573312246 ], [ 114.323280338182556, 11.436091419258725 ], [ 114.321746829881391, 11.433646198311031 ], [ 114.320800784958976, 11.42813396076132 ], [ 114.324279788865383, 11.423757549322804 ], [ 114.328697208299559, 11.423972126044218 ], [ 114.331977847948593, 11.426028247870885 ], [ 114.333618167773281, 11.429239269294799 ], [ 114.333396915332131, 11.433146472969716 ], [ 114.333190921680043, 11.437051769295989 ], [ 114.3308715857425, 11.440505977670441 ], [ 114.330169681445469, 11.439590450326492 ] ] ] } },
{ "type": "Feature", "properties": { "fid": 181, "FNODE_": 1546, "TNODE_": 1547, "LPOLY_": 1, "RPOLY_": 1, "LENGTH": 0.044, "BOU2_4M_": 1488, "BOU2_4M_ID": 162, "GBCODE": 26100 }, "geometry": { "type": "MultiLineString", "coordinates": [ [ [ 114.298233035929073, 11.382490154295722 ], [ 114.298248294718334, 11.385246273070528 ], [ 114.29827118290234, 11.390530582458576 ], [ 114.298049930461161, 11.393747325928304 ], [ 114.295272830851687, 11.397663112671918 ], [ 114.290840152628434, 11.397447582276172 ], [ 114.287803653604399, 11.394929882080268 ], [ 114.286621097451629, 11.391488071471857 ], [ 114.286376956826402, 11.388961788207274 ], [ 114.286361698036927, 11.383447643308935 ], [ 114.286811832314172, 11.381148334531769 ], [ 114.290756229287098, 11.377689357785837 ], [ 114.290756229287112, 11.377919193296137 ] ] ] } },
{ "type": "Feature", "properties": { "fid": 182, "FNODE_": 1548, "TNODE_": 1549, "LPOLY_": 1, "RPOLY_": 1, "LENGTH": 1.043, "BOU2_4M_": 1489, "BOU2_4M_ID": 1001, "GBCODE": 61010 }, "geometry": { "type": "MultiLineString", "coordinates": [ [ [ 110.323249820036196, 12.240500446331922 ], [ 110.321662905970641, 12.192419048312852 ], [ 110.32379913643743, 12.152675624843868 ], [ 110.324943545615184, 12.115866657246904 ], [ 110.322692874225183, 12.066217418651535 ], [ 110.322692874221886, 12.009798046082848 ], [ 110.315917971874313, 11.964662548027681 ], [ 110.313659671090292, 11.924040790513068 ], [ 110.306892398136867, 11.872135158484575 ], [ 110.300132754578087, 11.82248591988909 ], [ 110.286582949884391, 11.757039066239448 ], [ 110.27304077458524, 11.691592212589812 ], [ 110.257240298505238, 11.639686580561133 ], [ 110.245956423989043, 11.596808429613334 ], [ 110.227912905916995, 11.553929324990987 ], [ 110.21436310122489, 11.515563960909137 ], [ 110.200820925928383, 11.495252605314347 ], [ 110.185028079243708, 11.456888194906714 ], [ 110.171493533341334, 11.429806705338585 ], [ 110.155693057262781, 11.402725215770349 ], [ 110.137626651008063, 11.375643726202046 ], [ 110.121833804323785, 11.344049449767855 ], [ 110.099273684688839, 11.307939525444473 ], [ 110.085731509392076, 11.283116336657981 ], [ 110.074447634877473, 11.267318721603594 ], [ 110.065406802355454, 11.251521106549314 ] ] ] } },
{ "type": "Feature", "properties": { "fid": 183, "FNODE_": 1550, "TNODE_": 1551, "LPOLY_": 1, "RPOLY_": 1, "LENGTH": 0.066, "BOU2_4M_": 1490, "BOU2_4M_ID": 150, "GBCODE": 26100 }, "geometry": { "type": "MultiLineString", "coordinates": [ [ [ 114.793601993494832, 11.136690135972623 ], [ 114.797096256190628, 11.136902805345448 ], [ 114.802452091152219, 11.136648174303156 ], [ 114.808502201016239, 11.13615893937909 ], [ 114.813392642911325, 11.135215755480283 ], [ 114.814109805997646, 11.138888355273323 ], [ 114.813667301115103, 11.143027301807145 ], [ 114.804847721036296, 11.148814197559496 ], [ 114.792503360682971, 11.146806713122553 ], [ 114.785469058923681, 11.139257427232385 ], [ 114.789413455896565, 11.13579177476625 ] ] ] } },
{ "type": "Feature", "properties": { "fid": 184, "FNODE_": 1552, "TNODE_": 1553, "LPOLY_": 1, "RPOLY_": 1, "LENGTH": 0.092, "BOU2_4M_": 1491, "BOU2_4M_ID": 61135, "GBCODE": 26080 }, "geometry": { "type": "MultiLineString", "coordinates": [ [ [ 116.871772770104869, 11.14025687802838 ], [ 116.881080631433846, 11.138927456031658 ], [ 116.899696354091617, 11.133608814369378 ], [ 116.912986759365651, 11.124300953040771 ], [ 116.92228699129906, 11.111003872045808 ], [ 116.923629764735324, 11.095047947055955 ], [ 116.918312076745337, 11.081750866060217 ] ] ] } },
{ "type": "Feature", "properties": { "fid": 185, "FNODE_": 1554, "TNODE_": 1555, "LPOLY_": 1, "RPOLY_": 1, "LENGTH": 0.06, "BOU2_4M_": 1492, "BOU2_4M_ID": 61136, "GBCODE": 26080 }, "geometry": { "type": "MultiLineString", "coordinates": [ [ [ 116.901016239341089, 11.080421444061896 ], [ 116.889053348714924, 11.081750866058496 ], [ 116.869110111409086, 11.092388149384037 ], [ 116.857147220783745, 11.103026386384322 ], [ 116.855812076741302, 11.111003872042016 ], [ 116.855812076741429, 11.112333294039274 ] ] ] } },
{ "type": "Feature", "properties": { "fid": 186, "FNODE_": 1556, "TNODE_": 1556, "LPOLY_": 864, "RPOLY_": 1, "LENGTH": 0.025, "BOU2_4M_": 1493, "BOU2_4M_ID": 26010, "GBCODE": 26010 }, "geometry": { "type": "MultiLineString", "coordinates": [ [ [ 115.024398807483905, 11.072369571705044 ], [ 115.026397708851519, 11.074359890003773 ], [ 115.027496341664545, 11.079549785634475 ], [ 115.023696903187584, 11.08022021867877 ], [ 115.019599918323735, 11.079429622670167 ], [ 115.021797183948578, 11.074419971485488 ], [ 115.024398807483905, 11.072369571705044 ] ] ] } },
{ "type": "Feature", "properties": { "fid": 187, "FNODE_": 1557, "TNODE_": 1558, "LPOLY_": 1, "RPOLY_": 1, "LENGTH": 0.048, "BOU2_4M_": 1494, "BOU2_4M_ID": 151, "GBCODE": 26100 }, "geometry": { "type": "MultiLineString", "coordinates": [ [ [ 114.368583682886765, 11.060336109145585 ], [ 114.372322086207802, 11.063540454849353 ], [ 114.375602725857007, 11.06789397810453 ], [ 114.375610355251794, 11.071111675248606 ], [ 114.375160220974607, 11.073870655046335 ], [ 114.373542789334039, 11.077552791582454 ], [ 114.369361881130473, 11.079176898943357 ], [ 114.363761905543612, 11.076437946305919 ], [ 114.363029483667901, 11.068628307327657 ], [ 114.363723758570131, 11.065868373855594 ], [ 114.364402774683299, 11.06310844038353 ], [ 114.366493228784961, 11.060803409560556 ], [ 114.366722110620927, 11.06080245588625 ] ] ] } },
{ "type": "Feature", "properties": { "fid": 188, "FNODE_": 1559, "TNODE_": 1560, "LPOLY_": 1, "RPOLY_": 1, "LENGTH": 0.009, "BOU2_4M_": 1495, "BOU2_4M_ID": 155, "GBCODE": 26100 }, "geometry": { "type": "MultiLineString", "coordinates": [ [ [ 114.263122562267142, 11.058394428231818 ], [ 114.2626800573846, 11.062992092111891 ], [ 114.259658817149983, 11.065069194773189 ], [ 114.259429935314017, 11.065070148447482 ] ] ] } },
{ "type": "Feature", "properties": { "fid": 189, "FNODE_": 1561, "TNODE_": 1562, "LPOLY_": 1, "RPOLY_": 1, "LENGTH": 0.053, "BOU2_4M_": 1496, "BOU2_4M_ID": 149, "GBCODE": 26100 }, "geometry": { "type": "MultiLineString", "coordinates": [ [ [ 115.030059818227741, 11.084227558157213 ], [ 115.023323062855852, 11.084723468801499 ], [ 115.019363407093664, 11.085435863515738 ], [ 115.013763431506916, 11.083627697011318 ], [ 115.010246280627285, 11.079970356007168 ], [ 115.00972748179845, 11.071930881518682 ], [ 115.011329654649884, 11.068015094774996 ], [ 115.013160709337228, 11.06295013047994 ], [ 115.015472415880254, 11.05994987108021 ], [ 115.024299625353862, 11.057833667772247 ], [ 115.024543765978876, 11.057832714097925 ] ] ] } },
{ "type": "Feature", "properties": { "fid": 190, "FNODE_": 1563, "TNODE_": 1564, "LPOLY_": 1, "RPOLY_": 1, "LENGTH": 0.027, "BOU2_4M_": 1497, "BOU2_4M_ID": 148, "GBCODE": 26100 }, "geometry": { "type": "MultiLineString", "coordinates": [ [ [ 115.030822757678905, 11.057798381822822 ], [ 115.035743717152513, 11.062596317309689 ], [ 115.037643436391534, 11.068560596485401 ], [ 115.038833621938906, 11.072919841786433 ], [ 115.039321903189276, 11.077053066274303 ], [ 115.037261966665938, 11.081660266897483 ], [ 115.037246707876861, 11.081430431387185 ] ] ] } },
{ "type": "Feature", "properties": { "fid": 191, "FNODE_": 1565, "TNODE_": 1566, "LPOLY_": 1, "RPOLY_": 1, "LENGTH": 0.01, "BOU2_4M_": 1498, "BOU2_4M_ID": 156, "GBCODE": 26100 }, "geometry": { "type": "MultiLineString", "coordinates": [ [ [ 114.25360107789129, 11.064169879892368 ], [ 114.254516605234855, 11.060030933358581 ], [ 114.256370548105949, 11.056578632332766 ], [ 114.258216861582696, 11.055883403756122 ], [ 114.258461002207738, 11.055882450081777 ] ] ] } },
{ "type": "Feature", "properties": { "fid": 192, "FNODE_": 1567, "TNODE_": 1568, "LPOLY_": 1, "RPOLY_": 1, "LENGTH": 0.009, "BOU2_4M_": 1499, "BOU2_4M_ID": 157, "GBCODE": 26100 }, "geometry": { "type": "MultiLineString", "coordinates": [ [ [ 114.234703067633859, 11.050672527289299 ], [ 114.233306888434569, 11.052055355048235 ], [ 114.230049136969299, 11.052524562811875 ], [ 114.226791385504001, 11.052305217718855 ], [ 114.226089481207012, 11.0518474540469 ] ] ] } },
{ "type": "Feature", "properties": { "fid": 193, "FNODE_": 1569, "TNODE_": 1570, "LPOLY_": 1, "RPOLY_": 1, "LENGTH": 0.006, "BOU2_4M_": 1500, "BOU2_4M_ID": 158, "GBCODE": 26100 }, "geometry": { "type": "MultiLineString", "coordinates": [ [ [ 114.221191409917154, 11.050024982427709 ], [ 114.215843204349952, 11.049121852849661 ], [ 114.216072086185946, 11.049352642034291 ] ] ] } },
{ "type": "Feature", "properties": { "fid": 194, "FNODE_": 1571, "TNODE_": 1572, "LPOLY_": 1, "RPOLY_": 1, "LENGTH": 0.009, "BOU2_4M_": 1501, "BOU2_4M_ID": 160, "GBCODE": 26100 }, "geometry": { "type": "MultiLineString", "coordinates": [ [ [ 114.224426273198461, 11.045418735478973 ], [ 114.227920535894256, 11.045178409551372 ], [ 114.232116702887211, 11.048152919744894 ], [ 114.232360843512254, 11.048151966070545 ] ] ] } },
{ "type": "Feature", "properties": { "fid": 195, "FNODE_": 1573, "TNODE_": 1574, "LPOLY_": 1, "RPOLY_": 1, "LENGTH": 0.01, "BOU2_4M_": 1502, "BOU2_4M_ID": 159, "GBCODE": 26100 }, "geometry": { "type": "MultiLineString", "coordinates": [ [ [ 114.211631778567821, 11.044768329594444 ], [ 114.214881900638531, 11.044299121830861 ], [ 114.21930694946731, 11.045205112431788 ], [ 114.221183780522281, 11.045659061406578 ], [ 114.221412662358276, 11.046117778752821 ] ] ] } },
{ "type": "Feature", "properties": { "fid": 196, "FNODE_": 1575, "TNODE_": 1575, "LPOLY_": 1, "RPOLY_": 865, "LENGTH": 0.015, "BOU2_4M_": 1503, "BOU2_4M_ID": 26010, "GBCODE": 26010 }, "geometry": { "type": "MultiLineString", "coordinates": [ [ [ 114.284332279065822, 11.045132633186942 ], [ 114.286247257093237, 11.042617794014332 ], [ 114.285552982190708, 11.041420932746982 ], [ 114.283386234143478, 11.040555950141799 ], [ 114.281341556408847, 11.040654178596311 ], [ 114.281806949475538, 11.043524738289124 ], [ 114.284332279065822, 11.045132633186942 ] ] ] } },
{ "type": "Feature", "properties": { "fid": 197, "FNODE_": 1576, "TNODE_": 1577, "LPOLY_": 1, "RPOLY_": 1, "LENGTH": 0.059, "BOU2_4M_": 1504, "BOU2_4M_ID": 152, "GBCODE": 26100 }, "geometry": { "type": "MultiLineString", "coordinates": [ [ [ 114.333053592548694, 11.042830463389267 ], [ 114.33188629518537, 11.044223781565673 ], [ 114.328483585223978, 11.044161792734918 ], [ 114.325920108661265, 11.046008106211634 ], [ 114.324996951923112, 11.04922771070421 ], [ 114.32687378297824, 11.051749225597275 ], [ 114.323402408466293, 11.054748531322646 ], [ 114.315948490008182, 11.053625102977376 ], [ 114.313133243425526, 11.050187107066055 ], [ 114.312316898210398, 11.047801013926039 ], [ 114.311706546647514, 11.043987270334101 ], [ 114.3182296789725, 11.042587276437766 ], [ 114.321006778582159, 11.041658397653615 ], [ 114.323570255144887, 11.040040966012851 ], [ 114.327056888446151, 11.040028568246914 ], [ 114.328689578876038, 11.040023799875421 ], [ 114.330116275653609, 11.040766712168054 ], [ 114.331489566669418, 11.040702815988951 ] ] ] } },
{ "type": "Feature", "properties": { "fid": 198, "FNODE_": 1578, "TNODE_": 1579, "LPOLY_": 1, "RPOLY_": 1, "LENGTH": 0.017, "BOU2_4M_": 1505, "BOU2_4M_ID": 154, "GBCODE": 26100 }, "geometry": { "type": "MultiLineString", "coordinates": [ [ [ 114.288887027601149, 11.039237972236592 ], [ 114.292846683363564, 11.041522975899285 ], [ 114.29379272828578, 11.044277187325473 ], [ 114.291938785414629, 11.046581264474169 ], [ 114.289382938246376, 11.047739025094307 ], [ 114.285896304945197, 11.04843997571683 ] ] ] } },
{ "type": "Feature", "properties": { "fid": 199, "FNODE_": 1580, "TNODE_": 1581, "LPOLY_": 1, "RPOLY_": 1, "LENGTH": 0.012, "BOU2_4M_": 1506, "BOU2_4M_ID": 153, "GBCODE": 26100 }, "geometry": { "type": "MultiLineString", "coordinates": [ [ [ 114.278900150158819, 11.044555660225159 ], [ 114.277488712170097, 11.041113849616696 ], [ 114.277931217052554, 11.03582667920573 ], [ 114.280487064220836, 11.035359378790764 ] ] ] } },
{ "type": "Feature", "properties": { "fid": 200, "FNODE_": 1582, "TNODE_": 1583, "LPOLY_": 1, "RPOLY_": 1, "LENGTH": 0.037, "BOU2_4M_": 1507, "BOU2_4M_ID": 161, "GBCODE": 26100 }, "geometry": { "type": "MultiLineString", "coordinates": [ [ [ 114.186988834227975, 11.036776538820515 ], [ 114.183891300047662, 11.034052844972337 ], [ 114.182952884519963, 11.031068798035797 ], [ 114.18361664184394, 11.026470180481423 ], [ 114.185478214109565, 11.023247714965891 ], [ 114.189666751707875, 11.024383541077114 ], [ 114.192703250731938, 11.027362819642169 ], [ 114.193176273193174, 11.030348773927326 ], [ 114.19342804321299, 11.033794399233038 ], [ 114.19249725708022, 11.036095615358805 ], [ 114.189727786865177, 11.038230892153411 ], [ 114.189033511962762, 11.038633342714947 ] ] ] } },
{ "type": "Feature", "properties": { "fid": 201, "FNODE_": 1584, "TNODE_": 1585, "LPOLY_": 1, "RPOLY_": 1, "LENGTH": 0.007, "BOU2_4M_": 1508, "BOU2_4M_ID": 111, "GBCODE": 26100 }, "geometry": { "type": "MultiLineString", "coordinates": [ [ [ 114.113151553935211, 10.911776538798289 ], [ 114.115707401103379, 10.909700389811286 ], [ 114.117790225810523, 10.907626148172886 ], [ 114.11847687131835, 10.906704898783156 ] ] ] } },
{ "type": "Feature", "properties": { "fid": 202, "FNODE_": 1586, "TNODE_": 1587, "LPOLY_": 1, "RPOLY_": 1, "LENGTH": 1.165, "BOU2_4M_": 1509, "BOU2_4M_ID": 1001, "GBCODE": 61010 }, "geometry": { "type": "MultiLineString", "coordinates": [ [ [ 118.538597111062131, 10.906544681748299 ], [ 118.565681461654762, 10.953937526909717 ], [ 118.588249210683429, 10.990045543883403 ], [ 118.608566288325605, 11.030667301397141 ], [ 118.628883365966942, 11.062262531504894 ], [ 118.644668583257001, 11.100627895585442 ], [ 118.664993290293495, 11.138993259666236 ], [ 118.687553409928455, 11.184128757720268 ], [ 118.712371830345717, 11.238290783180341 ], [ 118.730430607206458, 11.278912540693907 ], [ 118.748481754672213, 11.315022465016053 ], [ 118.773307804483764, 11.366927143368983 ], [ 118.793617252732005, 11.414319988530107 ], [ 118.809417728811539, 11.457198139476525 ], [ 118.829727177060818, 11.515874859150895 ], [ 118.845527653139683, 11.551982876124354 ], [ 118.863578800606717, 11.601632114718319 ], [ 118.881629948073524, 11.649024959879457 ], [ 118.897430424153399, 11.696416851366111 ], [ 118.913230900233515, 11.746066089960028 ], [ 118.922256473966812, 11.768633838986979 ], [ 118.929023746919512, 11.800228115419799 ], [ 118.947082523781475, 11.854391094554034 ], [ 118.956108097516378, 11.895012852067289 ], [ 118.967391972032999, 11.937891956687965 ], [ 118.978141788932248, 11.979657169706853 ] ] ] } },
{ "type": "Feature", "properties": { "fid": 203, "FNODE_": 1588, "TNODE_": 1589, "LPOLY_": 1, "RPOLY_": 1, "LENGTH": 0.008, "BOU2_4M_": 1510, "BOU2_4M_ID": 112, "GBCODE": 26100 }, "geometry": { "type": "MultiLineString", "coordinates": [ [ [ 114.117538455790552, 10.902341838784862 ], [ 114.116828922098847, 10.899585720010043 ], [ 114.116363529032142, 10.896369930214629 ], [ 114.115882877176475, 10.894533153480911 ] ] ] } },
{ "type": "Feature", "properties": { "fid": 204, "FNODE_": 1590, "TNODE_": 1591, "LPOLY_": 1, "RPOLY_": 1, "LENGTH": 0.01, "BOU2_4M_": 1511, "BOU2_4M_ID": 113, "GBCODE": 26100 }, "geometry": { "type": "MultiLineString", "coordinates": [ [ [ 114.115859988992398, 10.888328548377448 ], [ 114.112831119363065, 10.887877460425589 ], [ 114.109573367897738, 10.887427326147948 ], [ 114.105850223365934, 10.886747356360162 ] ] ] } },
{ "type": "Feature", "properties": { "fid": 205, "FNODE_": 1592, "TNODE_": 1593, "LPOLY_": 1, "RPOLY_": 1, "LENGTH": 0.037, "BOU2_4M_": 1512, "BOU2_4M_ID": 114, "GBCODE": 26100 }, "geometry": { "type": "MultiLineString", "coordinates": [ [ [ 114.099098209204868, 10.886535640661471 ], [ 114.094917301001303, 10.888385768835374 ], [ 114.09261322385278, 10.891379352514912 ], [ 114.09494781858001, 10.895739551490326 ], [ 114.09542847043582, 10.899644847816564 ], [ 114.09845734006538, 10.902853961891923 ], [ 114.101043704812085, 10.90629386515182 ], [ 114.102676395242284, 10.910196300455235 ], [ 114.10430908567227, 10.911340709635157 ], [ 114.105941776102199, 10.911795612284285 ], [ 114.108512882059657, 10.91270827860529 ] ] ] } },
{ "type": "Feature", "properties": { "fid": 206, "FNODE_": 1594, "TNODE_": 1595, "LPOLY_": 1, "RPOLY_": 1, "LENGTH": 0.012, "BOU2_4M_": 1513, "BOU2_4M_ID": 110, "GBCODE": 26100 }, "geometry": { "type": "MultiLineString", "coordinates": [ [ [ 114.122596744364174, 10.885092731421746 ], [ 114.12354278928639, 10.888077732032588 ], [ 114.124008182352966, 10.889683719581649 ], [ 114.123558048075893, 10.894053455300076 ], [ 114.123573306865154, 10.896809574074897 ], [ 114.123336795634685, 10.897039409585183 ] ] ] } },
{ "type": "Feature", "properties": { "fid": 207, "FNODE_": 1596, "TNODE_": 1597, "LPOLY_": 1, "RPOLY_": 1, "LENGTH": 0.069, "BOU2_4M_": 1514, "BOU2_4M_ID": 131, "GBCODE": 26100 }, "geometry": { "type": "MultiLineString", "coordinates": [ [ [ 114.941299442224349, 10.884782787310748 ], [ 114.943420413904647, 10.888907428729926 ], [ 114.943450931483198, 10.894422527302501 ], [ 114.944396976405358, 10.896486278523541 ], [ 114.946067813808426, 10.903141971578782 ], [ 114.943550113613369, 10.910509105673952 ], [ 114.935867313319392, 10.909859653463968 ], [ 114.932342533045031, 10.903673168172361 ], [ 114.928298953941848, 10.889446254717996 ], [ 114.922187808920782, 10.87936782454044 ], [ 114.922187808920782, 10.879596706376397 ] ] ] } },
{ "type": "Feature", "properties": { "fid": 208, "FNODE_": 1598, "TNODE_": 1599, "LPOLY_": 1, "RPOLY_": 1, "LENGTH": 0.012, "BOU2_4M_": 1515, "BOU2_4M_ID": 109, "GBCODE": 26100 }, "geometry": { "type": "MultiLineString", "coordinates": [ [ [ 114.105827335181843, 10.880083080236114 ], [ 114.107681278053107, 10.878928180638864 ], [ 114.113273624245323, 10.880063053075817 ], [ 114.116996768777128, 10.880741115515065 ], [ 114.116996768777142, 10.880970951025303 ] ] ] } },
{ "type": "Feature", "properties": { "fid": 209, "FNODE_": 1600, "TNODE_": 1601, "LPOLY_": 1, "RPOLY_": 1, "LENGTH": 0.108, "BOU2_4M_": 1516, "BOU2_4M_ID": 108, "GBCODE": 26100 }, "geometry": { "type": "MultiLineString", "coordinates": [ [ [ 114.126609805889387, 10.901856418558236 ], [ 114.126846317120155, 10.905302043863921 ], [ 114.124076846905339, 10.910596843669259 ], [ 114.119682315655112, 10.915433879802569 ], [ 114.113418582744515, 10.920737262676562 ], [ 114.106910709208648, 10.923283573101426 ], [ 114.099678043191687, 10.918247219035365 ], [ 114.096870426003505, 10.914347644754844 ], [ 114.091270450416474, 10.909538265176252 ], [ 114.082626346410649, 10.89967918009132 ], [ 114.079353336155947, 10.894633289282325 ], [ 114.075141910373532, 10.886830326024118 ], [ 114.078376773654895, 10.882455821934267 ], [ 114.082557681858404, 10.880146022739803 ], [ 114.086746219456515, 10.878757472935121 ], [ 114.093490604223021, 10.87827872842856 ], [ 114.095817569555408, 10.878960605565021 ], [ 114.099311832251246, 10.87964152902722 ], [ 114.09931183225126, 10.879871364537527 ] ] ] } },
{ "type": "Feature", "properties": { "fid": 210, "FNODE_": 1602, "TNODE_": 1603, "LPOLY_": 1, "RPOLY_": 1, "LENGTH": 0.01, "BOU2_4M_": 1517, "BOU2_4M_ID": 130, "GBCODE": 26100 }, "geometry": { "type": "MultiLineString", "coordinates": [ [ [ 114.935852054527217, 10.869873043045635 ], [ 114.936576847008041, 10.873316761002748 ], [ 114.938682559899121, 10.875603672013913 ], [ 114.939163211754746, 10.876980777727034 ], [ 114.938468936852487, 10.878822322832233 ], [ 114.938468936852487, 10.87905215834251 ] ] ] } },
{ "type": "Feature", "properties": { "fid": 211, "FNODE_": 1604, "TNODE_": 1605, "LPOLY_": 1, "RPOLY_": 1, "LENGTH": 0.029, "BOU2_4M_": 1518, "BOU2_4M_ID": 129, "GBCODE": 26100 }, "geometry": { "type": "MultiLineString", "coordinates": [ [ [ 114.91751099007223, 10.875484462723231 ], [ 114.915161136555966, 10.871129985793754 ], [ 114.915138248372074, 10.867683406813777 ], [ 114.915817264485256, 10.865382190688008 ], [ 114.919288638997131, 10.861687656385854 ], [ 114.92160797493483, 10.860526081068429 ], [ 114.924400333333608, 10.860510822279519 ], [ 114.927436832357586, 10.862334247572939 ], [ 114.930931095053467, 10.863695140822802 ], [ 114.930931095053467, 10.864153858169061 ] ] ] } },
{ "type": "Feature", "properties": { "fid": 212, "FNODE_": 1606, "TNODE_": 1607, "LPOLY_": 1, "RPOLY_": 1, "LENGTH": 0.012, "BOU2_4M_": 1519, "BOU2_4M_ID": 127, "GBCODE": 26100 }, "geometry": { "type": "MultiLineString", "coordinates": [ [ [ 114.883453372879274, 10.860952373485921 ], [ 114.877861026687015, 10.858912464122552 ], [ 114.879013065261134, 10.855459209422435 ], [ 114.880149845046219, 10.852925296763473 ] ] ] } },
{ "type": "Feature", "properties": { "fid": 213, "FNODE_": 1608, "TNODE_": 1609, "LPOLY_": 1, "RPOLY_": 1, "LENGTH": 0.013, "BOU2_4M_": 1520, "BOU2_4M_ID": 128, "GBCODE": 26100 }, "geometry": { "type": "MultiLineString", "coordinates": [ [ [ 114.883377078932966, 10.848082538584229 ], [ 114.886871341628776, 10.848983760813505 ], [ 114.888282779617413, 10.851044651011627 ], [ 114.890617374344387, 10.852871891002229 ], [ 114.890411380692314, 10.856320377330887 ], [ 114.890411380692342, 10.856780048351432 ] ] ] } },
{ "type": "Feature", "properties": { "fid": 214, "FNODE_": 1610, "TNODE_": 1611, "LPOLY_": 1, "RPOLY_": 1, "LENGTH": 0.07, "BOU2_4M_": 1521, "BOU2_4M_ID": 61131, "GBCODE": 26080 }, "geometry": { "type": "MultiLineString", "coordinates": [ [ [ 116.777206424853674, 10.832392688833425 ], [ 116.785392765187723, 10.84601306542265 ], [ 116.799003605033846, 10.856909748164107 ], [ 116.834419254452285, 10.865081783384584 ] ] ] } },
{ "type": "Feature", "properties": { "fid": 215, "FNODE_": 1612, "TNODE_": 1613, "LPOLY_": 1, "RPOLY_": 1, "LENGTH": 0.078, "BOU2_4M_": 1522, "BOU2_4M_ID": 146, "GBCODE": 26100 }, "geometry": { "type": "MultiLineString", "coordinates": [ [ [ 115.838012699165859, 10.852662082703706 ], [ 115.837860111274793, 10.847614284546237 ], [ 115.840370182075461, 10.842308040649172 ], [ 115.847076419868856, 10.83811759570264 ], [ 115.853309635201171, 10.832781787901929 ], [ 115.857696537056881, 10.829989429503366 ], [ 115.863563541452393, 10.833620067626759 ], [ 115.865226749460859, 10.839351650269242 ], [ 115.861366275828487, 10.84972476581 ], [ 115.855583194773388, 10.852757450136334 ], [ 115.850486759226101, 10.855096813234482 ], [ 115.842117313424367, 10.855390544923502 ], [ 115.840782169381242, 10.855351444276423 ] ] ] } },
{ "type": "Feature", "properties": { "fid": 216, "FNODE_": 1614, "TNODE_": 1614, "LPOLY_": 866, "RPOLY_": 1, "LENGTH": 0.028, "BOU2_4M_": 1523, "BOU2_4M_ID": 26010, "GBCODE": 26010 }, "geometry": { "type": "MultiLineString", "coordinates": [ [ [ 115.832496646916624, 10.822091098812423 ], [ 115.832420352971525, 10.824822422054984 ], [ 115.831466678655246, 10.827747341183748 ], [ 115.828872684514408, 10.829009052304363 ], [ 115.827003482854053, 10.829022403744684 ], [ 115.82263946918161, 10.827853199032353 ], [ 115.8230972328532, 10.824107166317043 ], [ 115.830467227971127, 10.822413440731268 ], [ 115.832496646916624, 10.822091098812423 ] ] ] } },
{ "type": "Feature", "properties": { "fid": 217, "FNODE_": 1615, "TNODE_": 1616, "LPOLY_": 1, "RPOLY_": 1, "LENGTH": 0.11, "BOU2_4M_": 1524, "BOU2_4M_ID": 145, "GBCODE": 26100 }, "geometry": { "type": "MultiLineString", "coordinates": [ [ [ 115.814758304630885, 10.840212818174251 ], [ 115.811203006778271, 10.831966396358988 ], [ 115.811370853457362, 10.824842449214426 ], [ 115.814323429140714, 10.817464824701919 ], [ 115.821952823672405, 10.812118526483836 ], [ 115.830513004336936, 10.805846210504399 ], [ 115.834899906192675, 10.803283687616116 ], [ 115.839546207462703, 10.802556987787144 ], [ 115.844703678166695, 10.805964466120406 ], [ 115.847557071722434, 10.814443584468945 ], [ 115.836799625433642, 10.832914348631023 ], [ 115.831466678655929, 10.836173053770407 ], [ 115.824447635686525, 10.838116642027087 ], [ 115.82076263812759, 10.839086528806774 ], [ 115.818939212834479, 10.839664455442511 ] ] ] } },
{ "type": "Feature", "properties": { "fid": 218, "FNODE_": 1617, "TNODE_": 1618, "LPOLY_": 1, "RPOLY_": 1, "LENGTH": 0.087, "BOU2_4M_": 1525, "BOU2_4M_ID": 61132, "GBCODE": 26080 }, "geometry": { "type": "MultiLineString", "coordinates": [ [ [ 116.853492740780069, 10.837841030208262 ], [ 116.850761417536447, 10.824220653619328 ], [ 116.839866642143519, 10.810600277030012 ], [ 116.815353397510876, 10.79697990043989 ], [ 116.796279911180733, 10.796979900438693 ], [ 116.788108829636656, 10.794256206590216 ] ] ] } },
{ "type": "Feature", "properties": { "fid": 219, "FNODE_": 1619, "TNODE_": 1620, "LPOLY_": 1, "RPOLY_": 1, "LENGTH": 0.008, "BOU2_4M_": 1526, "BOU2_4M_ID": 126, "GBCODE": 26100 }, "geometry": { "type": "MultiLineString", "coordinates": [ [ [ 114.573173526641952, 10.779652591658747 ], [ 114.569931033965901, 10.781504627181311 ], [ 114.565750125762293, 10.782212253523941 ], [ 114.565979007598273, 10.782211299849678 ] ] ] } },
{ "type": "Feature", "properties": { "fid": 220, "FNODE_": 1621, "TNODE_": 1622, "LPOLY_": 1, "RPOLY_": 1, "LENGTH": 0.082, "BOU2_4M_": 1527, "BOU2_4M_ID": 61123, "GBCODE": 26080 }, "geometry": { "type": "MultiLineString", "coordinates": [ [ [ 117.788177494290608, 10.843028064872042 ], [ 117.804176334623591, 10.83662891020907 ], [ 117.816978458647313, 10.827030178214036 ], [ 117.820182804349315, 10.811031337880127 ], [ 117.820182804347866, 10.7950334512204 ], [ 117.816978458643021, 10.779035564560475 ] ] ] } },
{ "type": "Feature", "properties": { "fid": 221, "FNODE_": 1623, "TNODE_": 1624, "LPOLY_": 1, "RPOLY_": 1, "LENGTH": 0.007, "BOU2_4M_": 1528, "BOU2_4M_ID": 125, "GBCODE": 26100 }, "geometry": { "type": "MultiLineString", "coordinates": [ [ [ 114.565719608183755, 10.776696201277112 ], [ 114.568038944121469, 10.775768276167172 ], [ 114.572227481719608, 10.775289531660519 ], [ 114.572227481719679, 10.775750156355429 ] ] ] } },
{ "type": "Feature", "properties": { "fid": 222, "FNODE_": 1625, "TNODE_": 1626, "LPOLY_": 1, "RPOLY_": 1, "LENGTH": 0.071, "BOU2_4M_": 1529, "BOU2_4M_ID": 61124, "GBCODE": 26080 }, "geometry": { "type": "MultiLineString", "coordinates": [ [ [ 117.784980777973956, 10.756638523234882 ], [ 117.778579715961953, 10.759838100566418 ], [ 117.772178653950448, 10.769436832561864 ], [ 117.765792850728943, 10.788634296553147 ], [ 117.765792850729838, 10.798233028549037 ], [ 117.765792850730705, 10.807831760544873 ], [ 117.768981937646217, 10.820631023547167 ] ] ] } },
{ "type": "Feature", "properties": { "fid": 223, "FNODE_": 1627, "TNODE_": 1628, "LPOLY_": 1, "RPOLY_": 1, "LENGTH": 0.007, "BOU2_4M_": 1530, "BOU2_4M_ID": 124, "GBCODE": 26100 }, "geometry": { "type": "MultiLineString", "coordinates": [ [ [ 114.566543582791468, 10.754171367594672 ], [ 114.564689639920346, 10.756707187602263 ], [ 114.561203006619181, 10.757639881083623 ], [ 114.560966495388698, 10.757641788432274 ] ] ] } },
{ "type": "Feature", "properties": { "fid": 224, "FNODE_": 1629, "TNODE_": 1630, "LPOLY_": 1, "RPOLY_": 1, "LENGTH": 0.009, "BOU2_4M_": 1531, "BOU2_4M_ID": 123, "GBCODE": 26100 }, "geometry": { "type": "MultiLineString", "coordinates": [ [ [ 114.556762699001112, 10.75352191538456 ], [ 114.559303287380033, 10.749605174966673 ], [ 114.563720706814124, 10.748667713113747 ] ] ] } },
{ "type": "Feature", "properties": { "fid": 225, "FNODE_": 1631, "TNODE_": 1632, "LPOLY_": 1, "RPOLY_": 1, "LENGTH": 0.016, "BOU2_4M_": 1532, "BOU2_4M_ID": 115, "GBCODE": 26100 }, "geometry": { "type": "MultiLineString", "coordinates": [ [ [ 114.351127628172563, 10.7405137976963 ], [ 114.345756534421653, 10.738004680569215 ], [ 114.341339114987292, 10.735491748744915 ], [ 114.339920047603954, 10.730901714259321 ] ] ] } },
{ "type": "Feature", "properties": { "fid": 226, "FNODE_": 1633, "TNODE_": 1634, "LPOLY_": 1, "RPOLY_": 1, "LENGTH": 0.01, "BOU2_4M_": 1533, "BOU2_4M_ID": 122, "GBCODE": 26100 }, "geometry": { "type": "MultiLineString", "coordinates": [ [ [ 114.526412967549902, 10.728136058750939 ], [ 114.521766666279902, 10.729763027134728 ], [ 114.518272403584092, 10.729087825718452 ], [ 114.517112735615186, 10.729092594089947 ], [ 114.516876224384688, 10.729093547764268 ] ] ] } },
{ "type": "Feature", "properties": { "fid": 227, "FNODE_": 1635, "TNODE_": 1635, "LPOLY_": 867, "RPOLY_": 1, "LENGTH": 0.027, "BOU2_4M_": 1534, "BOU2_4M_ID": 26010, "GBCODE": 26010 }, "geometry": { "type": "MultiLineString", "coordinates": [ [ [ 115.807998661066222, 10.7285699806341 ], [ 115.809181217218892, 10.730831142438698 ], [ 115.807991031672188, 10.734169956220825 ], [ 115.804801944757912, 10.736369129194566 ], [ 115.801696781183253, 10.734939571393893 ], [ 115.800086978936847, 10.73387813187952 ], [ 115.80223846819456, 10.729366298688056 ], [ 115.80493927385875, 10.72722053147602 ], [ 115.807998661066222, 10.7285699806341 ] ] ] } },
{ "type": "Feature", "properties": { "fid": 228, "FNODE_": 1636, "TNODE_": 1637, "LPOLY_": 1, "RPOLY_": 1, "LENGTH": 0.014, "BOU2_4M_": 1535, "BOU2_4M_ID": 116, "GBCODE": 26100 }, "geometry": { "type": "MultiLineString", "coordinates": [ [ [ 114.346183780514508, 10.725593563013724 ], [ 114.350143436276852, 10.726728435450632 ], [ 114.352943424070347, 10.729247089320751 ], [ 114.355270389402833, 10.731077190334359 ], [ 114.356208804930489, 10.733371730739968 ], [ 114.356216434325077, 10.734291072781144 ] ] ] } },
{ "type": "Feature", "properties": { "fid": 229, "FNODE_": 1638, "TNODE_": 1639, "LPOLY_": 1, "RPOLY_": 1, "LENGTH": 0.012, "BOU2_4M_": 1536, "BOU2_4M_ID": 121, "GBCODE": 26100 }, "geometry": { "type": "MultiLineString", "coordinates": [ [ [ 114.515220645770739, 10.723354335727212 ], [ 114.518928531513197, 10.720811839999509 ], [ 114.523353580341919, 10.721025463046605 ], [ 114.525451663838396, 10.7223949393653 ], [ 114.52545166383841, 10.722624774875598 ] ] ] } },
{ "type": "Feature", "properties": { "fid": 230, "FNODE_": 1640, "TNODE_": 1641, "LPOLY_": 1, "RPOLY_": 1, "LENGTH": 0.098, "BOU2_4M_": 1537, "BOU2_4M_ID": 144, "GBCODE": 26100 }, "geometry": { "type": "MultiLineString", "coordinates": [ [ [ 115.78996277239284, 10.735454555524198 ], [ 115.789672855400411, 10.732867237103408 ], [ 115.790069583915908, 10.730554576885798 ], [ 115.791427616142215, 10.725716587078097 ], [ 115.793243412040496, 10.721106525432008 ], [ 115.798309330009346, 10.715551372538496 ], [ 115.802696231865127, 10.712759014139936 ], [ 115.808052066826633, 10.712257381449749 ], [ 115.813636783624304, 10.714051242839473 ], [ 115.817161563898424, 10.717472072613035 ], [ 115.820449832942046, 10.720892902386714 ], [ 115.822120670344987, 10.725476261152012 ], [ 115.820777896907856, 10.731922145857441 ], [ 115.817321781185086, 10.73539542771803 ], [ 115.812248233821606, 10.740262981429359 ], [ 115.808113101985626, 10.745350833907869 ], [ 115.7960128822576, 10.744986530318309 ], [ 115.790626529717571, 10.740661617292528 ] ] ] } },
{ "type": "Feature", "properties": { "fid": 231, "FNODE_": 1642, "TNODE_": 1643, "LPOLY_": 1, "RPOLY_": 1, "LENGTH": 0.053, "BOU2_4M_": 1538, "BOU2_4M_ID": 117, "GBCODE": 26100 }, "geometry": { "type": "MultiLineString", "coordinates": [ [ [ 114.330360416254507, 10.724039073876952 ], [ 114.323806766350742, 10.716707225730996 ], [ 114.321243289787631, 10.713269229819737 ], [ 114.318428043204833, 10.707763667990193 ], [ 114.317016605216025, 10.703401561666231 ], [ 114.318168643790145, 10.700180049825013 ], [ 114.322807315665685, 10.699474330831032 ], [ 114.323982242423725, 10.700389858174965 ], [ 114.32701111205327, 10.703367229391343 ], [ 114.328651431877773, 10.704510684896956 ], [ 114.330749515374336, 10.706801410605433 ], [ 114.332153323968413, 10.708635326316235 ], [ 114.334503177484763, 10.714372631004654 ], [ 114.334503177484777, 10.714603420189256 ] ] ] } },
{ "type": "Feature", "properties": { "fid": 232, "FNODE_": 1644, "TNODE_": 1645, "LPOLY_": 1, "RPOLY_": 1, "LENGTH": 0.008, "BOU2_4M_": 1539, "BOU2_4M_ID": 120, "GBCODE": 26100 }, "geometry": { "type": "MultiLineString", "coordinates": [ [ [ 114.456016544198164, 10.692330356532711 ], [ 114.453231815194044, 10.693949695522029 ], [ 114.448806766365308, 10.693737026149208 ], [ 114.448806766365323, 10.693965907985154 ] ] ] } },
{ "type": "Feature", "properties": { "fid": 233, "FNODE_": 1646, "TNODE_": 1647, "LPOLY_": 1, "RPOLY_": 1, "LENGTH": 0.008, "BOU2_4M_": 1540, "BOU2_4M_ID": 119, "GBCODE": 26100 }, "geometry": { "type": "MultiLineString", "coordinates": [ [ [ 114.446228031012993, 10.688231464319692 ], [ 114.453193668220763, 10.686136241846588 ], [ 114.452957156990308, 10.686595912867135 ] ] ] } },
{ "type": "Feature", "properties": { "fid": 234, "FNODE_": 1648, "TNODE_": 1648, "LPOLY_": 868, "RPOLY_": 1, "LENGTH": 0.017, "BOU2_4M_": 1541, "BOU2_4M_ID": 26010, "GBCODE": 26010 }, "geometry": { "type": "MultiLineString", "coordinates": [ [ [ 114.413070682375292, 10.68084907143357 ], [ 114.413948062746272, 10.677854534079694 ], [ 114.415893558351968, 10.677571292807761 ], [ 114.418502811282053, 10.678288455893954 ], [ 114.419326785891698, 10.680633541038389 ], [ 114.417106632082948, 10.682107921531625 ], [ 114.414512637941925, 10.681582446983104 ], [ 114.413070682375292, 10.68084907143357 ] ] ] } },
{ "type": "Feature", "properties": { "fid": 235, "FNODE_": 1649, "TNODE_": 1650, "LPOLY_": 1, "RPOLY_": 1, "LENGTH": 0.028, "BOU2_4M_": 1542, "BOU2_4M_ID": 118, "GBCODE": 26100 }, "geometry": { "type": "MultiLineString", "coordinates": [ [ [ 114.418968204348246, 10.674773212363149 ], [ 114.422683719485448, 10.674758907248631 ], [ 114.424781802981855, 10.675211902549128 ], [ 114.42549133667363, 10.678885456016499 ], [ 114.421333316653985, 10.684416767052207 ], [ 114.418548587649795, 10.685574527672323 ], [ 114.41413116821569, 10.686051364830387 ], [ 114.410636905519766, 10.684226032188327 ], [ 114.41063690551978, 10.684455867698624 ] ] ] } },
{ "type": "Feature", "properties": { "fid": 236, "FNODE_": 1651, "TNODE_": 1652, "LPOLY_": 1, "RPOLY_": 1, "LENGTH": 0.292, "BOU2_4M_": 1543, "BOU2_4M_ID": 61129, "GBCODE": 26080 }, "geometry": { "type": "MultiLineString", "coordinates": [ [ [ 117.19399261873734, 10.756118770696199 ], [ 117.232131962002853, 10.756118770698546 ], [ 117.253921512786505, 10.758842464547859 ], [ 117.28661346835662, 10.764290805920162 ], [ 117.341087345314889, 10.761567112075491 ], [ 117.381950382426794, 10.74522304164126 ], [ 117.403747562603229, 10.728878017531605 ], [ 117.414642337993712, 10.715257640943577 ], [ 117.422813419534805, 10.685293193918794 ], [ 117.422813419532844, 10.663500782111772 ], [ 117.425537113380798, 10.66350078211193 ] ] ] } },
{ "type": "Feature", "properties": { "fid": 237, "FNODE_": 1653, "TNODE_": 1654, "LPOLY_": 1, "RPOLY_": 1, "LENGTH": 0.069, "BOU2_4M_": 1544, "BOU2_4M_ID": 61134, "GBCODE": 26080 }, "geometry": { "type": "MultiLineString", "coordinates": [ [ [ 116.161567691858977, 10.619915004748345 ], [ 116.161567691860114, 10.633535381337005 ], [ 116.161567691861265, 10.647155757925775 ], [ 116.169738773406735, 10.666223522211046 ], [ 116.186088565890174, 10.679844852475041 ] ] ] } },
{ "type": "Feature", "properties": { "fid": 238, "FNODE_": 1655, "TNODE_": 1656, "LPOLY_": 1, "RPOLY_": 1, "LENGTH": 0.301, "BOU2_4M_": 1545, "BOU2_4M_ID": 61130, "GBCODE": 26080 }, "geometry": { "type": "MultiLineString", "coordinates": [ [ [ 117.414642337986209, 10.630811687563641 ], [ 117.406471256441705, 10.622639652344844 ], [ 117.371063236418522, 10.619915004820355 ], [ 117.341087345302796, 10.625363346188813 ], [ 117.305679325281275, 10.64170741662333 ], [ 117.259368900472992, 10.652604099361113 ], [ 117.223960880450917, 10.66350078209968 ], [ 117.185821537186598, 10.677121158686022 ], [ 117.158576969314254, 10.69346522912104 ], [ 117.147682193924439, 10.715257640927376 ], [ 117.150413517166882, 10.715257640927549 ] ] ] } },
{ "type": "Feature", "properties": { "fid": 239, "FNODE_": 1657, "TNODE_": 1658, "LPOLY_": 1, "RPOLY_": 1, "LENGTH": 0.073, "BOU2_4M_": 1546, "BOU2_4M_ID": 61133, "GBCODE": 26080 }, "geometry": { "type": "MultiLineString", "coordinates": [ [ [ 116.224220279761155, 10.674397464781238 ], [ 116.224220279760203, 10.663500782040499 ], [ 116.224220279758811, 10.64715575792939 ], [ 116.21877289206175, 10.633535381340367 ], [ 116.207878116668809, 10.619915004750956 ], [ 116.194259647428765, 10.617191310902168 ] ] ] } },
{ "type": "Feature", "properties": { "fid": 240, "FNODE_": 1659, "TNODE_": 1660, "LPOLY_": 1, "RPOLY_": 1, "LENGTH": 0.066, "BOU2_4M_": 1547, "BOU2_4M_ID": 142, "GBCODE": 26100 }, "geometry": { "type": "MultiLineString", "coordinates": [ [ [ 115.77895355606752, 10.548159595476013 ], [ 115.781463626868145, 10.54262446974303 ], [ 115.78373718643833, 10.537779804215111 ], [ 115.789482120520432, 10.530839916214042 ], [ 115.795280460364694, 10.528725620254635 ], [ 115.800437931068885, 10.534662242875305 ], [ 115.801879886635817, 10.539246555315014 ], [ 115.791023258217251, 10.54691695784228 ], [ 115.778038028723898, 10.550694461809377 ] ] ] } },
{ "type": "Feature", "properties": { "fid": 241, "FNODE_": 1661, "TNODE_": 1662, "LPOLY_": 1, "RPOLY_": 1, "LENGTH": 0.072, "BOU2_4M_": 1548, "BOU2_4M_ID": 143, "GBCODE": 26100 }, "geometry": { "type": "MultiLineString", "coordinates": [ [ [ 115.714256290432971, 10.522924419382511 ], [ 115.716667179105158, 10.522896762827502 ], [ 115.721786502836252, 10.52331828687565 ], [ 115.727127079008767, 10.52350616071635 ], [ 115.734153751373256, 10.528280254345322 ], [ 115.737197879791836, 10.531703945141849 ], [ 115.740501407624663, 10.537194248182338 ], [ 115.73799896621864, 10.542959209425657 ], [ 115.731002811432489, 10.540944095594391 ], [ 115.722839359282787, 10.536869045239401 ], [ 115.717231754301409, 10.533694263439319 ], [ 115.713096622464477, 10.527723308543276 ], [ 115.712196353909462, 10.524646755198104 ] ] ] } },
{ "type": "Feature", "properties": { "fid": 242, "FNODE_": 1663, "TNODE_": 1664, "LPOLY_": 1, "RPOLY_": 1, "LENGTH": 0.087, "BOU2_4M_": 1549, "BOU2_4M_ID": 139, "GBCODE": 26100 }, "geometry": { "type": "MultiLineString", "coordinates": [ [ [ 115.702110294337061, 10.513543125130079 ], [ 115.702133182520114, 10.507148738837714 ], [ 115.700019840234518, 10.504405971503228 ], [ 115.69999695205081, 10.503026958441563 ], [ 115.698081974022628, 10.495686527227042 ], [ 115.698738101951974, 10.490625377629247 ], [ 115.700309757225043, 10.4839487037393 ], [ 115.704460147850284, 10.480699535343064 ], [ 115.70867157363223, 10.483655925724559 ], [ 115.71131134414118, 10.493518825506365 ], [ 115.714630130763254, 10.501077648139319 ], [ 115.71698761367405, 10.505427356697236 ], [ 115.716796878811238, 10.510944362618362 ], [ 115.711280826564973, 10.516961093881074 ], [ 115.70337677382966, 10.516791339852247 ], [ 115.702667240138126, 10.516337390877538 ] ] ] } },
{ "type": "Feature", "properties": { "fid": 243, "FNODE_": 1665, "TNODE_": 1666, "LPOLY_": 1, "RPOLY_": 1, "LENGTH": 0.043, "BOU2_4M_": 1550, "BOU2_4M_ID": 140, "GBCODE": 26100 }, "geometry": { "type": "MultiLineString", "coordinates": [ [ [ 115.72202301406206, 10.466521259280153 ], [ 115.723838809960455, 10.463775630922967 ], [ 115.730087284082146, 10.461888309450885 ], [ 115.736152652735214, 10.462531085940585 ], [ 115.739189151759277, 10.465497013065162 ], [ 115.735969547267018, 10.469199176761764 ], [ 115.726707462305384, 10.473636623356082 ], [ 115.724067691797032, 10.471338268253056 ], [ 115.721549991601165, 10.467928882571332 ] ] ] } },
{ "type": "Feature", "properties": { "fid": 244, "FNODE_": 1667, "TNODE_": 1668, "LPOLY_": 1, "RPOLY_": 1, "LENGTH": 0.077, "BOU2_4M_": 1551, "BOU2_4M_ID": 141, "GBCODE": 26100 }, "geometry": { "type": "MultiLineString", "coordinates": [ [ [ 115.762329105374036, 10.451671596499681 ], [ 115.765228275296181, 10.450604434939649 ], [ 115.768096927640229, 10.450105663272272 ], [ 115.774627689359932, 10.452812190982973 ], [ 115.779312137603014, 10.457142826054609 ], [ 115.784278873444251, 10.46698760602448 ], [ 115.786880496980118, 10.472023006415917 ], [ 115.782043460847092, 10.476198192573444 ], [ 115.767112735747261, 10.470567699407795 ], [ 115.762420658109534, 10.464858051274419 ], [ 115.759307865139533, 10.454079624148768 ] ] ] } },
{ "type": "Feature", "properties": { "fid": 245, "FNODE_": 1669, "TNODE_": 1670, "LPOLY_": 1, "RPOLY_": 1, "LENGTH": 0.052, "BOU2_4M_": 1552, "BOU2_4M_ID": 103, "GBCODE": 26100 }, "geometry": { "type": "MultiLineString", "coordinates": [ [ [ 114.566230777588814, 10.409175868888518 ], [ 114.567131046143572, 10.408285137076899 ], [ 114.57292938598799, 10.407570835014093 ], [ 114.576423648683786, 10.40801620092012 ], [ 114.57943725952407, 10.408694263359315 ], [ 114.582008365481542, 10.410291667839692 ], [ 114.583641055911613, 10.412354465386439 ], [ 114.584602359623091, 10.417865749261797 ], [ 114.58390808472069, 10.418328281305287 ], [ 114.579727176517196, 10.420184131525062 ], [ 114.572303775637351, 10.420214649102771 ], [ 114.569038394777422, 10.418620105645342 ], [ 114.565536502686896, 10.415415759941558 ], [ 114.563903812256783, 10.412665363212605 ], [ 114.565200809327109, 10.410903926750009 ] ] ] } },
{ "type": "Feature", "properties": { "fid": 246, "FNODE_": 1671, "TNODE_": 1672, "LPOLY_": 1, "RPOLY_": 1, "LENGTH": 0.014, "BOU2_4M_": 1553, "BOU2_4M_ID": 106, "GBCODE": 26100 }, "geometry": { "type": "MultiLineString", "coordinates": [ [ [ 114.416282657451021, 10.391637798199332 ], [ 114.413040164774984, 10.393718715557815 ], [ 114.408630374735466, 10.395343776592957 ], [ 114.405616763895281, 10.395814891705172 ], [ 114.404678348367696, 10.394208904156081 ], [ 114.404449466531773, 10.394669528850947 ] ] ] } },
{ "type": "Feature", "properties": { "fid": 247, "FNODE_": 1673, "TNODE_": 1674, "LPOLY_": 1, "RPOLY_": 1, "LENGTH": 0.011, "BOU2_4M_": 1554, "BOU2_4M_ID": 105, "GBCODE": 26100 }, "geometry": { "type": "MultiLineString", "coordinates": [ [ [ 114.402343753640494, 10.389850612529367 ], [ 114.405342105691403, 10.386622424968078 ], [ 114.4092865026645, 10.385687824138035 ], [ 114.411140445535821, 10.385452266581906 ], [ 114.411376956766347, 10.385680194743598 ] ] ] } },
{ "type": "Feature", "properties": { "fid": 248, "FNODE_": 1675, "TNODE_": 1675, "LPOLY_": 1, "RPOLY_": 869, "LENGTH": 0.017, "BOU2_4M_": 1555, "BOU2_4M_ID": 26010, "GBCODE": 26010 }, "geometry": { "type": "MultiLineString", "coordinates": [ [ [ 114.474861148669092, 10.386284824263704 ], [ 114.477088931872331, 10.384132381331382 ], [ 114.47667694456743, 10.381946559797855 ], [ 114.474243167711506, 10.38005446995369 ], [ 114.47151184446912, 10.382061954389902 ], [ 114.472717288805399, 10.384458537947388 ], [ 114.474861148669092, 10.386284824263704 ] ] ] } },
{ "type": "Feature", "properties": { "fid": 249, "FNODE_": 1676, "TNODE_": 1676, "LPOLY_": 1, "RPOLY_": 870, "LENGTH": 0.018, "BOU2_4M_": 1556, "BOU2_4M_ID": 26010, "GBCODE": 26010 }, "geometry": { "type": "MultiLineString", "coordinates": [ [ [ 114.354240421113929, 10.379812236670906 ], [ 114.355926517305676, 10.381101604346926 ], [ 114.35912323361481, 10.382731433754067 ], [ 114.360443118868858, 10.382313724403478 ], [ 114.360923770724227, 10.380139346961847 ], [ 114.359992984591187, 10.378680225257432 ], [ 114.357147220430576, 10.377597804908014 ], [ 114.354736331758474, 10.378990169410041 ], [ 114.354240421113929, 10.379812236670906 ] ] ] } },
{ "type": "Feature", "properties": { "fid": 250, "FNODE_": 1677, "TNODE_": 1678, "LPOLY_": 1, "RPOLY_": 1, "LENGTH": 0.043, "BOU2_4M_": 1557, "BOU2_4M_ID": 104, "GBCODE": 26100 }, "geometry": { "type": "MultiLineString", "coordinates": [ [ [ 114.467590335679759, 10.385009761702079 ], [ 114.467338565659929, 10.38133334721179 ], [ 114.467788699937103, 10.378343578229469 ], [ 114.47194671995689, 10.374649997601706 ], [ 114.47427368528912, 10.373492236981564 ], [ 114.47776031859047, 10.375087734113345 ], [ 114.479629520251024, 10.377149577985778 ], [ 114.481979373767317, 10.381965633284489 ], [ 114.481750491931521, 10.384036060225677 ], [ 114.480842593982459, 10.38748645390285 ], [ 114.478286746814291, 10.389335628402502 ], [ 114.475753787829746, 10.391183849227822 ], [ 114.472488406969816, 10.38935756291148 ] ] ] } },
{ "type": "Feature", "properties": { "fid": 251, "FNODE_": 1679, "TNODE_": 1680, "LPOLY_": 1, "RPOLY_": 1, "LENGTH": 0.057, "BOU2_4M_": 1558, "BOU2_4M_ID": 107, "GBCODE": 26100 }, "geometry": { "type": "MultiLineString", "coordinates": [ [ [ 114.346977237518914, 10.375338550451632 ], [ 114.353492740449354, 10.374165531042605 ], [ 114.357192996797309, 10.371854778173834 ], [ 114.362777713595065, 10.373904224280388 ], [ 114.366043094455108, 10.376880641822467 ], [ 114.368392947971401, 10.381698604469763 ], [ 114.36910248166329, 10.386752124673164 ], [ 114.36656189328427, 10.389519687539625 ], [ 114.362846378147097, 10.389762874490156 ], [ 114.358192447482367, 10.38908862674813 ], [ 114.355400089083503, 10.388179775124286 ], [ 114.347953800019567, 10.382229801062982 ], [ 114.347023013886613, 10.381773944739631 ] ] ] } },
{ "type": "Feature", "properties": { "fid": 252, "FNODE_": 1681, "TNODE_": 1682, "LPOLY_": 1, "RPOLY_": 1, "LENGTH": 0.012, "BOU2_4M_": 1559, "BOU2_4M_ID": 100, "GBCODE": 26100 }, "geometry": { "type": "MultiLineString", "coordinates": [ [ [ 114.712753299576022, 10.357777591606547 ], [ 114.713691715103678, 10.36030006017382 ], [ 114.716262821061179, 10.361898418328519 ], [ 114.718582156999048, 10.363036151788256 ], [ 114.718818668229602, 10.363494869134529 ], [ 114.720687869890142, 10.365554805658318 ], [ 114.720687869890185, 10.366244312189215 ] ] ] } },
{ "type": "Feature", "properties": { "fid": 253, "FNODE_": 1683, "TNODE_": 1684, "LPOLY_": 1, "RPOLY_": 1, "LENGTH": 0.062, "BOU2_4M_": 1560, "BOU2_4M_ID": 101, "GBCODE": 26100 }, "geometry": { "type": "MultiLineString", "coordinates": [ [ [ 114.725143436297444, 10.371969219111646 ], [ 114.726303104266421, 10.372883792781215 ], [ 114.728172305927032, 10.375863071346242 ], [ 114.729591373310356, 10.379993434811217 ], [ 114.725433353290569, 10.38323020544135 ], [ 114.720062259539532, 10.378657337093214 ], [ 114.715393070085526, 10.375001903437683 ], [ 114.710487369400894, 10.369738574884467 ], [ 114.705352786880255, 10.363786693474637 ], [ 114.702079776625723, 10.360813136955512 ], [ 114.697883609632839, 10.358993526359328 ], [ 114.694618228772782, 10.355561252493912 ], [ 114.696449283460112, 10.350496288198906 ], [ 114.696212772229615, 10.350728031057802 ] ] ] } },
{ "type": "Feature", "properties": { "fid": 254, "FNODE_": 1685, "TNODE_": 1686, "LPOLY_": 1, "RPOLY_": 1, "LENGTH": 0.011, "BOU2_4M_": 1561, "BOU2_4M_ID": 99, "GBCODE": 26100 }, "geometry": { "type": "MultiLineString", "coordinates": [ [ [ 114.70964050660568, 10.342621799367965 ], [ 114.711036685805212, 10.344224925894091 ], [ 114.710830692153081, 10.347212787527843 ], [ 114.711311344008834, 10.350198741812944 ], [ 114.710403446059672, 10.352271076102717 ], [ 114.709930423598706, 10.352733608146183 ] ] ] } },
{ "type": "Feature", "properties": { "fid": 255, "FNODE_": 1687, "TNODE_": 1688, "LPOLY_": 1, "RPOLY_": 1, "LENGTH": 0.134, "BOU2_4M_": 1562, "BOU2_4M_ID": 61127, "GBCODE": 26080 }, "geometry": { "type": "MultiLineString", "coordinates": [ [ [ 116.458503727023725, 10.339336391447642 ], [ 116.463943485326467, 10.355680461884612 ], [ 116.477561954567847, 10.37474917984447 ], [ 116.499351505352564, 10.388369556434439 ], [ 116.526603702621813, 10.396541591654428 ], [ 116.545661930163078, 10.399265285503605 ], [ 116.559288028796416, 10.38836955643804 ], [ 116.559288028796672, 10.391093250286016 ] ] ] } },
{ "type": "Feature", "properties": { "fid": 256, "FNODE_": 1689, "TNODE_": 1690, "LPOLY_": 1, "RPOLY_": 1, "LENGTH": 0.008, "BOU2_4M_": 1563, "BOU2_4M_ID": 98, "GBCODE": 26100 }, "geometry": { "type": "MultiLineString", "coordinates": [ [ [ 114.710273746350921, 10.33089732732045 ], [ 114.709823612073677, 10.332738872425697 ], [ 114.708679202894103, 10.335732456105182 ], [ 114.707992557386376, 10.338032718556679 ], [ 114.707763675550453, 10.338493343251564 ] ] ] } },
{ "type": "Feature", "properties": { "fid": 257, "FNODE_": 1691, "TNODE_": 1692, "LPOLY_": 1, "RPOLY_": 1, "LENGTH": 0.022, "BOU2_4M_": 1564, "BOU2_4M_ID": 102, "GBCODE": 26100 }, "geometry": { "type": "MultiLineString", "coordinates": [ [ [ 114.69525146851808, 10.344296451467002 ], [ 114.697090152600069, 10.340840335743946 ], [ 114.700363162854558, 10.343124385732242 ], [ 114.700340274670751, 10.34059524144479 ], [ 114.700332645276021, 10.338068004505949 ], [ 114.699363712169799, 10.329797740832905 ], [ 114.699348453380694, 10.329338069812302 ] ] ] } },
{ "type": "Feature", "properties": { "fid": 258, "FNODE_": 1693, "TNODE_": 1694, "LPOLY_": 1, "RPOLY_": 1, "LENGTH": 0.028, "BOU2_4M_": 1565, "BOU2_4M_ID": 97, "GBCODE": 26100 }, "geometry": { "type": "MultiLineString", "coordinates": [ [ [ 114.695610050059528, 10.32452869023381 ], [ 114.694656375742767, 10.321545596971649 ], [ 114.696502689219201, 10.317170139207434 ], [ 114.698341373301318, 10.314863201035866 ], [ 114.700897220469585, 10.314620967759653 ], [ 114.703689578868449, 10.315758701219416 ], [ 114.704643253185182, 10.3182830771353 ], [ 114.706993106701532, 10.324017520800769 ], [ 114.707473758557228, 10.326083179370471 ], [ 114.707229617932228, 10.326543804065302 ] ] ] } },
{ "type": "Feature", "properties": { "fid": 259, "FNODE_": 1695, "TNODE_": 1696, "LPOLY_": 1, "RPOLY_": 1, "LENGTH": 0.143, "BOU2_4M_": 1566, "BOU2_4M_ID": 61128, "GBCODE": 26080 }, "geometry": { "type": "MultiLineString", "coordinates": [ [ [ 116.578346256332807, 10.333888050084544 ], [ 116.578346256332551, 10.33116340256224 ], [ 116.572906498030278, 10.320267673495538 ], [ 116.567459110332962, 10.303922649384219 ], [ 116.542938236305531, 10.287578578946082 ], [ 116.512977603977944, 10.284854885096255 ], [ 116.488456729951892, 10.284854885094759 ], [ 116.463943485321323, 10.295750614159617 ] ] ] } },
{ "type": "Feature", "properties": { "fid": 260, "FNODE_": 1697, "TNODE_": 1698, "LPOLY_": 1, "RPOLY_": 1, "LENGTH": 0.051, "BOU2_4M_": 1567, "BOU2_4M_ID": 129, "GBCODE": 26100 }, "geometry": { "type": "MultiLineString", "coordinates": [ [ [ 113.602699283309065, 10.256629939861252 ], [ 113.606399539657403, 10.258879657574175 ], [ 113.613601688095756, 10.25739955503523 ], [ 113.618698123643142, 10.254570003338314 ], [ 113.621101382920415, 10.249250408000799 ], [ 113.619697574326182, 10.24559974271701 ], [ 113.612701419539917, 10.243630405253004 ], [ 113.607101443953383, 10.24553966123444 ], [ 113.603500369734419, 10.249500270670858 ], [ 113.602912906355826, 10.254790302104679 ] ] ] } },
{ "type": "Feature", "properties": { "fid": 261, "FNODE_": 1699, "TNODE_": 1700, "LPOLY_": 1, "RPOLY_": 1, "LENGTH": 0.046, "BOU2_4M_": 1568, "BOU2_4M_ID": 138, "GBCODE": 26100 }, "geometry": { "type": "MultiLineString", "coordinates": [ [ [ 115.3705673255254, 10.234829898755365 ], [ 115.377090457850585, 10.237315174024681 ], [ 115.381042484218284, 10.237749095838927 ], [ 115.385490421230884, 10.242316242141055 ], [ 115.38507080453212, 10.248524661941644 ], [ 115.382308963711722, 10.251531597061552 ], [ 115.379302982266182, 10.253389354629967 ], [ 115.373016361171651, 10.252511974258407 ], [ 115.368347171717616, 10.248405452651141 ], [ 115.366477970057133, 10.246808048170832 ], [ 115.366706851893099, 10.246807094496519 ] ] ] } },
{ "type": "Feature", "properties": { "fid": 262, "FNODE_": 1701, "TNODE_": 1702, "LPOLY_": 1, "RPOLY_": 1, "LENGTH": 0.011, "BOU2_4M_": 1569, "BOU2_4M_ID": 93, "GBCODE": 26100 }, "geometry": { "type": "MultiLineString", "coordinates": [ [ [ 114.225303653505819, 10.20818996033387 ], [ 114.225997928408276, 10.208646770331567 ], [ 114.225318912295265, 10.213015552375584 ], [ 114.225326541689952, 10.215314861152779 ], [ 114.22348022821329, 10.217159267280847 ], [ 114.223480228213319, 10.217847820137376 ] ] ] } },
{ "type": "Feature", "properties": { "fid": 263, "FNODE_": 1703, "TNODE_": 1704, "LPOLY_": 1, "RPOLY_": 1, "LENGTH": 0.009, "BOU2_4M_": 1570, "BOU2_4M_ID": 92, "GBCODE": 26100 }, "geometry": { "type": "MultiLineString", "coordinates": [ [ [ 114.216270450380122, 10.214653011176603 ], [ 114.215789798524284, 10.210517879340081 ], [ 114.216476444032068, 10.208906169745157 ], [ 114.218086246278148, 10.20614337525018 ], [ 114.218330386903204, 10.206372257086208 ] ] ] } },
{ "type": "Feature", "properties": { "fid": 264, "FNODE_": 1705, "TNODE_": 1706, "LPOLY_": 1, "RPOLY_": 1, "LENGTH": 0.019, "BOU2_4M_": 1571, "BOU2_4M_ID": 132, "GBCODE": 26100 }, "geometry": { "type": "MultiLineString", "coordinates": [ [ [ 115.304153446120139, 10.200093265446217 ], [ 115.299507144850139, 10.201041217716622 ], [ 115.295089725415892, 10.199690814884129 ], [ 115.29160309211467, 10.199023242862351 ], [ 115.288787845532028, 10.19582366553022 ], [ 115.288772586742752, 10.193524356753038 ] ] ] } },
{ "type": "Feature", "properties": { "fid": 265, "FNODE_": 1707, "TNODE_": 1708, "LPOLY_": 1, "RPOLY_": 1, "LENGTH": 0.023, "BOU2_4M_": 1572, "BOU2_4M_ID": 96, "GBCODE": 26100 }, "geometry": { "type": "MultiLineString", "coordinates": [ [ [ 114.372398380085642, 10.185862537243056 ], [ 114.370559696003681, 10.189778323986687 ], [ 114.367782596394093, 10.191626544811971 ], [ 114.362678531452204, 10.193943019726515 ], [ 114.353622440142345, 10.192825313427043 ], [ 114.353858951372843, 10.192824359752704 ] ] ] } },
{ "type": "Feature", "properties": { "fid": 266, "FNODE_": 1709, "TNODE_": 1709, "LPOLY_": 871, "RPOLY_": 1, "LENGTH": 0.017, "BOU2_4M_": 1573, "BOU2_4M_ID": 26010, "GBCODE": 26010 }, "geometry": { "type": "MultiLineString", "coordinates": [ [ [ 114.360717777056891, 10.187336917735736 ], [ 114.360946658892658, 10.184706683970759 ], [ 114.364440921588411, 10.184563632823517 ], [ 114.365692142291763, 10.185409541942304 ], [ 114.366310123248965, 10.186702724315561 ], [ 114.365531925006835, 10.188710208751841 ], [ 114.362747196002616, 10.189171787120884 ], [ 114.360717777056891, 10.187336917735736 ] ] ] } },
{ "type": "Feature", "properties": { "fid": 267, "FNODE_": 1710, "TNODE_": 1711, "LPOLY_": 1, "RPOLY_": 1, "LENGTH": 0.015, "BOU2_4M_": 1574, "BOU2_4M_ID": 135, "GBCODE": 26100 }, "geometry": { "type": "MultiLineString", "coordinates": [ [ [ 115.301773075025437, 10.191604610354588 ], [ 115.306388858717142, 10.189045902163601 ], [ 115.309150699537511, 10.18558024969747 ], [ 115.311683658522057, 10.183725353152008 ], [ 115.313301090162753, 10.182336803347187 ], [ 115.313301090162767, 10.182795520693432 ] ] ] } },
{ "type": "Feature", "properties": { "fid": 268, "FNODE_": 1712, "TNODE_": 1713, "LPOLY_": 1, "RPOLY_": 1, "LENGTH": 0.018, "BOU2_4M_": 1575, "BOU2_4M_ID": 95, "GBCODE": 26100 }, "geometry": { "type": "MultiLineString", "coordinates": [ [ [ 114.345703128617473, 10.187336917734955 ], [ 114.348937991898836, 10.183418269968488 ], [ 114.353111270707899, 10.182483669138531 ], [ 114.357063297075456, 10.180862422800587 ], [ 114.361473087115087, 10.180616374827173 ], [ 114.361473087115115, 10.181076045847773 ] ] ] } },
{ "type": "Feature", "properties": { "fid": 269, "FNODE_": 1714, "TNODE_": 1715, "LPOLY_": 1, "RPOLY_": 1, "LENGTH": 0.008, "BOU2_4M_": 1576, "BOU2_4M_ID": 136, "GBCODE": 26100 }, "geometry": { "type": "MultiLineString", "coordinates": [ [ [ 115.318847659987355, 10.178853031069243 ], [ 115.315818790357952, 10.177264209657736 ], [ 115.314651492994415, 10.17589282599047 ], [ 115.312767032544841, 10.17429637518446 ], [ 115.313011173169855, 10.17429446783585 ] ] ] } },
{ "type": "Feature", "properties": { "fid": 270, "FNODE_": 1716, "TNODE_": 1717, "LPOLY_": 1, "RPOLY_": 1, "LENGTH": 0.049, "BOU2_4M_": 1577, "BOU2_4M_ID": 134, "GBCODE": 26100 }, "geometry": { "type": "MultiLineString", "coordinates": [ [ [ 115.323432926100537, 10.171239849000621 ], [ 115.327873233718464, 10.173509593874202 ], [ 115.330917362137185, 10.178086276919467 ], [ 115.334190372391717, 10.181512828738901 ], [ 115.336303714677285, 10.183338161380886 ], [ 115.336563114091732, 10.187704082401984 ], [ 115.330093387528763, 10.191422458561787 ], [ 115.318283084793364, 10.196095462712092 ], [ 115.313873294753805, 10.19612311926705 ], [ 115.311782840652, 10.196367259891968 ] ] ] } },
{ "type": "Feature", "properties": { "fid": 271, "FNODE_": 1718, "TNODE_": 1719, "LPOLY_": 1, "RPOLY_": 1, "LENGTH": 0.017, "BOU2_4M_": 1578, "BOU2_4M_ID": 137, "GBCODE": 26100 }, "geometry": { "type": "MultiLineString", "coordinates": [ [ [ 115.308578494946445, 10.171104427246789 ], [ 115.307449344556048, 10.175708766846995 ], [ 115.30491638557173, 10.180090900331269 ], [ 115.300086978833278, 10.184948917299408 ] ] ] } },
{ "type": "Feature", "properties": { "fid": 272, "FNODE_": 1720, "TNODE_": 1721, "LPOLY_": 1, "RPOLY_": 1, "LENGTH": 0.022, "BOU2_4M_": 1579, "BOU2_4M_ID": 94, "GBCODE": 26100 }, "geometry": { "type": "MultiLineString", "coordinates": [ [ [ 114.248352054384597, 10.167895313112743 ], [ 114.249282840517395, 10.166053768007606 ], [ 114.251129153994114, 10.165127750246313 ], [ 114.252983096865364, 10.163972850649058 ], [ 114.255531314639029, 10.16258620819298 ], [ 114.257156375674427, 10.162811275331761 ], [ 114.25832367303795, 10.163955684511675 ], [ 114.257400516299654, 10.165339465944909 ], [ 114.256019595889498, 10.167871471255268 ], [ 114.254173282412879, 10.170175548403908 ], [ 114.253242496280009, 10.171097751467963 ], [ 114.253242496280052, 10.171557422488529 ] ] ] } },
{ "type": "Feature", "properties": { "fid": 273, "FNODE_": 1722, "TNODE_": 1723, "LPOLY_": 1, "RPOLY_": 1, "LENGTH": 0.047, "BOU2_4M_": 1580, "BOU2_4M_ID": 133, "GBCODE": 26100 }, "geometry": { "type": "MultiLineString", "coordinates": [ [ [ 115.288253787913916, 10.185254093080065 ], [ 115.28822327033545, 10.180886264710338 ], [ 115.292121890940834, 10.174427028564667 ], [ 115.29440307990555, 10.169585224059762 ], [ 115.297157291331331, 10.165201183226843 ], [ 115.301322940745649, 10.162416454222804 ], [ 115.306663516918135, 10.162153240111694 ], [ 115.311080936352369, 10.16396426763904 ], [ 115.318771366041162, 10.168051715760138 ], [ 115.31877136604119, 10.168281551270455 ] ] ] } },
{ "type": "Feature", "properties": { "fid": 274, "FNODE_": 1724, "TNODE_": 1725, "LPOLY_": 1, "RPOLY_": 1, "LENGTH": 0.065, "BOU2_4M_": 1581, "BOU2_4M_ID": 147, "GBCODE": 26100 }, "geometry": { "type": "MultiLineString", "coordinates": [ [ [ 116.132682804118261, 10.12070560068952 ], [ 116.135261539470363, 10.123440738629421 ], [ 116.137367252361415, 10.125949855756366 ], [ 116.134872440349909, 10.131258960676325 ], [ 116.129356388103673, 10.137052532148859 ], [ 116.122428897868787, 10.140102382612726 ], [ 116.112426761637082, 10.138122554731028 ], [ 116.111442569741996, 10.132843967388986 ], [ 116.113487247476186, 10.12823009104574 ], [ 116.115066532143956, 10.123848911235699 ], [ 116.117599491128402, 10.121297832439202 ], [ 116.120841983804482, 10.120809551189289 ], [ 116.1250076332189, 10.11962318033977 ], [ 116.125022892008005, 10.119853015850103 ] ] ] } },
{ "type": "Feature", "properties": { "fid": 275, "FNODE_": 1726, "TNODE_": 1727, "LPOLY_": 1, "RPOLY_": 1, "LENGTH": 0.077, "BOU2_4M_": 1582, "BOU2_4M_ID": 61125, "GBCODE": 26080 }, "geometry": { "type": "MultiLineString", "coordinates": [ [ [ 117.357437137742053, 10.145927425414767 ], [ 117.365608219285321, 10.140479084044976 ], [ 117.376502994675761, 10.126858707457114 ], [ 117.379226688521712, 10.105066295650504 ], [ 117.379226688520234, 10.088721271539637 ], [ 117.376502994671341, 10.077825542473173 ] ] ] } },
{ "type": "Feature", "properties": { "fid": 276, "FNODE_": 1728, "TNODE_": 1729, "LPOLY_": 1, "RPOLY_": 1, "LENGTH": 0.075, "BOU2_4M_": 1583, "BOU2_4M_ID": 61126, "GBCODE": 26080 }, "geometry": { "type": "MultiLineString", "coordinates": [ [ [ 117.346542362344024, 10.075100894948951 ], [ 117.335647586952831, 10.080549236318477 ], [ 117.322021488319962, 10.094169612906178 ], [ 117.322021488321909, 10.115962024713051 ], [ 117.324752811566327, 10.137754436520098 ] ] ] } },
{ "type": "Feature", "properties": { "fid": 277, "FNODE_": 1730, "TNODE_": 1731, "LPOLY_": 1, "RPOLY_": 1, "LENGTH": 0.023, "BOU2_4M_": 1584, "BOU2_4M_ID": 91, "GBCODE": 26100 }, "geometry": { "type": "MultiLineString", "coordinates": [ [ [ 114.047302249660007, 10.027582164584054 ], [ 114.04313660024556, 10.029661174593871 ], [ 114.037567142237023, 10.029446597872356 ], [ 114.033859256494367, 10.03014564114615 ], [ 114.026176456200048, 10.025568004426381 ] ] ] } },
{ "type": "Feature", "properties": { "fid": 278, "FNODE_": 1732, "TNODE_": 1733, "LPOLY_": 1, "RPOLY_": 1, "LENGTH": 0.021, "BOU2_4M_": 1585, "BOU2_4M_ID": 90, "GBCODE": 26100 }, "geometry": { "type": "MultiLineString", "coordinates": [ [ [ 114.027549747215247, 10.017749782379468 ], [ 114.029861453758315, 10.014986034210281 ], [ 114.035430911766937, 10.01589107113697 ], [ 114.038909915673628, 10.015881534393992 ], [ 114.046806339014694, 10.018159862336672 ], [ 114.047042850245191, 10.018159862336631 ] ] ] } },
{ "type": "Feature", "properties": { "fid": 279, "FNODE_": 1734, "TNODE_": 1735, "LPOLY_": 1, "RPOLY_": 1, "LENGTH": 0.295, "BOU2_4M_": 1586, "BOU2_4M_ID": 132, "GBCODE": 26100 }, "geometry": { "type": "MultiLineString", "coordinates": [ [ [ 113.842681888301996, 9.991034503740394 ], [ 113.846000674924042, 9.997643466754202 ], [ 113.851600650511799, 10.012029643819446 ], [ 113.854202274048617, 10.029230113792693 ], [ 113.856101993288519, 10.04712009029671 ], [ 113.859497073856303, 10.059479709439257 ], [ 113.862503055302952, 10.071610446745739 ], [ 113.862602237432526, 10.080340381439342 ], [ 113.859001163213719, 10.08613013821485 ], [ 113.854599002568833, 10.088959689911801 ], [ 113.853996280401176, 10.094249721345609 ], [ 113.858703616828095, 10.100839610873182 ], [ 113.861602786750751, 10.105850215732394 ], [ 113.864601138801902, 10.105580325900997 ], [ 113.876403812143238, 10.104490276157801 ], [ 113.878402713510198, 10.098019595920196 ], [ 113.879798892708379, 10.081919666108472 ], [ 113.881896976203905, 10.070859905059713 ], [ 113.88220215198406, 10.055919643216786 ], [ 113.880798343388904, 10.039859767726233 ], [ 113.876800540652795, 10.024069782067086 ], [ 113.875000003542027, 10.008930202291944 ], [ 113.871101382935109, 9.996810909077212 ], [ 113.866699222289128, 9.984928127092864 ], [ 113.862503055295889, 9.978788371842814 ], [ 113.854499820431386, 9.97660922602911 ], [ 113.848800662715902, 9.978302951614912 ], [ 113.842796329219354, 9.982526775162501 ], [ 113.842407230098431, 9.985596652787502 ], [ 113.841690067012522, 9.987603183549473 ] ] ] } },
{ "type": "Feature", "properties": { "fid": 280, "FNODE_": 1736, "TNODE_": 1737, "LPOLY_": 1, "RPOLY_": 1, "LENGTH": 0.015, "BOU2_4M_": 1587, "BOU2_4M_ID": 75, "GBCODE": 26100 }, "geometry": { "type": "MultiLineString", "coordinates": [ [ [ 114.620353702365321, 9.963551517329059 ], [ 114.62545776730741, 9.964219089350905 ], [ 114.63033295041356, 9.965347286067681 ], [ 114.634063724339953, 9.967169757686737 ], [ 114.633598331273575, 9.967861171566197 ] ] ] } },
{ "type": "Feature", "properties": { "fid": 281, "FNODE_": 1738, "TNODE_": 1739, "LPOLY_": 1, "RPOLY_": 1, "LENGTH": 0.052, "BOU2_4M_": 1588, "BOU2_4M_ID": 78, "GBCODE": 26100 }, "geometry": { "type": "MultiLineString", "coordinates": [ [ [ 114.63667297727099, 9.979800220335045 ], [ 114.63157654172349, 9.980281825864628 ], [ 114.625541690648461, 9.97961806853997 ], [ 114.620193485081302, 9.978261943661558 ], [ 114.615081790744611, 9.976675029598532 ], [ 114.604629520235292, 9.974421497187995 ], [ 114.599510196503971, 9.971684451899264 ], [ 114.596458438690433, 9.963653560479569 ], [ 114.601547244843303, 9.962023731072874 ] ] ] } },
{ "type": "Feature", "properties": { "fid": 282, "FNODE_": 1740, "TNODE_": 1741, "LPOLY_": 1, "RPOLY_": 1, "LENGTH": 0.01, "BOU2_4M_": 1589, "BOU2_4M_ID": 74, "GBCODE": 26100 }, "geometry": { "type": "MultiLineString", "coordinates": [ [ [ 114.605491641816371, 9.961086269219971 ], [ 114.608970645723005, 9.960382457574562 ], [ 114.612693790254795, 9.961285587152547 ], [ 114.614540103731656, 9.962197299799197 ], [ 114.61454773312623, 9.962886806330062 ] ] ] } },
{ "type": "Feature", "properties": { "fid": 283, "FNODE_": 1742, "TNODE_": 1743, "LPOLY_": 1, "RPOLY_": 1, "LENGTH": 0.054, "BOU2_4M_": 1590, "BOU2_4M_ID": 77, "GBCODE": 26100 }, "geometry": { "type": "MultiLineString", "coordinates": [ [ [ 114.651626590552297, 9.956979747615522 ], [ 114.655616763893121, 9.963168140255757 ], [ 114.657508853737653, 9.970055576169907 ], [ 114.657997134988278, 9.977178569640113 ], [ 114.659896854227412, 9.984754558410772 ], [ 114.655532840555452, 9.990519519653962 ], [ 114.649002078835437, 9.984802242125975 ], [ 114.641792301002255, 9.981616969908332 ], [ 114.641563419166289, 9.981846805418598 ] ] ] } },
{ "type": "Feature", "properties": { "fid": 284, "FNODE_": 1744, "TNODE_": 1745, "LPOLY_": 1, "RPOLY_": 1, "LENGTH": 0.041, "BOU2_4M_": 1591, "BOU2_4M_ID": 79, "GBCODE": 26100 }, "geometry": { "type": "MultiLineString", "coordinates": [ [ [ 114.575561527066455, 9.960063930350985 ], [ 114.573913577847108, 9.95524406035511 ], [ 114.574119571499125, 9.951106067495697 ], [ 114.577590946011142, 9.949022289114252 ], [ 114.583610538296924, 9.947388645010385 ], [ 114.585487369352066, 9.950368877249614 ], [ 114.587593082243245, 9.954037662345492 ], [ 114.582283023649296, 9.959805484611525 ], [ 114.576950076871384, 9.960746761161673 ], [ 114.576721195035404, 9.960978504020574 ] ] ] } },
{ "type": "Feature", "properties": { "fid": 285, "FNODE_": 1746, "TNODE_": 1747, "LPOLY_": 1, "RPOLY_": 1, "LENGTH": 0.071, "BOU2_4M_": 1592, "BOU2_4M_ID": 80, "GBCODE": 26100 }, "geometry": { "type": "MultiLineString", "coordinates": [ [ [ 114.55538940792249, 9.949977870778154 ], [ 114.553916934777675, 9.948890682057247 ], [ 114.550209049034905, 9.947297092274104 ], [ 114.546241763877802, 9.942716594531557 ], [ 114.544357303427873, 9.93674850065859 ], [ 114.548973087119421, 9.931443210435972 ], [ 114.557319644737646, 9.931179042650799 ], [ 114.564292911340289, 9.933448787524496 ], [ 114.568939212610601, 9.936187740161872 ], [ 114.571517947962846, 9.940773006275917 ], [ 114.571311954310858, 9.945601459340526 ], [ 114.568527225306767, 9.947681423024703 ], [ 114.563209537317903, 9.948852535085106 ], [ 114.557899478723627, 9.950660701588957 ] ] ] } },
{ "type": "Feature", "properties": { "fid": 286, "FNODE_": 1748, "TNODE_": 1749, "LPOLY_": 1, "RPOLY_": 1, "LENGTH": 0.066, "BOU2_4M_": 1593, "BOU2_4M_ID": 76, "GBCODE": 26100 }, "geometry": { "type": "MultiLineString", "coordinates": [ [ [ 114.636573795140436, 9.959115024409432 ], [ 114.635391238987708, 9.956361766657533 ], [ 114.631668094455762, 9.953159328302418 ], [ 114.629783634005889, 9.948111530144892 ], [ 114.627670291720065, 9.943064685661714 ], [ 114.627616885957693, 9.934789653617113 ], [ 114.628532413301187, 9.929959293203881 ], [ 114.631073001680164, 9.927189822988865 ], [ 114.637573245821798, 9.929920192557493 ], [ 114.641082767307111, 9.935649867851389 ], [ 114.64341736203427, 9.939547534783189 ], [ 114.646926883519413, 9.943899150689727 ], [ 114.648117069066942, 9.950099941095868 ], [ 114.648117069066942, 9.950329776606178 ] ] ] } },
{ "type": "Feature", "properties": { "fid": 287, "FNODE_": 1750, "TNODE_": 1751, "LPOLY_": 1, "RPOLY_": 1, "LENGTH": 0.018, "BOU2_4M_": 1594, "BOU2_4M_ID": 63, "GBCODE": 26100 }, "geometry": { "type": "MultiLineString", "coordinates": [ [ [ 115.523071292801319, 9.906496044046033 ], [ 115.518882755203038, 9.904915805703276 ], [ 115.515640262526901, 9.905168529396965 ], [ 115.512390140456176, 9.904500957375232 ], [ 115.510757450026205, 9.903823848610385 ], [ 115.505661014478832, 9.904318805580356 ], [ 115.505661014478832, 9.904548641090608 ] ] ] } },
{ "type": "Feature", "properties": { "fid": 288, "FNODE_": 1752, "TNODE_": 1753, "LPOLY_": 1, "RPOLY_": 1, "LENGTH": 0.024, "BOU2_4M_": 1595, "BOU2_4M_ID": 62, "GBCODE": 26100 }, "geometry": { "type": "MultiLineString", "coordinates": [ [ [ 115.553657535480241, 9.902141567118553 ], [ 115.541847232744715, 9.904294010050259 ], [ 115.54091644661186, 9.904990192301307 ], [ 115.537689212724871, 9.906392093546399 ], [ 115.5314102210248, 9.905057903177173 ], [ 115.530723575516916, 9.905061717874386 ] ] ] } },
{ "type": "Feature", "properties": { "fid": 289, "FNODE_": 1754, "TNODE_": 1755, "LPOLY_": 1, "RPOLY_": 1, "LENGTH": 0.058, "BOU2_4M_": 1596, "BOU2_4M_ID": 81, "GBCODE": 26100 }, "geometry": { "type": "MultiLineString", "coordinates": [ [ [ 114.499946597854318, 9.917389865704767 ], [ 114.499473575392969, 9.912795062847755 ], [ 114.500839237013935, 9.908882137127033 ], [ 114.502693179885014, 9.90588759977325 ], [ 114.505676273146733, 9.901277538127268 ], [ 114.509376529494745, 9.899424548930456 ], [ 114.514488223831421, 9.900783534831785 ], [ 114.517059329789092, 9.90491008359961 ], [ 114.517547611039504, 9.909276004620722 ], [ 114.517349246782231, 9.916400905439531 ], [ 114.515052799028297, 9.919857974836834 ], [ 114.510650638383382, 9.921943660566843 ], [ 114.506011966507799, 9.921962734052936 ], [ 114.505783084671847, 9.922193523237533 ] ] ] } },
{ "type": "Feature", "properties": { "fid": 290, "FNODE_": 1756, "TNODE_": 1757, "LPOLY_": 1, "RPOLY_": 1, "LENGTH": 0.019, "BOU2_4M_": 1597, "BOU2_4M_ID": 49, "GBCODE": 26100 }, "geometry": { "type": "MultiLineString", "coordinates": [ [ [ 115.50672912971234, 9.892588611487122 ], [ 115.510910037916034, 9.893478389624601 ], [ 115.514633182447781, 9.894372936133793 ], [ 115.520683292311901, 9.896168704872185 ], [ 115.524856571121092, 9.897289272194371 ] ] ] } },
{ "type": "Feature", "properties": { "fid": 291, "FNODE_": 1758, "TNODE_": 1759, "LPOLY_": 1, "RPOLY_": 1, "LENGTH": 0.017, "BOU2_4M_": 1598, "BOU2_4M_ID": 50, "GBCODE": 26100 }, "geometry": { "type": "MultiLineString", "coordinates": [ [ [ 115.532028201981092, 9.895170207863481 ], [ 115.535957340165069, 9.894452091103329 ], [ 115.538276676102782, 9.893976207619557 ], [ 115.541976932450808, 9.893030162697741 ], [ 115.5461502112598, 9.891851421242748 ], [ 115.547767642900524, 9.890921588784265 ], [ 115.547782901689615, 9.891150470620204 ] ] ] } },
{ "type": "Feature", "properties": { "fid": 292, "FNODE_": 1760, "TNODE_": 1761, "LPOLY_": 1, "RPOLY_": 1, "LENGTH": 0.017, "BOU2_4M_": 1599, "BOU2_4M_ID": 61, "GBCODE": 26100 }, "geometry": { "type": "MultiLineString", "coordinates": [ [ [ 115.572113040852315, 9.888219829446966 ], [ 115.56936645882125, 9.893984790690217 ], [ 115.566139224934361, 9.896536823161037 ], [ 115.561973575519929, 9.897945400126329 ], [ 115.560127262043267, 9.899106975443745 ], [ 115.56036377327375, 9.899106021769484 ] ] ] } },
{ "type": "Feature", "properties": { "fid": 293, "FNODE_": 1762, "TNODE_": 1763, "LPOLY_": 1, "RPOLY_": 1, "LENGTH": 0.079, "BOU2_4M_": 1600, "BOU2_4M_ID": 82, "GBCODE": 26100 }, "geometry": { "type": "MultiLineString", "coordinates": [ [ [ 114.48668671015669, 9.909167285746877 ], [ 114.483909610546917, 9.908488269633372 ], [ 114.479026798046149, 9.90689849454742 ], [ 114.475059512889032, 9.902087207620268 ], [ 114.473876956736035, 9.895656581703896 ], [ 114.472450259958009, 9.889226909461701 ], [ 114.475891116891361, 9.880709644140936 ], [ 114.483757022653947, 9.879069324316967 ], [ 114.48679352167801, 9.882045741859002 ], [ 114.489837650096746, 9.887089725319308 ], [ 114.491256717480326, 9.894439693276963 ], [ 114.490821841992329, 9.898578639810628 ], [ 114.489242557324914, 9.90823745328842 ], [ 114.488563541211732, 9.910768504924443 ] ] ] } },
{ "type": "Feature", "properties": { "fid": 294, "FNODE_": 1764, "TNODE_": 1765, "LPOLY_": 1, "RPOLY_": 1, "LENGTH": 0.026, "BOU2_4M_": 1601, "BOU2_4M_ID": 56, "GBCODE": 26100 }, "geometry": { "type": "MultiLineString", "coordinates": [ [ [ 115.498207096020749, 9.901842113379837 ], [ 115.496559146801374, 9.897026058081289 ], [ 115.493980411449257, 9.893826480749238 ], [ 115.491622928538348, 9.888096805455351 ], [ 115.489952091135393, 9.883051868320887 ], [ 115.489692691720848, 9.877535816074021 ], [ 115.489677432931771, 9.87730693423806 ] ] ] } },
{ "type": "Feature", "properties": { "fid": 295, "FNODE_": 1766, "TNODE_": 1766, "LPOLY_": 872, "RPOLY_": 1, "LENGTH": 0.022, "BOU2_4M_": 1602, "BOU2_4M_ID": 26010, "GBCODE": 26010 }, "geometry": { "type": "MultiLineString", "coordinates": [ [ [ 114.55261993770209, 9.884310718364468 ], [ 114.550521854205627, 9.882780071086286 ], [ 114.550109866900712, 9.880602832621632 ], [ 114.55197143916628, 9.876852031534826 ], [ 114.552886966510087, 9.876279826944943 ], [ 114.554763797565045, 9.876578327006122 ], [ 114.556022647662999, 9.87838363248744 ], [ 114.555946353717928, 9.881669040507871 ], [ 114.554023746295996, 9.883787151164784 ], [ 114.55261993770209, 9.884310718364468 ] ] ] } },
{ "type": "Feature", "properties": { "fid": 296, "FNODE_": 1767, "TNODE_": 1768, "LPOLY_": 1, "RPOLY_": 1, "LENGTH": 0.012, "BOU2_4M_": 1603, "BOU2_4M_ID": 55, "GBCODE": 26100 }, "geometry": { "type": "MultiLineString", "coordinates": [ [ [ 115.502876285472226, 9.87606620395303 ], [ 115.502677921214655, 9.878826137425026 ], [ 115.502937320629002, 9.882271762730676 ], [ 115.504127506176346, 9.885940547826428 ], [ 115.503906253735096, 9.888010974767601 ] ] ] } },
{ "type": "Feature", "properties": { "fid": 297, "FNODE_": 1769, "TNODE_": 1770, "LPOLY_": 1, "RPOLY_": 1, "LENGTH": 0.043, "BOU2_4M_": 1604, "BOU2_4M_ID": 85, "GBCODE": 26100 }, "geometry": { "type": "MultiLineString", "coordinates": [ [ [ 114.325592044606623, 9.880567546659377 ], [ 114.329978946462276, 9.875725742154561 ], [ 114.334617618337802, 9.875020023160621 ], [ 114.338790897146993, 9.875925060087239 ], [ 114.340888980643527, 9.877985950285405 ], [ 114.341377261894067, 9.884189601714436 ], [ 114.33930206658151, 9.886725421722007 ], [ 114.336303714530544, 9.88926505642676 ], [ 114.330970767752561, 9.889972682769317 ], [ 114.328193668142859, 9.890212055022626 ], [ 114.326789859548782, 9.888378139311845 ], [ 114.326789859548796, 9.888607974822138 ] ] ] } },
{ "type": "Feature", "properties": { "fid": 298, "FNODE_": 1771, "TNODE_": 1772, "LPOLY_": 1, "RPOLY_": 1, "LENGTH": 0.088, "BOU2_4M_": 1605, "BOU2_4M_ID": 83, "GBCODE": 26100 }, "geometry": { "type": "MultiLineString", "coordinates": [ [ [ 114.432083133487765, 9.885702129185539 ], [ 114.432739261416984, 9.878575321018133 ], [ 114.438507083682936, 9.873497005282918 ], [ 114.441993716984058, 9.872104640780986 ], [ 114.448471072941757, 9.870240207492509 ], [ 114.456817630559968, 9.869750018894289 ], [ 114.46099853876369, 9.870653148472249 ], [ 114.464027408393179, 9.873168941319436 ], [ 114.465446475776659, 9.879369731725609 ], [ 114.461067203315679, 9.885822292151044 ], [ 114.455276492865963, 9.888832088293691 ], [ 114.449028018744173, 9.890005107702677 ], [ 114.443237308294357, 9.891866679968256 ], [ 114.438133243352326, 9.892114635290234 ], [ 114.435340884953376, 9.890057559789328 ], [ 114.4339370763592, 9.887074466527134 ], [ 114.433006290226317, 9.887307163060331 ] ] ] } },
{ "type": "Feature", "properties": { "fid": 299, "FNODE_": 1773, "TNODE_": 1774, "LPOLY_": 1, "RPOLY_": 1, "LENGTH": 0.054, "BOU2_4M_": 1606, "BOU2_4M_ID": 73, "GBCODE": 26100 }, "geometry": { "type": "MultiLineString", "coordinates": [ [ [ 114.576766971396054, 9.87823390562092 ], [ 114.576751712606693, 9.874556537456296 ], [ 114.580909732626509, 9.871320720500529 ], [ 114.585769656943356, 9.869233127421943 ], [ 114.590637210655018, 9.870591159649003 ], [ 114.595092777062234, 9.876089092084015 ], [ 114.596733096886979, 9.879988666364465 ], [ 114.591880801964933, 9.885755534956211 ], [ 114.585868839073768, 9.888308521101239 ], [ 114.579360965537617, 9.88603877622751 ], [ 114.577728275107631, 9.884666438885972 ], [ 114.577728275107603, 9.884436603375645 ] ] ] } },
{ "type": "Feature", "properties": { "fid": 300, "FNODE_": 1775, "TNODE_": 1776, "LPOLY_": 1, "RPOLY_": 1, "LENGTH": 0.078, "BOU2_4M_": 1607, "BOU2_4M_ID": 72, "GBCODE": 26100 }, "geometry": { "type": "MultiLineString", "coordinates": [ [ [ 114.538322452349135, 9.889194484538642 ], [ 114.537139896196265, 9.884373660868485 ], [ 114.542877200883623, 9.873546596353222 ], [ 114.546806339067544, 9.871232982461537 ], [ 114.553527835650172, 9.868447299783293 ], [ 114.559333804889249, 9.86934279996685 ], [ 114.562362674518724, 9.871628757303764 ], [ 114.563552860066139, 9.876679416484208 ], [ 114.561950687214917, 9.883352275676851 ], [ 114.556877139851508, 9.889808650799516 ], [ 114.550422672077673, 9.894892688580621 ], [ 114.544837955280016, 9.89399623472274 ], [ 114.540420535845627, 9.891025539226497 ] ] ] } },
{ "type": "Feature", "properties": { "fid": 301, "FNODE_": 1777, "TNODE_": 1777, "LPOLY_": 1, "RPOLY_": 873, "LENGTH": 0.025, "BOU2_4M_": 1608, "BOU2_4M_ID": 26010, "GBCODE": 26010 }, "geometry": { "type": "MultiLineString", "coordinates": [ [ [ 114.323196414722773, 9.871325488857728 ], [ 114.327331546559336, 9.872761722378604 ], [ 114.330871585622177, 9.871170039944515 ], [ 114.331703189626012, 9.868679996304149 ], [ 114.331810001149307, 9.866838451198916 ], [ 114.3275070226331, 9.866575237087337 ], [ 114.324180606617119, 9.867376323513014 ], [ 114.323196414722773, 9.871325488857728 ] ] ] } },
{ "type": "Feature", "properties": { "fid": 302, "FNODE_": 1778, "TNODE_": 1779, "LPOLY_": 1, "RPOLY_": 1, "LENGTH": 0.029, "BOU2_4M_": 1609, "BOU2_4M_ID": 51, "GBCODE": 26100 }, "geometry": { "type": "MultiLineString", "coordinates": [ [ [ 115.553092960283863, 9.889964099770774 ], [ 115.556999210283934, 9.885338779335843 ], [ 115.559761051104317, 9.88256072605194 ], [ 115.560661319658806, 9.878877635841599 ], [ 115.56038666145524, 9.873822208289646 ], [ 115.559196475907882, 9.869693752173312 ], [ 115.556838992997086, 9.86511420810519 ], [ 115.556610111161149, 9.865574832800084 ] ] ] } },
{ "type": "Feature", "properties": { "fid": 303, "FNODE_": 1780, "TNODE_": 1781, "LPOLY_": 1, "RPOLY_": 1, "LENGTH": 0.062, "BOU2_4M_": 1610, "BOU2_4M_ID": 84, "GBCODE": 26100 }, "geometry": { "type": "MultiLineString", "coordinates": [ [ [ 114.377326968929879, 9.883818622407368 ], [ 114.373153690120574, 9.881549831208096 ], [ 114.36872864129171, 9.879267688568373 ], [ 114.367767337580133, 9.872605319792976 ], [ 114.370758060236184, 9.865469928556859 ], [ 114.376998904963258, 9.861770625883373 ], [ 114.381401065608301, 9.861064906889405 ], [ 114.384216312191185, 9.867490764434312 ], [ 114.385627750179992, 9.871852870758271 ], [ 114.384948734066995, 9.876221652802265 ], [ 114.380119327328714, 9.884513850984247 ], [ 114.380348209164694, 9.88474273282025 ] ] ] } },
{ "type": "Feature", "properties": { "fid": 304, "FNODE_": 1782, "TNODE_": 1783, "LPOLY_": 1, "RPOLY_": 1, "LENGTH": 0.024, "BOU2_4M_": 1611, "BOU2_4M_ID": 60, "GBCODE": 26100 }, "geometry": { "type": "MultiLineString", "coordinates": [ [ [ 115.566070560380496, 9.859761234167083 ], [ 115.570533756182272, 9.86570453250796 ], [ 115.570793155596718, 9.8696107825085 ], [ 115.571746829913508, 9.873281474952858 ], [ 115.572250369953011, 9.877644534950976 ], [ 115.571350101398536, 9.881558414345971 ] ] ] } },
{ "type": "Feature", "properties": { "fid": 305, "FNODE_": 1784, "TNODE_": 1785, "LPOLY_": 1, "RPOLY_": 1, "LENGTH": 0.018, "BOU2_4M_": 1612, "BOU2_4M_ID": 52, "GBCODE": 26100 }, "geometry": { "type": "MultiLineString", "coordinates": [ [ [ 115.554023746414416, 9.861455913426864 ], [ 115.550308231277171, 9.860332485081758 ], [ 115.543579105299841, 9.860381122471512 ], [ 115.539390567701531, 9.858112331272256 ], [ 115.536842349927852, 9.858819957614969 ] ] ] } },
{ "type": "Feature", "properties": { "fid": 306, "FNODE_": 1786, "TNODE_": 1787, "LPOLY_": 1, "RPOLY_": 1, "LENGTH": 0.013, "BOU2_4M_": 1613, "BOU2_4M_ID": 53, "GBCODE": 26100 }, "geometry": { "type": "MultiLineString", "coordinates": [ [ [ 115.530578617016957, 9.858633991122829 ], [ 115.526168826977369, 9.858435626864734 ], [ 115.52409363166467, 9.858679767489649 ], [ 115.519912723461005, 9.85801982486238 ], [ 115.517822269359215, 9.858493800997525 ], [ 115.517822269359243, 9.858723636507845 ] ] ] } },
{ "type": "Feature", "properties": { "fid": 307, "FNODE_": 1788, "TNODE_": 1789, "LPOLY_": 1, "RPOLY_": 1, "LENGTH": 0.043, "BOU2_4M_": 1614, "BOU2_4M_ID": 71, "GBCODE": 26100 }, "geometry": { "type": "MultiLineString", "coordinates": [ [ [ 114.518493655957911, 9.8639926870488 ], [ 114.52217865351669, 9.860300060095385 ], [ 114.526107791700596, 9.857756610693437 ], [ 114.531211856642599, 9.857505794348452 ], [ 114.533996585646904, 9.858183856787702 ], [ 114.536323550979404, 9.860242839637213 ], [ 114.537033084671094, 9.862768169227435 ], [ 114.530822757522543, 9.87106799680388 ], [ 114.527107242385497, 9.872921939675001 ], [ 114.522010806838054, 9.873861308876453 ] ] ] } },
{ "type": "Feature", "properties": { "fid": 308, "FNODE_": 1790, "TNODE_": 1791, "LPOLY_": 1, "RPOLY_": 1, "LENGTH": 0.054, "BOU2_4M_": 1615, "BOU2_4M_ID": 86, "GBCODE": 26100 }, "geometry": { "type": "MultiLineString", "coordinates": [ [ [ 114.321166995777574, 9.876214977078469 ], [ 114.31677246452719, 9.878528590970102 ], [ 114.310516361010869, 9.879929538540825 ], [ 114.30771637321736, 9.87763976650661 ], [ 114.306297305833965, 9.872358318141579 ], [ 114.305122379075598, 9.867075916102248 ], [ 114.306053165208326, 9.86454486446619 ], [ 114.310661319505456, 9.860391612817967 ], [ 114.31297302604861, 9.858774181177235 ], [ 114.316223148119221, 9.857384677698223 ], [ 114.320159915697815, 9.857141490747745 ], [ 114.322021487963767, 9.85782432155848 ], [ 114.324806216968142, 9.859654422572056 ], [ 114.326896671070145, 9.861716266444516 ], [ 114.327140811695202, 9.862174983790824 ] ] ] } },
{ "type": "Feature", "properties": { "fid": 309, "FNODE_": 1792, "TNODE_": 1793, "LPOLY_": 1, "RPOLY_": 1, "LENGTH": 0.018, "BOU2_4M_": 1616, "BOU2_4M_ID": 54, "GBCODE": 26100 }, "geometry": { "type": "MultiLineString", "coordinates": [ [ [ 115.510849002756657, 9.856243129610158 ], [ 115.50971985236626, 9.860158916353699 ], [ 115.507431034006927, 9.864083286166153 ], [ 115.504669193186544, 9.866859432101316 ], [ 115.503067020334996, 9.869628902316435 ], [ 115.501693729319399, 9.871706958652085 ], [ 115.501693729319427, 9.871936794162401 ] ] ] } },
{ "type": "Feature", "properties": { "fid": 310, "FNODE_": 1794, "TNODE_": 1795, "LPOLY_": 1, "RPOLY_": 1, "LENGTH": 0.017, "BOU2_4M_": 1617, "BOU2_4M_ID": 57, "GBCODE": 26100 }, "geometry": { "type": "MultiLineString", "coordinates": [ [ [ 115.488220218575435, 9.869272228121178 ], [ 115.488891605294043, 9.866050716280027 ], [ 115.491653446114327, 9.862353320954982 ], [ 115.494628909981543, 9.858425136445391 ], [ 115.497627262032466, 9.855876918671777 ], [ 115.497627262032495, 9.856105800507761 ] ] ] } },
{ "type": "Feature", "properties": { "fid": 311, "FNODE_": 1796, "TNODE_": 1797, "LPOLY_": 1, "RPOLY_": 1, "LENGTH": 0.042, "BOU2_4M_": 1618, "BOU2_4M_ID": 87, "GBCODE": 26100 }, "geometry": { "type": "MultiLineString", "coordinates": [ [ [ 114.298637393723268, 9.868016238977981 ], [ 114.29517364860574, 9.869407649805597 ], [ 114.290290836105058, 9.868733402063549 ], [ 114.285179141768353, 9.867141719628945 ], [ 114.283546451338253, 9.864620204735935 ], [ 114.281196597821932, 9.859570499229791 ], [ 114.281883243329531, 9.855661388206318 ], [ 114.285583499677429, 9.852890964316991 ], [ 114.290451053388963, 9.852415080833341 ], [ 114.295562747725754, 9.854926105309069 ], [ 114.295097354659305, 9.855157848167936 ] ] ] } },
{ "type": "Feature", "properties": { "fid": 312, "FNODE_": 1798, "TNODE_": 1799, "LPOLY_": 1, "RPOLY_": 1, "LENGTH": 0.031, "BOU2_4M_": 1619, "BOU2_4M_ID": 59, "GBCODE": 26100 }, "geometry": { "type": "MultiLineString", "coordinates": [ [ [ 115.53492737189967, 9.851247783541606 ], [ 115.539772037427269, 9.847765918612227 ], [ 115.545112613599855, 9.848877902865651 ], [ 115.550453189772398, 9.849529262424118 ], [ 115.556953433913861, 9.850862499119044 ], [ 115.562103275223436, 9.855422969700971 ], [ 115.561637882157044, 9.856115337254773 ] ] ] } },
{ "type": "Feature", "properties": { "fid": 313, "FNODE_": 1800, "TNODE_": 1801, "LPOLY_": 1, "RPOLY_": 1, "LENGTH": 0.023, "BOU2_4M_": 1620, "BOU2_4M_ID": 58, "GBCODE": 26100 }, "geometry": { "type": "MultiLineString", "coordinates": [ [ [ 115.504547122872722, 9.851230617402054 ], [ 115.512649539865677, 9.849336620209966 ], [ 115.515892032541785, 9.848623271821369 ], [ 115.520057681956231, 9.84767436587671 ], [ 115.524467471995834, 9.84810351931935 ], [ 115.526100162425848, 9.849700923799679 ] ] ] } },
{ "type": "Feature", "properties": { "fid": 314, "FNODE_": 1802, "TNODE_": 1803, "LPOLY_": 1, "RPOLY_": 1, "LENGTH": 0.039, "BOU2_4M_": 1621, "BOU2_4M_ID": 88, "GBCODE": 26100 }, "geometry": { "type": "MultiLineString", "coordinates": [ [ [ 114.272163394695681, 9.858450885581668 ], [ 114.267036441569871, 9.856398578452209 ], [ 114.264488223795965, 9.854798312948905 ], [ 114.263076785807328, 9.852504726217592 ], [ 114.263999942545368, 9.847905154988943 ], [ 114.266082767252485, 9.845140453145483 ], [ 114.26954651237007, 9.845129009053892 ], [ 114.27442932487088, 9.847181316183304 ], [ 114.276062015300866, 9.848324771688922 ], [ 114.275382999187926, 9.853843684958663 ], [ 114.273307803875369, 9.856608386802217 ] ] ] } },
{ "type": "Feature", "properties": { "fid": 315, "FNODE_": 1804, "TNODE_": 1805, "LPOLY_": 1, "RPOLY_": 1, "LENGTH": 0.071, "BOU2_4M_": 1622, "BOU2_4M_ID": 70, "GBCODE": 26100 }, "geometry": { "type": "MultiLineString", "coordinates": [ [ [ 114.488601688179529, 9.848836894808725 ], [ 114.48661041620619, 9.843431468782576 ], [ 114.485206607611971, 9.839759822663826 ], [ 114.48842621210423, 9.835610385712791 ], [ 114.493736270698179, 9.829613681610722 ], [ 114.498596195015054, 9.827985759552686 ], [ 114.502777103218747, 9.828199382599841 ], [ 114.506500247750694, 9.831172939118977 ], [ 114.50930023554433, 9.835067745027809 ], [ 114.509086612497853, 9.840585704623273 ], [ 114.507263187204956, 9.844500537692545 ], [ 114.50148010614987, 9.848660465060949 ], [ 114.494758609567043, 9.849146838961987 ], [ 114.489433292183676, 9.850775714694333 ] ] ] } },
{ "type": "Feature", "properties": { "fid": 316, "FNODE_": 1806, "TNODE_": 1807, "LPOLY_": 1, "RPOLY_": 1, "LENGTH": 0.062, "BOU2_4M_": 1623, "BOU2_4M_ID": 89, "GBCODE": 26100 }, "geometry": { "type": "MultiLineString", "coordinates": [ [ [ 114.263687137368862, 9.838875766559999 ], [ 114.261177066567669, 9.838030811115454 ], [ 114.25746155143041, 9.837122913165905 ], [ 114.254432681800736, 9.832076068682657 ], [ 114.251617435217895, 9.826338763994192 ], [ 114.255287173987227, 9.818053241532372 ], [ 114.263183597328023, 9.817108150285103 ], [ 114.268516544106262, 9.819389339250563 ], [ 114.269462589028464, 9.82237433986133 ], [ 114.268569949868962, 9.832031245990526 ], [ 114.26648712516203, 9.836937900348975 ], [ 114.265350345376902, 9.839165683552368 ] ] ] } },
{ "type": "Feature", "properties": { "fid": 317, "FNODE_": 1808, "TNODE_": 1809, "LPOLY_": 1, "RPOLY_": 1, "LENGTH": 0.045, "BOU2_4M_": 1624, "BOU2_4M_ID": 69, "GBCODE": 26100 }, "geometry": { "type": "MultiLineString", "coordinates": [ [ [ 114.471687320500081, 9.829516406829184 ], [ 114.470069888859072, 9.827177997404975 ], [ 114.468193057803703, 9.821668620878235 ], [ 114.471420291690549, 9.817977901273457 ], [ 114.476280216007339, 9.815201755338299 ], [ 114.47836304071464, 9.81519412594386 ], [ 114.481620792180053, 9.817249294096166 ], [ 114.483963016301701, 9.820458408171477 ], [ 114.483520511419272, 9.826206203277154 ], [ 114.480049136907269, 9.828288074309976 ], [ 114.478012088567255, 9.829086299712781 ], [ 114.474716190129456, 9.830607410247486 ] ] ] } },
{ "type": "Feature", "properties": { "fid": 318, "FNODE_": 1810, "TNODE_": 1811, "LPOLY_": 1, "RPOLY_": 1, "LENGTH": 0.061, "BOU2_4M_": 1625, "BOU2_4M_ID": 68, "GBCODE": 26100 }, "geometry": { "type": "MultiLineString", "coordinates": [ [ [ 114.445663455749553, 9.815089221767272 ], [ 114.444023135924667, 9.809119220545632 ], [ 114.445381168150931, 9.80336856441706 ], [ 114.448143008971286, 9.799449916650548 ], [ 114.452537540221655, 9.79690551357424 ], [ 114.456489566589454, 9.798499103357441 ], [ 114.459976199890832, 9.800324435999515 ], [ 114.463020328309753, 9.807437892726655 ], [ 114.463508609560208, 9.812492366604308 ], [ 114.461196903017182, 9.815718646816974 ], [ 114.455879215028347, 9.8168897588774 ], [ 114.452163699891102, 9.816443439297055 ], [ 114.449760440613517, 9.817125316433222 ], [ 114.446929935242053, 9.816843982509704 ] ] ] } },
{ "type": "Feature", "properties": { "fid": 319, "FNODE_": 1812, "TNODE_": 1813, "LPOLY_": 1, "RPOLY_": 1, "LENGTH": 0.049, "BOU2_4M_": 1626, "BOU2_4M_ID": 34, "GBCODE": 26100 }, "geometry": { "type": "MultiLineString", "coordinates": [ [ [ 116.475143436452143, 9.807658191613829 ], [ 116.477622989674515, 9.801197048119551 ], [ 116.472473148364955, 9.796191211631804 ], [ 116.465301517504969, 9.798100467613017 ], [ 116.463272098559941, 9.803637500694593 ], [ 116.461730960865083, 9.811008449486922 ], [ 116.464088443775807, 9.814432140283431 ], [ 116.468727115651419, 9.815765376978183 ], [ 116.472190860768748, 9.812973972253989 ], [ 116.47242737199926, 9.813660617761872 ] ] ] } },
{ "type": "Feature", "properties": { "fid": 320, "FNODE_": 1814, "TNODE_": 1815, "LPOLY_": 1, "RPOLY_": 1, "LENGTH": 0.069, "BOU2_4M_": 1627, "BOU2_4M_ID": 35, "GBCODE": 26100 }, "geometry": { "type": "MultiLineString", "coordinates": [ [ [ 116.428649906172907, 9.796850200581781 ], [ 116.430419925703688, 9.789248462604881 ], [ 116.429626468671586, 9.780521388934327 ], [ 116.429351810468063, 9.776157375261896 ], [ 116.427230838787835, 9.772270198747576 ], [ 116.424667362225023, 9.771835323259138 ], [ 116.422561649333986, 9.769787784501396 ], [ 116.414962772380491, 9.774687763139186 ], [ 116.416442874920477, 9.783178325579316 ], [ 116.416061405194483, 9.790537830279884 ], [ 116.414718631757282, 9.795607562946437 ], [ 116.418266300215279, 9.802239414143763 ] ] ] } },
{ "type": "Feature", "properties": { "fid": 321, "FNODE_": 1816, "TNODE_": 1817, "LPOLY_": 1, "RPOLY_": 1, "LENGTH": 0.039, "BOU2_4M_": 1628, "BOU2_4M_ID": 67, "GBCODE": 26100 }, "geometry": { "type": "MultiLineString", "coordinates": [ [ [ 114.389793399586267, 9.76587867335666 ], [ 114.391647342457716, 9.767480846208558 ], [ 114.393989566579435, 9.771610255999269 ], [ 114.395629886404137, 9.775051112933408 ], [ 114.392173770681424, 9.780120845599916 ], [ 114.388717654958683, 9.784500118061228 ], [ 114.383613590016424, 9.781991000934154 ], [ 114.379882816089818, 9.777406688494358 ], [ 114.381011966480244, 9.773035999101722 ], [ 114.380783084644293, 9.773266788286369 ] ] ] } },
{ "type": "Feature", "properties": { "fid": 322, "FNODE_": 1818, "TNODE_": 1819, "LPOLY_": 1, "RPOLY_": 1, "LENGTH": 0.01, "BOU2_4M_": 1629, "BOU2_4M_ID": 33, "GBCODE": 26100 }, "geometry": { "type": "MultiLineString", "coordinates": [ [ [ 116.53006744768436, 9.762059207847088 ], [ 116.534690860770638, 9.76063346474419 ], [ 116.538352970145638, 9.756459232261006 ] ] ] } },
{ "type": "Feature", "properties": { "fid": 323, "FNODE_": 1820, "TNODE_": 1821, "LPOLY_": 1, "RPOLY_": 1, "LENGTH": 0.014, "BOU2_4M_": 1630, "BOU2_4M_ID": 32, "GBCODE": 26100 }, "geometry": { "type": "MultiLineString", "coordinates": [ [ [ 116.52558899309345, 9.75543784706721 ], [ 116.527862552663635, 9.751277919698737 ], [ 116.532707218191291, 9.748930927206038 ], [ 116.53572845842605, 9.749819751669222 ], [ 116.535957340262044, 9.750047679830907 ] ] ] } },
{ "type": "Feature", "properties": { "fid": 324, "FNODE_": 1822, "TNODE_": 1823, "LPOLY_": 1, "RPOLY_": 1, "LENGTH": 0.054, "BOU2_4M_": 1631, "BOU2_4M_ID": 66, "GBCODE": 26100 }, "geometry": { "type": "MultiLineString", "coordinates": [ [ [ 114.343856815107316, 9.760066028394837 ], [ 114.340599063641847, 9.757318492688688 ], [ 114.34034729362196, 9.753412242688199 ], [ 114.340332034832556, 9.748816486156809 ], [ 114.341476444012088, 9.74513434962075 ], [ 114.345863345867812, 9.741440768993062 ], [ 114.351440433271051, 9.743721004284225 ], [ 114.354240421064773, 9.748767848767432 ], [ 114.355186465987217, 9.754739757337614 ], [ 114.352668765792018, 9.759805675306895 ], [ 114.348503116377586, 9.761888500013942 ], [ 114.345489505537316, 9.761439319410741 ] ] ] } },
{ "type": "Feature", "properties": { "fid": 325, "FNODE_": 1824, "TNODE_": 1825, "LPOLY_": 1, "RPOLY_": 1, "LENGTH": 0.038, "BOU2_4M_": 1632, "BOU2_4M_ID": 31, "GBCODE": 26100 }, "geometry": { "type": "MultiLineString", "coordinates": [ [ [ 116.562652591729858, 9.752534862450089 ], [ 116.563552860284389, 9.749768253257923 ], [ 116.560951236748551, 9.745197292258643 ], [ 116.557662967704871, 9.74086379616414 ], [ 116.555091861747457, 9.73951053230887 ], [ 116.551856998466022, 9.741151805807382 ], [ 116.550987247489886, 9.746908183981889 ], [ 116.55079651262686, 9.750356670310406 ], [ 116.553619388604019, 9.753545757225007 ], [ 116.558250431084858, 9.752579685142692 ] ] ] } },
{ "type": "Feature", "properties": { "fid": 326, "FNODE_": 1826, "TNODE_": 1827, "LPOLY_": 1, "RPOLY_": 1, "LENGTH": 0.056, "BOU2_4M_": 1633, "BOU2_4M_ID": 64, "GBCODE": 26100 }, "geometry": { "type": "MultiLineString", "coordinates": [ [ [ 114.243637088530789, 9.744770046026334 ], [ 114.240600589506542, 9.739263530522516 ], [ 114.242416385404638, 9.731903072147615 ], [ 114.247512820951911, 9.7286691625405 ], [ 114.251449588530363, 9.726587291507713 ], [ 114.257476810210989, 9.728406902104071 ], [ 114.258888248199682, 9.731389995366259 ], [ 114.25913238882498, 9.73483752802052 ], [ 114.257759097809554, 9.739438052923363 ], [ 114.254997256989199, 9.743583675177225 ], [ 114.249900821441813, 9.74543952539687 ], [ 114.24736023306275, 9.747515674383843 ] ] ] } },
{ "type": "Feature", "properties": { "fid": 327, "FNODE_": 1828, "TNODE_": 1829, "LPOLY_": 1, "RPOLY_": 1, "LENGTH": 0.011, "BOU2_4M_": 1634, "BOU2_4M_ID": 30, "GBCODE": 26100 }, "geometry": { "type": "MultiLineString", "coordinates": [ [ [ 116.599082950618751, 9.73469447701323 ], [ 116.602523807552302, 9.730292316368418 ], [ 116.603843692805881, 9.724991794517258 ], [ 116.604080204036379, 9.724989887168599 ] ] ] } },
{ "type": "Feature", "properties": { "fid": 328, "FNODE_": 1830, "TNODE_": 1831, "LPOLY_": 1, "RPOLY_": 1, "LENGTH": 0.183, "BOU2_4M_": 1635, "BOU2_4M_ID": 45, "GBCODE": 26100 }, "geometry": { "type": "MultiLineString", "coordinates": [ [ [ 115.848487857764013, 9.721321102025666 ], [ 115.84742737192505, 9.733282085303436 ], [ 115.846359256691372, 9.742713924293797 ], [ 115.849250797220051, 9.754872318155337 ], [ 115.849319461771472, 9.762227054484407 ], [ 115.853843692730081, 9.77483272160047 ], [ 115.858093265485181, 9.783534046064753 ], [ 115.865791324568548, 9.789217944991714 ], [ 115.871147159530338, 9.79239272679178 ], [ 115.875801090195068, 9.793963428391356 ], [ 115.897407535510297, 9.797925945177829 ], [ 115.903663639026618, 9.797875400439437 ], [ 115.905242923694388, 9.793264385119187 ], [ 115.903022769884288, 9.778342243088366 ], [ 115.894737247420764, 9.75910281742626 ], [ 115.889541629743576, 9.749261852153737 ], [ 115.888542179059201, 9.741455074198573 ], [ 115.887756351421572, 9.731576915627937 ] ] ] } },
{ "type": "Feature", "properties": { "fid": 329, "FNODE_": 1832, "TNODE_": 1833, "LPOLY_": 1, "RPOLY_": 1, "LENGTH": 0.011, "BOU2_4M_": 1636, "BOU2_4M_ID": 29, "GBCODE": 26100 }, "geometry": { "type": "MultiLineString", "coordinates": [ [ [ 116.592071537043324, 9.729250904014098 ], [ 116.592941288019531, 9.724184986044795 ], [ 116.597526554132969, 9.720230098654472 ], [ 116.597763065363438, 9.72022723763156 ] ] ] } },
{ "type": "Feature", "properties": { "fid": 330, "FNODE_": 1834, "TNODE_": 1835, "LPOLY_": 1, "RPOLY_": 1, "LENGTH": 0.173, "BOU2_4M_": 1637, "BOU2_4M_ID": 44, "GBCODE": 26100 }, "geometry": { "type": "MultiLineString", "coordinates": [ [ [ 115.862892154640889, 9.724423404578181 ], [ 115.862762454934781, 9.735687251930623 ], [ 115.862632755228702, 9.747410770303677 ], [ 115.864418033550763, 9.765324588665386 ], [ 115.863998416851942, 9.770614620099115 ], [ 115.871437076521019, 9.773772235761609 ], [ 115.875167850447255, 9.774662013899155 ], [ 115.880737308455778, 9.775306697737472 ], [ 115.883728031112184, 9.773213382612916 ], [ 115.885536197615906, 9.768831249128572 ], [ 115.884826663924187, 9.766308780561339 ], [ 115.882469181013391, 9.76173114384183 ], [ 115.88009643931349, 9.756693836101798 ], [ 115.879592899273959, 9.751641269572847 ], [ 115.879089359234442, 9.747277255900363 ], [ 115.876487735698475, 9.741322513467793 ], [ 115.875991825053589, 9.737419124490264 ], [ 115.874786380717069, 9.732142444496867 ], [ 115.873329166360818, 9.724799152259552 ], [ 115.873519901223801, 9.720890041236119 ], [ 115.874183658547736, 9.716747280005142 ], [ 115.87458801645738, 9.710308071020007 ], [ 115.875007633156272, 9.705938335301756 ], [ 115.87449646372211, 9.699965473057315 ], [ 115.873771671241244, 9.69652366244893 ], [ 115.869613651221457, 9.69862556064227 ], [ 115.868026737159141, 9.703005786778007 ], [ 115.86669159311657, 9.708992954137058 ], [ 115.865097049659624, 9.712452884557308 ], [ 115.862373355812196, 9.718681331518374 ], [ 115.862609867042693, 9.718679424169746 ] ] ] } },
{ "type": "Feature", "properties": { "fid": 331, "FNODE_": 1836, "TNODE_": 1837, "LPOLY_": 1, "RPOLY_": 1, "LENGTH": 0.115, "BOU2_4M_": 1638, "BOU2_4M_ID": 65, "GBCODE": 26100 }, "geometry": { "type": "MultiLineString", "coordinates": [ [ [ 114.262741092436769, 9.709772105959294 ], [ 114.261802676908928, 9.705178256776479 ], [ 114.260383609525604, 9.700586314942333 ], [ 114.260360721341527, 9.694380756164604 ], [ 114.261718753567649, 9.686791415953733 ], [ 114.262863162747038, 9.681041713499408 ], [ 114.2651519811063, 9.675978656553113 ], [ 114.269302371731428, 9.670907970212367 ], [ 114.272773746243473, 9.669287677548716 ], [ 114.276016238919624, 9.668817516110877 ], [ 114.280891422025817, 9.66994952752483 ], [ 114.285057071440534, 9.671774860166973 ], [ 114.289482120269383, 9.673600192809078 ], [ 114.291809085601926, 9.676349635863767 ], [ 114.290206912750634, 9.682331081176917 ], [ 114.288383487457978, 9.689232822205582 ], [ 114.28378296255562, 9.696602817323482 ], [ 114.280776981110265, 9.701209064272161 ], [ 114.278022769684426, 9.704895969179745 ], [ 114.272926334137168, 9.708129878786814 ], [ 114.268066409820264, 9.709754939821856 ], [ 114.263671878569838, 9.711837764528976 ] ] ] } },
{ "type": "Feature", "properties": { "fid": 332, "FNODE_": 1838, "TNODE_": 1839, "LPOLY_": 1, "RPOLY_": 1, "LENGTH": 0.131, "BOU2_4M_": 1639, "BOU2_4M_ID": 46, "GBCODE": 26100 }, "geometry": { "type": "MultiLineString", "coordinates": [ [ [ 115.886077884623958, 9.724925037270088 ], [ 115.885742191263574, 9.713435169104603 ], [ 115.884063724465904, 9.706553455236474 ], [ 115.882347110695449, 9.697603221775758 ], [ 115.879936222022437, 9.68750953280953 ], [ 115.873977664891285, 9.668710704681784 ], [ 115.873947147312862, 9.665263172027577 ], [ 115.867439273776796, 9.662787433501498 ], [ 115.861396793307321, 9.662375446196409 ], [ 115.858680728854452, 9.668833728667694 ], [ 115.8584976233861, 9.673891063568252 ], [ 115.859733585301001, 9.681926723359311 ], [ 115.859558109227322, 9.688592906831831 ], [ 115.857536319676981, 9.69642448031901 ], [ 115.853866580907436, 9.701280589938587 ], [ 115.84983826059576, 9.716253276707731 ], [ 115.849838260595789, 9.716484065892317 ] ] ] } },
{ "type": "Feature", "properties": { "fid": 333, "FNODE_": 1840, "TNODE_": 1841, "LPOLY_": 1, "RPOLY_": 1, "LENGTH": 0.078, "BOU2_4M_": 1640, "BOU2_4M_ID": 135, "GBCODE": 26100 }, "geometry": { "type": "MultiLineString", "coordinates": [ [ [ 113.013801578106722, 9.68066310472801 ], [ 113.018699649396595, 9.682210918143985 ], [ 113.026100162092902, 9.681659694389417 ], [ 113.031700137679493, 9.679753299430924 ], [ 113.036201480453187, 9.674642558768866 ], [ 113.039199832503925, 9.668403621390246 ], [ 113.040496829574138, 9.664481158926348 ], [ 113.037399295393641, 9.659465785695549 ], [ 113.03140259129114, 9.658162112904536 ], [ 113.024497989239563, 9.6605453450212 ], [ 113.019401553692347, 9.665661807729165 ], [ 113.015296939434393, 9.671456332876268 ], [ 113.012603763164933, 9.677692409231884 ], [ 113.012916568340799, 9.678484912588976 ] ] ] } },
{ "type": "Feature", "properties": { "fid": 334, "FNODE_": 1842, "TNODE_": 1843, "LPOLY_": 1, "RPOLY_": 1, "LENGTH": 0.057, "BOU2_4M_": 1641, "BOU2_4M_ID": 137, "GBCODE": 26100 }, "geometry": { "type": "MultiLineString", "coordinates": [ [ [ 112.990097049292672, 9.651552196214428 ], [ 112.983398440893239, 9.650945659348785 ], [ 112.977996829564361, 9.650781627366111 ], [ 112.973396304661492, 9.652675624558457 ], [ 112.969802859837344, 9.660301204393299 ], [ 112.975601199682131, 9.663445468615265 ], [ 112.982803348120768, 9.66496467180186 ], [ 112.988098147926138, 9.663981433581764 ], [ 112.991401675758425, 9.661414142321878 ], [ 112.992897037086379, 9.656072612474983 ], [ 112.992576602515854, 9.654014583299904 ] ] ] } },
{ "type": "Feature", "properties": { "fid": 335, "FNODE_": 1844, "TNODE_": 1845, "LPOLY_": 1, "RPOLY_": 1, "LENGTH": 0.039, "BOU2_4M_": 1642, "BOU2_4M_ID": 138, "GBCODE": 26100 }, "geometry": { "type": "MultiLineString", "coordinates": [ [ [ 113.000633243142602, 9.662271495532851 ], [ 113.003898624002389, 9.661719318103792 ], [ 113.006599429666679, 9.659848209094887 ], [ 113.007499698221068, 9.653864856432932 ], [ 113.005798343240016, 9.649291034410744 ], [ 113.000900271950286, 9.649351115892435 ], [ 112.996597293434277, 9.652161594103084 ], [ 112.996597293434618, 9.656985278796105 ], [ 112.999496463357289, 9.662463184070457 ] ] ] } },
{ "type": "Feature", "properties": { "fid": 336, "FNODE_": 1846, "TNODE_": 1847, "LPOLY_": 1, "RPOLY_": 1, "LENGTH": 0.032, "BOU2_4M_": 1643, "BOU2_4M_ID": 139, "GBCODE": 26100 }, "geometry": { "type": "MultiLineString", "coordinates": [ [ [ 113.013801578104989, 9.657002444934706 ], [ 113.01719665867185, 9.656499858570069 ], [ 113.020698550761949, 9.653242107104955 ], [ 113.021102908671864, 9.649331088732831 ], [ 113.016403201639662, 9.6454839665397 ], [ 113.011596683084434, 9.646922107408761 ], [ 113.011398318826835, 9.650600429247648 ], [ 113.013313296854832, 9.655688281726487 ] ] ] } },
{ "type": "Feature", "properties": { "fid": 337, "FNODE_": 1848, "TNODE_": 1849, "LPOLY_": 1, "RPOLY_": 1, "LENGTH": 0.027, "BOU2_4M_": 1644, "BOU2_4M_ID": 140, "GBCODE": 26100 }, "geometry": { "type": "MultiLineString", "coordinates": [ [ [ 112.933898929166688, 9.639374728863672 ], [ 112.938423160124373, 9.639508243268212 ], [ 112.939399722624515, 9.639536853497756 ], [ 112.942398074675594, 9.63789271897619 ], [ 112.941200259733762, 9.634461398785245 ], [ 112.937301639127597, 9.632211681072318 ], [ 112.932197574185466, 9.63204478806666 ], [ 112.931503299283193, 9.634808536235937 ], [ 112.931976321744344, 9.636485095684462 ] ] ] } },
{ "type": "Feature", "properties": { "fid": 338, "FNODE_": 1850, "TNODE_": 1851, "LPOLY_": 1, "RPOLY_": 1, "LENGTH": 0.047, "BOU2_4M_": 1645, "BOU2_4M_ID": 141, "GBCODE": 26100 }, "geometry": { "type": "MultiLineString", "coordinates": [ [ [ 112.948196414519842, 9.633916850750877 ], [ 112.950302127411177, 9.639404292768344 ], [ 112.95339966159159, 9.643272395796371 ], [ 112.958297732881562, 9.645969386763802 ], [ 112.964302066378394, 9.644516940780035 ], [ 112.965896609835426, 9.641511913008692 ], [ 112.961601260713238, 9.635131831830845 ], [ 112.956703189423351, 9.633123393719947 ], [ 112.951789859344387, 9.631072993939116 ], [ 112.949157718230794, 9.631883617108048 ] ] ] } },
{ "type": "Feature", "properties": { "fid": 339, "FNODE_": 1852, "TNODE_": 1853, "LPOLY_": 1, "RPOLY_": 1, "LENGTH": 0.012, "BOU2_4M_": 1646, "BOU2_4M_ID": 142, "GBCODE": 26100 }, "geometry": { "type": "MultiLineString", "coordinates": [ [ [ 112.922996524379002, 9.625722881021826 ], [ 112.930000308559869, 9.628394122782868 ], [ 112.934196475552483, 9.626047130290035 ] ] ] } },
{ "type": "Feature", "properties": { "fid": 340, "FNODE_": 1854, "TNODE_": 1855, "LPOLY_": 1, "RPOLY_": 1, "LENGTH": 0.012, "BOU2_4M_": 1647, "BOU2_4M_ID": 142, "GBCODE": 26100 }, "geometry": { "type": "MultiLineString", "coordinates": [ [ [ 112.933723453091389, 9.624731059733238 ], [ 112.931999209926914, 9.622857089701135 ], [ 112.926498416469045, 9.621775623025876 ], [ 112.925437930629116, 9.622576709451707 ], [ 112.923309329554698, 9.624089236917618 ] ] ] } },
{ "type": "Feature", "properties": { "fid": 341, "FNODE_": 1856, "TNODE_": 1857, "LPOLY_": 1, "RPOLY_": 1, "LENGTH": 0.031, "BOU2_4M_": 1648, "BOU2_4M_ID": 36, "GBCODE": 26100 }, "geometry": { "type": "MultiLineString", "coordinates": [ [ [ 116.171043399779947, 9.58802890384826 ], [ 116.164329532591807, 9.589007373696557 ], [ 116.161148075072447, 9.595012660867493 ], [ 116.163253787963512, 9.597521777994434 ], [ 116.166511539428811, 9.598871227152495 ], [ 116.170898441284592, 9.5969934424235 ], [ 116.17550659558168, 9.593964572794565 ] ] ] } },
{ "type": "Feature", "properties": { "fid": 342, "FNODE_": 1858, "TNODE_": 1859, "LPOLY_": 1, "RPOLY_": 1, "LENGTH": 0.014, "BOU2_4M_": 1649, "BOU2_4M_ID": 144, "GBCODE": 26100 }, "geometry": { "type": "MultiLineString", "coordinates": [ [ [ 112.868942264113656, 9.573487277679336 ], [ 112.869903567825048, 9.577891345673169 ], [ 112.873443606888145, 9.579075809174508 ], [ 112.876586917435446, 9.579118724518898 ], [ 112.878723147904537, 9.579393382722152 ] ] ] } },
{ "type": "Feature", "properties": { "fid": 343, "FNODE_": 1860, "TNODE_": 1861, "LPOLY_": 1, "RPOLY_": 1, "LENGTH": 0.013, "BOU2_4M_": 1650, "BOU2_4M_ID": 144, "GBCODE": 26100 }, "geometry": { "type": "MultiLineString", "coordinates": [ [ [ 112.879737857377165, 9.57722663467505 ], [ 112.879096988236242, 9.57410525863698 ], [ 112.874198916946213, 9.570717807464383 ], [ 112.870697024855914, 9.57111358230553 ] ] ] } },
{ "type": "Feature", "properties": { "fid": 344, "FNODE_": 1862, "TNODE_": 1863, "LPOLY_": 1, "RPOLY_": 1, "LENGTH": 0.063, "BOU2_4M_": 1651, "BOU2_4M_ID": 145, "GBCODE": 26100 }, "geometry": { "type": "MultiLineString", "coordinates": [ [ [ 112.90093994478346, 9.59030055588155 ], [ 112.90290069917809, 9.58783244675044 ], [ 112.903503421345633, 9.58093356674463 ], [ 112.902099612751286, 9.575207706148094 ], [ 112.898498538531726, 9.571345325165925 ], [ 112.893402102984041, 9.569798465424199 ], [ 112.889297488725745, 9.571227069550151 ], [ 112.887802127398089, 9.580663676912279 ], [ 112.887397769488302, 9.586411472018044 ], [ 112.887397769488572, 9.590315814669903 ], [ 112.89089966157907, 9.592341418918402 ], [ 112.8957977328688, 9.592053409275088 ], [ 112.899497989216954, 9.591778751072111 ] ] ] } },
{ "type": "Feature", "properties": { "fid": 345, "FNODE_": 1864, "TNODE_": 1864, "LPOLY_": 1, "RPOLY_": 874, "LENGTH": 0.022, "BOU2_4M_": 1652, "BOU2_4M_ID": 26010, "GBCODE": 26010 }, "geometry": { "type": "MultiLineString", "coordinates": [ [ [ 112.867721560986809, 9.55043506209995 ], [ 112.868392947705729, 9.551409717251483 ], [ 112.8718566928234, 9.551619525601287 ], [ 112.874168399366624, 9.550456042935219 ], [ 112.876007083448783, 9.548606868435579 ], [ 112.874366763624138, 9.546087260891206 ], [ 112.870666507276027, 9.547029491115719 ], [ 112.868362430127362, 9.547962184597189 ], [ 112.867721560986809, 9.55043506209995 ] ] ] } },
{ "type": "Feature", "properties": { "fid": 346, "FNODE_": 1865, "TNODE_": 1866, "LPOLY_": 1, "RPOLY_": 1, "LENGTH": 0.092, "BOU2_4M_": 1653, "BOU2_4M_ID": 147, "GBCODE": 26100 }, "geometry": { "type": "MultiLineString", "coordinates": [ [ [ 112.865951541454436, 9.538302417444893 ], [ 112.86409759858293, 9.536381717371288 ], [ 112.858497622995898, 9.532313342736613 ], [ 112.852401736764449, 9.530777927086675 ], [ 112.849403384713384, 9.532650943444178 ], [ 112.851097110300074, 9.539522166894944 ], [ 112.85489654877756, 9.544990535426196 ], [ 112.860000613719933, 9.548375125575822 ], [ 112.86280060151347, 9.550639148403404 ], [ 112.864799502881269, 9.555210109402671 ], [ 112.870597842726127, 9.559045787504111 ], [ 112.87870025971965, 9.561705585173323 ], [ 112.882202151809693, 9.557759280851684 ], [ 112.879501346144565, 9.548372264553887 ], [ 112.875099185499153, 9.544749255825138 ], [ 112.868499759228385, 9.540693278956576 ] ] ] } },
{ "type": "Feature", "properties": { "fid": 347, "FNODE_": 1867, "TNODE_": 1868, "LPOLY_": 1, "RPOLY_": 1, "LENGTH": 0.091, "BOU2_4M_": 1654, "BOU2_4M_ID": 28, "GBCODE": 26100 }, "geometry": { "type": "MultiLineString", "coordinates": [ [ [ 116.910942081484123, 9.450006481089394 ], [ 116.914680484805061, 9.452952381053322 ], [ 116.923248294864464, 9.452396388927411 ], [ 116.925132755314095, 9.455133434215863 ], [ 116.929992679630871, 9.453928943554468 ], [ 116.932502750431624, 9.45091247169149 ], [ 116.936592105900246, 9.445121761241895 ], [ 116.937667850528655, 9.438213344493152 ], [ 116.938316349063626, 9.435447688975264 ], [ 116.933197025332404, 9.432746883310537 ], [ 116.927383426698853, 9.430513378060859 ], [ 116.918083194764066, 9.427630420601407 ], [ 116.911613468201026, 9.42862224189018 ], [ 116.906776432068, 9.431434627449278 ], [ 116.906539920837943, 9.436323161995704 ], [ 116.907981876405003, 9.441900249398749 ], [ 116.909576419862518, 9.445787425913034 ] ] ] } },
{ "type": "Feature", "properties": { "fid": 348, "FNODE_": 1869, "TNODE_": 1870, "LPOLY_": 1, "RPOLY_": 1, "LENGTH": 0.07, "BOU2_4M_": 1655, "BOU2_4M_ID": 47, "GBCODE": 26100 }, "geometry": { "type": "MultiLineString", "coordinates": [ [ [ 115.432617191185145, 9.386910434539416 ], [ 115.434188846458611, 9.385355945403557 ], [ 115.43601227175148, 9.381436343962758 ], [ 115.437828067649747, 9.377057071501349 ], [ 115.441032413352772, 9.371748920255852 ], [ 115.44355774294273, 9.369433399015463 ], [ 115.445152286399576, 9.365056033902786 ], [ 115.442779544699519, 9.35840606289349 ], [ 115.440933231222786, 9.358878131680065 ], [ 115.435867313253837, 9.363280292324804 ], [ 115.432907108175868, 9.369046207242311 ], [ 115.429702762472701, 9.372974391751862 ], [ 115.427879337179945, 9.378043170744078 ], [ 115.426757816184093, 9.382647510344173 ], [ 115.426773074973298, 9.384027477080176 ], [ 115.428649906028369, 9.386410709197268 ], [ 115.430969241966281, 9.387906070525732 ] ] ] } },
{ "type": "Feature", "properties": { "fid": 349, "FNODE_": 1871, "TNODE_": 1872, "LPOLY_": 1, "RPOLY_": 1, "LENGTH": 0.158, "BOU2_4M_": 1656, "BOU2_4M_ID": 48, "GBCODE": 26100 }, "geometry": { "type": "MultiLineString", "coordinates": [ [ [ 115.42430878054158, 9.40993976193424 ], [ 115.421096805442673, 9.399235721405404 ], [ 115.418502811301124, 9.392127033049874 ], [ 115.416809085714348, 9.384093280607434 ], [ 115.417221073018467, 9.376735683255452 ], [ 115.420387271748581, 9.368210788540297 ], [ 115.42289734254922, 9.363367076686762 ], [ 115.427261356221138, 9.357821460536481 ], [ 115.434432987081195, 9.356163974574827 ], [ 115.442016605245513, 9.34875869350749 ], [ 115.446640018331863, 9.347577091029628 ], [ 115.453361514914789, 9.348681445888529 ], [ 115.455253604759164, 9.353954311184705 ], [ 115.455337528099932, 9.36521625118856 ], [ 115.450546268334563, 9.37444209652628 ], [ 115.444641116967958, 9.389191623505258 ], [ 115.439598087182773, 9.395892139252826 ], [ 115.43295288454604, 9.404900546846328 ], [ 115.429733280053796, 9.408829685030183 ], [ 115.428977969995231, 9.409994121370593 ], [ 115.42581940065908, 9.411614414034164 ] ] ] } },
{ "type": "Feature", "properties": { "fid": 350, "FNODE_": 1873, "TNODE_": 1874, "LPOLY_": 1, "RPOLY_": 1, "LENGTH": 0.017, "BOU2_4M_": 1657, "BOU2_4M_ID": 42, "GBCODE": 26100 }, "geometry": { "type": "MultiLineString", "coordinates": [ [ [ 115.934646610181744, 9.333097453912561 ], [ 115.937896732252582, 9.334679599603879 ], [ 115.939987186354443, 9.335581775507425 ], [ 115.943481449050239, 9.337162013850124 ], [ 115.947898868484444, 9.338734622798349 ], [ 115.949966434402512, 9.336877818904208 ], [ 115.949966434402512, 9.337107654414499 ] ] ] } },
{ "type": "Feature", "properties": { "fid": 351, "FNODE_": 1875, "TNODE_": 1876, "LPOLY_": 1, "RPOLY_": 1, "LENGTH": 0.011, "BOU2_4M_": 1658, "BOU2_4M_ID": 38, "GBCODE": 26100 }, "geometry": { "type": "MultiLineString", "coordinates": [ [ [ 115.93830109016217, 9.328010555108442 ], [ 115.94200897590477, 9.327980037530573 ], [ 115.945259097975509, 9.328872676691025 ], [ 115.948966983718151, 9.329760547479941 ], [ 115.949203494948677, 9.329758640131372 ] ] ] } },
{ "type": "Feature", "properties": { "fid": 352, "FNODE_": 1877, "TNODE_": 1878, "LPOLY_": 1, "RPOLY_": 1, "LENGTH": 0.015, "BOU2_4M_": 1659, "BOU2_4M_ID": 41, "GBCODE": 26100 }, "geometry": { "type": "MultiLineString", "coordinates": [ [ [ 115.918823245921473, 9.324264522391937 ], [ 115.920951846996431, 9.329993244011376 ], [ 115.924682620922823, 9.3324899633723 ], [ 115.928398136059968, 9.333148952325237 ], [ 115.928627017895948, 9.333147044976624 ] ] ] } },
{ "type": "Feature", "properties": { "fid": 353, "FNODE_": 1879, "TNODE_": 1880, "LPOLY_": 1, "RPOLY_": 1, "LENGTH": 0.011, "BOU2_4M_": 1660, "BOU2_4M_ID": 37, "GBCODE": 26100 }, "geometry": { "type": "MultiLineString", "coordinates": [ [ [ 115.924827579418121, 9.323295589286717 ], [ 115.930870059887724, 9.325544353325464 ], [ 115.934593204419471, 9.326662059624649 ], [ 115.9345932044195, 9.326892848809262 ] ] ] } },
{ "type": "Feature", "properties": { "fid": 354, "FNODE_": 1881, "TNODE_": 1882, "LPOLY_": 1, "RPOLY_": 1, "LENGTH": 0.019, "BOU2_4M_": 1661, "BOU2_4M_ID": 39, "GBCODE": 26100 }, "geometry": { "type": "MultiLineString", "coordinates": [ [ [ 115.954750064773393, 9.328563686213094 ], [ 115.957946781081901, 9.323710437616501 ], [ 115.95260620490933, 9.322146411737112 ], [ 115.944732669752113, 9.320832248528426 ] ] ] } },
{ "type": "Feature", "properties": { "fid": 355, "FNODE_": 1883, "TNODE_": 1884, "LPOLY_": 1, "RPOLY_": 1, "LENGTH": 0.009, "BOU2_4M_": 1662, "BOU2_4M_ID": 40, "GBCODE": 26100 }, "geometry": { "type": "MultiLineString", "coordinates": [ [ [ 115.938003543774727, 9.3197393377613 ], [ 115.933593753735181, 9.319315906364441 ], [ 115.930107120433817, 9.317505832511518 ], [ 115.930343631664343, 9.317503925162846 ] ] ] } },
{ "type": "Feature", "properties": { "fid": 356, "FNODE_": 1885, "TNODE_": 1886, "LPOLY_": 1, "RPOLY_": 1, "LENGTH": 0.072, "BOU2_4M_": 1663, "BOU2_4M_ID": 43, "GBCODE": 26100 }, "geometry": { "type": "MultiLineString", "coordinates": [ [ [ 115.9562072791297, 9.336596484981207 ], [ 115.961738590165169, 9.333332057796136 ], [ 115.963333133622115, 9.329871173701601 ], [ 115.96514130012585, 9.325948711237837 ], [ 115.965820316239018, 9.323873515925127 ], [ 115.964630130691717, 9.32020663817805 ], [ 115.957397464674813, 9.314520831902483 ], [ 115.948593143384727, 9.313674922783218 ], [ 115.940948490063548, 9.313279147941362 ], [ 115.93538666144967, 9.313095088797889 ], [ 115.927742008128419, 9.312238689261209 ], [ 115.922889713206175, 9.313887592154098 ], [ 115.92037964240545, 9.317585941153423 ], [ 115.919479373850919, 9.320581432181548 ], [ 115.919708255686857, 9.320579524832967 ] ] ] } },
{ "type": "Feature", "properties": { "fid": 357, "FNODE_": 1887, "TNODE_": 1888, "LPOLY_": 1, "RPOLY_": 1, "LENGTH": 0.026, "BOU2_4M_": 1664, "BOU2_4M_ID": 26, "GBCODE": 26100 }, "geometry": { "type": "MultiLineString", "coordinates": [ [ [ 116.460746768914476, 9.172286029672676 ], [ 116.464126590692246, 9.173611636972872 ], [ 116.466430667840896, 9.17313003144319 ], [ 116.469436649286436, 9.172410961008737 ], [ 116.469398502313467, 9.168963428354513 ], [ 116.465217594109802, 9.167395587777872 ], [ 116.462661746941535, 9.166960712289413 ], [ 116.4587783851251, 9.1713666876314 ], [ 116.458770755730583, 9.17113685212116 ] ] ] } },
{ "type": "Feature", "properties": { "fid": 358, "FNODE_": 1889, "TNODE_": 1890, "LPOLY_": 1, "RPOLY_": 1, "LENGTH": 0.079, "BOU2_4M_": 1665, "BOU2_4M_ID": 27, "GBCODE": 26100 }, "geometry": { "type": "MultiLineString", "coordinates": [ [ [ 116.468826297724618, 9.180690761424692 ], [ 116.472053531611536, 9.179049487926171 ], [ 116.475486759150684, 9.176258083201942 ], [ 116.47731018444361, 9.173251148082089 ], [ 116.477966312372985, 9.169338222361496 ], [ 116.475143436395697, 9.164539333200574 ], [ 116.471168521844263, 9.161590572213616 ], [ 116.463027957878225, 9.157534595344965 ], [ 116.458396915397358, 9.158040042732422 ], [ 116.452857974967188, 9.159243579719496 ], [ 116.448036197623281, 9.162967677925149 ], [ 116.448806766471662, 9.170314784859634 ], [ 116.452102664909916, 9.175109859323365 ], [ 116.456092838250555, 9.179207797861617 ], [ 116.459556583368141, 9.179633136607064 ], [ 116.463058475458539, 9.182356830455248 ], [ 116.463287357294533, 9.182354923106592 ] ] ] } },
{ "type": "Feature", "properties": { "fid": 359, "FNODE_": 1891, "TNODE_": 1892, "LPOLY_": 1, "RPOLY_": 1, "LENGTH": 0.014, "BOU2_4M_": 1666, "BOU2_4M_ID": 24, "GBCODE": 26100 }, "geometry": { "type": "MultiLineString", "coordinates": [ [ [ 116.702117923713701, 9.05855655274739 ], [ 116.708587650276698, 9.057339664319921 ], [ 116.712013248421286, 9.053855892041968 ], [ 116.71362305066738, 9.052000041822147 ], [ 116.713623050667394, 9.052228923658079 ] ] ] } },
{ "type": "Feature", "properties": { "fid": 360, "FNODE_": 1893, "TNODE_": 1894, "LPOLY_": 1, "RPOLY_": 1, "LENGTH": 0.034, "BOU2_4M_": 1667, "BOU2_4M_ID": 25, "GBCODE": 26100 }, "geometry": { "type": "MultiLineString", "coordinates": [ [ [ 116.694732669806783, 9.059325214245996 ], [ 116.690040592169183, 9.054547305919948 ], [ 116.688819889043558, 9.048814769603364 ], [ 116.691093448613742, 9.04534339509136 ], [ 116.696159366582819, 9.042991634227203 ], [ 116.699142459844651, 9.041351314402961 ], [ 116.703521732305916, 9.039925571300127 ], [ 116.707473758673586, 9.04103278718183 ] ] ] } },
{ "type": "Feature", "properties": { "fid": 361, "FNODE_": 1895, "TNODE_": 1895, "LPOLY_": 875, "RPOLY_": 1, "LENGTH": 0.021, "BOU2_4M_": 1668, "BOU2_4M_ID": 26010, "GBCODE": 26010 }, "geometry": { "type": "MultiLineString", "coordinates": [ [ [ 113.716186526882083, 9.011706348086664 ], [ 113.713203433620066, 9.012880321170117 ], [ 113.711112979518163, 9.011979098940865 ], [ 113.708557132349725, 9.010391231203725 ], [ 113.708999637232452, 9.008318896913929 ], [ 113.710380557642708, 9.007158275270781 ], [ 113.712692264186018, 9.007828708315468 ], [ 113.71501160012383, 9.008269305849815 ], [ 113.716178897487396, 9.009867664004386 ], [ 113.716247562038262, 9.010562892581115 ], [ 113.716186526882083, 9.011706348086664 ] ] ] } },
{ "type": "Feature", "properties": { "fid": 362, "FNODE_": 1896, "TNODE_": 1897, "LPOLY_": 1, "RPOLY_": 1, "LENGTH": 0.226, "BOU2_4M_": 1669, "BOU2_4M_ID": 155, "GBCODE": 26100 }, "geometry": { "type": "MultiLineString", "coordinates": [ [ [ 113.700866702661585, 9.015054698611099 ], [ 113.697593692407125, 9.013273234987583 ], [ 113.690498355491798, 9.009026523255692 ], [ 113.672897342305532, 9.004458423278518 ], [ 113.660598758319281, 9.000961299559091 ], [ 113.649200442887832, 8.997448917050702 ], [ 113.640502933120601, 8.991371150630997 ], [ 113.635597232435885, 8.985239024775478 ], [ 113.633903506849236, 8.97883128704259 ], [ 113.637298587415629, 8.973039622918529 ], [ 113.642700198744009, 8.966988559380505 ], [ 113.650100711440075, 8.964125629082698 ], [ 113.657997134781326, 8.969065662042821 ], [ 113.666900638200815, 8.973532672541879 ], [ 113.675903323748855, 8.973402019161067 ], [ 113.681503299335688, 8.975388522762714 ], [ 113.687103274922791, 8.981279369016175 ], [ 113.697402957541982, 8.989630695006584 ], [ 113.706703189477196, 8.99477862896776 ], [ 113.712600711450946, 8.999057765626326 ], [ 113.719703677760506, 8.999642367982796 ], [ 113.724403384792495, 9.000952716494011 ], [ 113.726501468289101, 9.004367824221552 ], [ 113.725898746121516, 9.010120387698814 ], [ 113.723197940457439, 9.014524455692376 ], [ 113.718902591336132, 9.018952365543734 ], [ 113.714797977078007, 9.021769519474532 ], [ 113.704422000513702, 9.016117091799902 ] ] ] } },
{ "type": "Feature", "properties": { "fid": 363, "FNODE_": 1898, "TNODE_": 1899, "LPOLY_": 1, "RPOLY_": 1, "LENGTH": 0.054, "BOU2_4M_": 1670, "BOU2_4M_ID": 156, "GBCODE": 26100 }, "geometry": { "type": "MultiLineString", "coordinates": [ [ [ 112.364036563312638, 8.944543834269973 ], [ 112.365547183430081, 8.944873805583603 ], [ 112.366737368977113, 8.944784160197896 ], [ 112.369796756184556, 8.944486613811289 ], [ 112.372703555501147, 8.941239352763667 ], [ 112.374496463215891, 8.93616771274843 ], [ 112.373298648274044, 8.932275767862633 ], [ 112.367500308429271, 8.929810519754076 ], [ 112.362197879229171, 8.928029056130521 ], [ 112.358299258623134, 8.928071017800265 ], [ 112.356498721513745, 8.931534762917758 ], [ 112.357002261553461, 8.939567561685967 ], [ 112.3602981599917, 8.943208690226651 ], [ 112.362258914386544, 8.943750377238549 ] ] ] } },
{ "type": "Feature", "properties": { "fid": 364, "FNODE_": 1900, "TNODE_": 1900, "LPOLY_": 876, "RPOLY_": 1, "LENGTH": 0.016, "BOU2_4M_": 1671, "BOU2_4M_ID": 26010, "GBCODE": 26010 }, "geometry": { "type": "MultiLineString", "coordinates": [ [ [ 112.844032290917269, 8.9137372928492 ], [ 112.844047549706502, 8.916034694277705 ], [ 112.841506961327312, 8.916739459597464 ], [ 112.839202884178547, 8.916752811037792 ], [ 112.838043216209584, 8.916069026552762 ], [ 112.83825683925636, 8.914459224306498 ], [ 112.83986664150261, 8.913531299196551 ], [ 112.842407229881843, 8.913056369387077 ], [ 112.844032290917269, 8.9137372928492 ] ] ] } },
{ "type": "Feature", "properties": { "fid": 365, "FNODE_": 1901, "TNODE_": 1902, "LPOLY_": 1, "RPOLY_": 1, "LENGTH": 0.02, "BOU2_4M_": 1672, "BOU2_4M_ID": 20, "GBCODE": 26100 }, "geometry": { "type": "MultiLineString", "coordinates": [ [ [ 116.26933288947707, 8.909102435880259 ], [ 116.273277286450352, 8.910903926664393 ], [ 116.275833133618647, 8.912029262358075 ], [ 116.280479434888875, 8.914284702116939 ], [ 116.284431461256645, 8.916316028411348 ], [ 116.287460330886006, 8.917896266754033 ] ] ] } },
{ "type": "Feature", "properties": { "fid": 366, "FNODE_": 1903, "TNODE_": 1903, "LPOLY_": 1, "RPOLY_": 877, "LENGTH": 0.017, "BOU2_4M_": 1673, "BOU2_4M_ID": 26010, "GBCODE": 26010 }, "geometry": { "type": "MultiLineString", "coordinates": [ [ [ 112.861366275294458, 8.910746570193529 ], [ 112.863189700587711, 8.911098476016409 ], [ 112.86549377773639, 8.910165782534946 ], [ 112.867561343654529, 8.908545489871289 ], [ 112.86638641689639, 8.906713481509204 ], [ 112.863616946681191, 8.906728740298092 ], [ 112.86179352138808, 8.90811919745148 ], [ 112.861366275294458, 8.910746570193529 ] ] ] } },
{ "type": "Feature", "properties": { "fid": 367, "FNODE_": 1904, "TNODE_": 1905, "LPOLY_": 1, "RPOLY_": 1, "LENGTH": 0.064, "BOU2_4M_": 1674, "BOU2_4M_ID": 21, "GBCODE": 26100 }, "geometry": { "type": "MultiLineString", "coordinates": [ [ [ 116.290931705398137, 8.918554302032639 ], [ 116.297172550125254, 8.91780566769461 ], [ 116.300598148269771, 8.913637157257407 ], [ 116.29982757942139, 8.906290050322911 ], [ 116.300003055495168, 8.901001926237878 ], [ 116.298103336256204, 8.895274158292787 ], [ 116.295532230298704, 8.893230434232285 ], [ 116.293907169263363, 8.893244739346947 ], [ 116.291183475415735, 8.896718021207514 ], [ 116.289131168286985, 8.900644298368482 ], [ 116.287323001783221, 8.90433787899614 ], [ 116.285026554029258, 8.906428333097825 ], [ 116.280143741528505, 8.903716083341294 ], [ 116.278259281078775, 8.900056834988741 ], [ 116.275917056957297, 8.898239131741306 ], [ 116.275917056957326, 8.898468967251546 ] ] ] } },
{ "type": "Feature", "properties": { "fid": 368, "FNODE_": 1906, "TNODE_": 1907, "LPOLY_": 1, "RPOLY_": 1, "LENGTH": 0.011, "BOU2_4M_": 1675, "BOU2_4M_ID": 23, "GBCODE": 26100 }, "geometry": { "type": "MultiLineString", "coordinates": [ [ [ 116.264999393381444, 8.892365451625142 ], [ 116.265251163401189, 8.894660945705031 ], [ 116.266212467112553, 8.898329730800707 ], [ 116.266723636546587, 8.902691837124493 ], [ 116.266723636546587, 8.902921672634745 ] ] ] } },
{ "type": "Feature", "properties": { "fid": 369, "FNODE_": 1908, "TNODE_": 1909, "LPOLY_": 1, "RPOLY_": 1, "LENGTH": 0.041, "BOU2_4M_": 1676, "BOU2_4M_ID": 158, "GBCODE": 26100 }, "geometry": { "type": "MultiLineString", "coordinates": [ [ [ 112.235672000302614, 8.89889525942808 ], [ 112.236900332822344, 8.899236674833414 ], [ 112.240402224912813, 8.901039119291854 ], [ 112.246597293273084, 8.900975223112981 ], [ 112.250297549621266, 8.900938029814865 ], [ 112.251197818175839, 8.897483821440456 ], [ 112.251403811827956, 8.893806453275891 ], [ 112.246002200498907, 8.892024035978011 ], [ 112.242103579892955, 8.892981524991599 ], [ 112.237998965634588, 8.893484111356191 ], [ 112.23480224932581, 8.897420878934655 ] ] ] } },
{ "type": "Feature", "properties": { "fid": 370, "FNODE_": 1910, "TNODE_": 1911, "LPOLY_": 1, "RPOLY_": 1, "LENGTH": 0.144, "BOU2_4M_": 1677, "BOU2_4M_ID": 157, "GBCODE": 26100 }, "geometry": { "type": "MultiLineString", "coordinates": [ [ [ 112.820556643941856, 8.92079162176724 ], [ 112.821899417379655, 8.922184939943792 ], [ 112.828796390036999, 8.923939700686558 ], [ 112.838096621971886, 8.924058909976626 ], [ 112.843399051171758, 8.923076625430895 ], [ 112.850303653223179, 8.918400760257345 ], [ 112.855102542384017, 8.918801303470536 ], [ 112.862297061427924, 8.918026919925875 ], [ 112.866897586330879, 8.917282100284968 ], [ 112.872901919827527, 8.913764949405905 ], [ 112.875801089749359, 8.907756801211992 ], [ 112.877601626858507, 8.901304240786445 ], [ 112.872200015529373, 8.897923465334065 ], [ 112.867103579981531, 8.894539828858701 ], [ 112.861099246484429, 8.892086024841952 ], [ 112.855003360253093, 8.891698833069146 ], [ 112.84770202968582, 8.89339541967778 ], [ 112.837303164938461, 8.896045680602867 ], [ 112.829002383687794, 8.902574534973402 ], [ 112.822898868062339, 8.90816211279359 ], [ 112.819000247456671, 8.912571902832999 ], [ 112.817962649800563, 8.916513438783143 ], [ 112.819076541402481, 8.919237132631272 ] ] ] } },
{ "type": "Feature", "properties": { "fid": 371, "FNODE_": 1912, "TNODE_": 1913, "LPOLY_": 1, "RPOLY_": 1, "LENGTH": 0.035, "BOU2_4M_": 1678, "BOU2_4M_ID": 22, "GBCODE": 26100 }, "geometry": { "type": "MultiLineString", "coordinates": [ [ [ 116.276092533030976, 8.892032619289441 ], [ 116.27654266730822, 8.890190120509985 ], [ 116.278778079905535, 8.883503909877083 ], [ 116.278976444163078, 8.880515094569139 ], [ 116.278022769846203, 8.876156802942601 ], [ 116.27268219367366, 8.875057216455302 ], [ 116.270606998361103, 8.876685138513434 ], [ 116.267646793283035, 8.880849834253493 ], [ 116.266777042306813, 8.885684009363777 ], [ 116.267013553537282, 8.885682102015144 ] ] ] } },
{ "type": "Feature", "properties": { "fid": 372, "FNODE_": 1914, "TNODE_": 1914, "LPOLY_": 878, "RPOLY_": 1, "LENGTH": 0.024, "BOU2_4M_": 1679, "BOU2_4M_ID": 26010, "GBCODE": 26010 }, "geometry": { "type": "MultiLineString", "coordinates": [ [ [ 112.254150393858495, 8.878212924526473 ], [ 112.252296450986904, 8.875232692287188 ], [ 112.251823428525782, 8.873625751063797 ], [ 112.250892642392671, 8.871331210658211 ], [ 112.253189090146762, 8.86879348330198 ], [ 112.255271914854092, 8.869015689417859 ], [ 112.256416324033964, 8.869240756556618 ], [ 112.256439212217757, 8.87199878268002 ], [ 112.256217959776478, 8.874297137782866 ], [ 112.255760196104632, 8.875908847377808 ], [ 112.254623416319447, 8.877521510646972 ], [ 112.254150393858495, 8.878212924526473 ] ] ] } },
{ "type": "Feature", "properties": { "fid": 373, "FNODE_": 1915, "TNODE_": 1916, "LPOLY_": 1, "RPOLY_": 1, "LENGTH": 0.077, "BOU2_4M_": 1680, "BOU2_4M_ID": 160, "GBCODE": 26100 }, "geometry": { "type": "MultiLineString", "coordinates": [ [ [ 112.241676333797542, 8.870342250391451 ], [ 112.242698672664687, 8.868047709985916 ], [ 112.241600039851818, 8.864967341943483 ], [ 112.242103579890738, 8.861977572961173 ], [ 112.246002200496889, 8.863545413537778 ], [ 112.249702456844915, 8.861440654321333 ], [ 112.253196719540824, 8.86255359224891 ], [ 112.258003238096322, 8.86411189608245 ], [ 112.260597232237458, 8.86615180544562 ], [ 112.262901309386592, 8.871410365627089 ], [ 112.264396670715357, 8.876908298061956 ], [ 112.262802127258269, 8.879680629299997 ], [ 112.260803225891209, 8.885672565030717 ], [ 112.257301333800839, 8.88501929812371 ], [ 112.250801089659234, 8.884625430630653 ], [ 112.245498660458949, 8.880316730068248 ], [ 112.24130249346581, 8.875535960719237 ], [ 112.240097049129474, 8.872332568689927 ], [ 112.240333560359943, 8.871971126123981 ] ] ] } },
{ "type": "Feature", "properties": { "fid": 374, "FNODE_": 1917, "TNODE_": 1918, "LPOLY_": 1, "RPOLY_": 1, "LENGTH": 0.083, "BOU2_4M_": 1681, "BOU2_4M_ID": 14, "GBCODE": 26100 }, "geometry": { "type": "MultiLineString", "coordinates": [ [ [ 114.634429935188038, 8.853925700844279 ], [ 114.628273013800467, 8.852261539161612 ], [ 114.62526703235477, 8.85227489060183 ], [ 114.619796756475338, 8.854085918128581 ], [ 114.623680118292555, 8.8582572895893 ], [ 114.630416873664942, 8.864432330789141 ], [ 114.634361270638351, 8.867403026285334 ], [ 114.639236453744758, 8.87174796647175 ], [ 114.64734650013267, 8.874240871135624 ], [ 114.651046756480739, 8.873764987651919 ], [ 114.654266360973125, 8.871682162944818 ], [ 114.653793338511861, 8.868466373149495 ], [ 114.650993350718238, 8.864342685404649 ], [ 114.646339420053124, 8.858847613992587 ], [ 114.64077759143899, 8.856113429726795 ], [ 114.638687137337058, 8.854743953408162 ], [ 114.637771609993251, 8.85520839280022 ] ] ] } },
{ "type": "Feature", "properties": { "fid": 375, "FNODE_": 1919, "TNODE_": 1920, "LPOLY_": 1, "RPOLY_": 1, "LENGTH": 0.105, "BOU2_4M_": 1682, "BOU2_4M_ID": 164, "GBCODE": 26100 }, "geometry": { "type": "MultiLineString", "coordinates": [ [ [ 112.180801394823305, 8.862364764730419 ], [ 112.18199920976511, 8.865568156759682 ], [ 112.185302737598036, 8.871276851218626 ], [ 112.188102725391829, 8.877220149559442 ], [ 112.191398623830182, 8.882928844018329 ], [ 112.195198062307654, 8.887255664392606 ], [ 112.201400760062683, 8.890637393519393 ], [ 112.207199099907271, 8.890809054896655 ], [ 112.210197451958265, 8.887563701197671 ], [ 112.207099917777668, 8.880704875513043 ], [ 112.202400210745253, 8.874091144127632 ], [ 112.196601870900224, 8.867948527854523 ], [ 112.193801883106502, 8.863154407065165 ], [ 112.194198611621673, 8.856030459920737 ], [ 112.194099429492439, 8.851666446248279 ], [ 112.189300540331715, 8.853322978535878 ], [ 112.183700564744981, 8.853837962666457 ], [ 112.181900027635578, 8.856842036763465 ], [ 112.181503299120109, 8.860061641256014 ] ] ] } },
{ "type": "Feature", "properties": { "fid": 376, "FNODE_": 1921, "TNODE_": 1922, "LPOLY_": 1, "RPOLY_": 1, "LENGTH": 0.059, "BOU2_4M_": 1683, "BOU2_4M_ID": 162, "GBCODE": 26100 }, "geometry": { "type": "MultiLineString", "coordinates": [ [ [ 114.000000003470646, 8.876760478640705 ], [ 113.993011478079325, 8.879239078188915 ], [ 113.98515320171127, 8.880787845278531 ], [ 113.981781009328046, 8.881110187197256 ], [ 113.979797366749551, 8.879562373781452 ], [ 113.978286746631994, 8.877243037843597 ], [ 113.978027347217363, 8.87046241345309 ], [ 113.980392459522079, 8.867077823303887 ], [ 113.986717227588954, 8.862897868774942 ], [ 113.988746646534409, 8.861313815735336 ], [ 113.993583682667349, 8.855361934326186 ], [ 113.995956424366682, 8.853055949828983 ], [ 113.998153689991824, 8.851270671508546 ] ] ] } },
{ "type": "Feature", "properties": { "fid": 377, "FNODE_": 1923, "TNODE_": 1924, "LPOLY_": 1, "RPOLY_": 1, "LENGTH": 0.116, "BOU2_4M_": 1684, "BOU2_4M_ID": 163, "GBCODE": 26100 }, "geometry": { "type": "MultiLineString", "coordinates": [ [ [ 113.932022098188696, 8.87843894543378 ], [ 113.929992679243128, 8.87892245831209 ], [ 113.923301700238397, 8.879444118162857 ], [ 113.915496829631977, 8.880022998472517 ], [ 113.90899658549047, 8.87943267407023 ], [ 113.905197147013212, 8.876502986569616 ], [ 113.90350342142662, 8.871014590877939 ], [ 113.902000430703112, 8.862768169062853 ], [ 113.902900699257515, 8.857471461908938 ], [ 113.908096316933779, 8.854864116327944 ], [ 113.912002566933907, 8.850440974848103 ], [ 113.918899539590882, 8.848497386591408 ], [ 113.923797610880513, 8.847734447138521 ], [ 113.924797061564675, 8.853232379573313 ], [ 113.92389679301003, 8.855314250606218 ], [ 113.922500613810925, 8.859009738582643 ], [ 113.928100589397857, 8.862600322384687 ], [ 113.93560028422317, 8.864324565549389 ], [ 113.939102176313611, 8.866108890195859 ], [ 113.941200259810117, 8.868144031187441 ], [ 113.940299991255671, 8.872752185484895 ], [ 113.935043338423327, 8.877074237487001 ] ] ] } },
{ "type": "Feature", "properties": { "fid": 378, "FNODE_": 1925, "TNODE_": 1925, "LPOLY_": 879, "RPOLY_": 1, "LENGTH": 0.016, "BOU2_4M_": 1685, "BOU2_4M_ID": 26010, "GBCODE": 26010 }, "geometry": { "type": "MultiLineString", "coordinates": [ [ [ 112.548172000343456, 8.845604892311513 ], [ 112.545013431007078, 8.845679278908012 ], [ 112.54293060629972, 8.84522914463049 ], [ 112.541770938330686, 8.843626018104366 ], [ 112.543380740576893, 8.842009540137935 ], [ 112.545921328956197, 8.842457767066838 ], [ 112.547317508155743, 8.844289775428933 ], [ 112.548172000343456, 8.845604892311513 ] ] ] } },
{ "type": "Feature", "properties": { "fid": 379, "FNODE_": 1926, "TNODE_": 1927, "LPOLY_": 1, "RPOLY_": 1, "LENGTH": 0.038, "BOU2_4M_": 1686, "BOU2_4M_ID": 165, "GBCODE": 26100 }, "geometry": { "type": "MultiLineString", "coordinates": [ [ [ 113.971092227585757, 8.847561832090022 ], [ 113.970657352097334, 8.846550937314436 ], [ 113.96877289164749, 8.841479297299109 ], [ 113.963157657271765, 8.841370578426684 ], [ 113.959533694869179, 8.844318385738832 ], [ 113.958892825728881, 8.849512096066546 ], [ 113.960121158248711, 8.85124206127681 ], [ 113.962356570846794, 8.852960582395312 ], [ 113.967018130905913, 8.852320666929211 ], [ 113.969589236863271, 8.852145190855159 ], [ 113.971351627, 8.849389072080514 ] ] ] } },
{ "type": "Feature", "properties": { "fid": 380, "FNODE_": 1928, "TNODE_": 1929, "LPOLY_": 1, "RPOLY_": 1, "LENGTH": 0.088, "BOU2_4M_": 1687, "BOU2_4M_ID": 167, "GBCODE": 26100 }, "geometry": { "type": "MultiLineString", "coordinates": [ [ [ 112.203102115040892, 8.855543132345419 ], [ 112.206398013478832, 8.854989047567765 ], [ 112.213798526175239, 8.855373378317687 ], [ 112.22419739092291, 8.856416698020524 ], [ 112.230201724419857, 8.856355662864562 ], [ 112.236396792780027, 8.854684825462343 ], [ 112.234298709283237, 8.849194522422007 ], [ 112.232200625786518, 8.845082278769024 ], [ 112.2310028108447, 8.84119033388316 ], [ 112.225402835257924, 8.84101676515728 ], [ 112.21640014970977, 8.841107364216871 ], [ 112.210403445607341, 8.84139823488305 ], [ 112.205299380665224, 8.841678615131862 ], [ 112.202598575001005, 8.844921107807917 ], [ 112.201698306446474, 8.848834987202936 ], [ 112.199897769337213, 8.854364390890076 ] ] ] } },
{ "type": "Feature", "properties": { "fid": 381, "FNODE_": 1930, "TNODE_": 1931, "LPOLY_": 1, "RPOLY_": 1, "LENGTH": 0.025, "BOU2_4M_": 1688, "BOU2_4M_ID": 166, "GBCODE": 26100 }, "geometry": { "type": "MultiLineString", "coordinates": [ [ [ 113.975517276414408, 8.847079272886093 ], [ 113.976806644090445, 8.848217960020104 ], [ 113.978668216356368, 8.848936076780554 ], [ 113.980171207079223, 8.849019046446198 ], [ 113.979026797899081, 8.845272060056505 ], [ 113.977287295945317, 8.839808459897055 ], [ 113.97521210063249, 8.838862414974908 ], [ 113.972717288620643, 8.841619487423852 ], [ 113.972633365281013, 8.84458732189688 ], [ 113.973892215378939, 8.845600124021065 ] ] ] } },
{ "type": "Feature", "properties": { "fid": 382, "FNODE_": 1932, "TNODE_": 1933, "LPOLY_": 1, "RPOLY_": 1, "LENGTH": 0.177, "BOU2_4M_": 1689, "BOU2_4M_ID": 15, "GBCODE": 26100 }, "geometry": { "type": "MultiLineString", "coordinates": [ [ [ 114.604980472292183, 8.833713527378171 ], [ 114.603446963991374, 8.835153575596024 ], [ 114.601379398073348, 8.83766936844291 ], [ 114.60373688098457, 8.847311969457396 ], [ 114.611892703740367, 8.858537669837574 ], [ 114.623283389777811, 8.86951922959304 ], [ 114.631416324349928, 8.87959575242188 ], [ 114.649032596325256, 8.88641357011179 ], [ 114.653182986950526, 8.883866306012584 ], [ 114.659866336560441, 8.880390163129304 ], [ 114.664009097791137, 8.876925464337655 ], [ 114.667442325330043, 8.870015140240366 ], [ 114.666252139782529, 8.864045139018861 ], [ 114.654876712534289, 8.854213710489168 ], [ 114.647453311654161, 8.850569720925282 ], [ 114.64259338733693, 8.847603793800591 ], [ 114.641647342414899, 8.846918101966978 ], [ 114.635391238898222, 8.843268390357268 ], [ 114.629837039678705, 8.842143054663389 ], [ 114.622200015751901, 8.84079837387662 ], [ 114.616172794071147, 8.83668708389779 ], [ 114.611526492800735, 8.832799907383347 ], [ 114.607101443972027, 8.832419391330777 ] ] ] } },
{ "type": "Feature", "properties": { "fid": 383, "FNODE_": 1934, "TNODE_": 1935, "LPOLY_": 1, "RPOLY_": 1, "LENGTH": 0.037, "BOU2_4M_": 1690, "BOU2_4M_ID": 168, "GBCODE": 26100 }, "geometry": { "type": "MultiLineString", "coordinates": [ [ [ 113.982231143602135, 8.839199062009069 ], [ 113.983039859422831, 8.842575069089641 ], [ 113.984252933153641, 8.845169063230651 ], [ 113.986747745165601, 8.844025607725277 ], [ 113.98864746440367, 8.838350291867787 ], [ 113.986526492723158, 8.831077571529777 ], [ 113.983551028855373, 8.828483577388718 ], [ 113.981498721726297, 8.829730029720267 ], [ 113.980957034714834, 8.833744998592799 ], [ 113.981773379930033, 8.837144847531262 ] ] ] } },
{ "type": "Feature", "properties": { "fid": 384, "FNODE_": 1936, "TNODE_": 1936, "LPOLY_": 880, "RPOLY_": 1, "LENGTH": 0.02, "BOU2_4M_": 1691, "BOU2_4M_ID": 26010, "GBCODE": 26010 }, "geometry": { "type": "MultiLineString", "coordinates": [ [ [ 112.629707339709597, 8.834228511394066 ], [ 112.628768924181912, 8.831245418131921 ], [ 112.629447940295051, 8.828253741800985 ], [ 112.630126956408375, 8.827101703226683 ], [ 112.632682803576785, 8.828467364848093 ], [ 112.633842471545719, 8.828690524638253 ], [ 112.633163455432523, 8.831222529948578 ], [ 112.632476809924697, 8.832605357707489 ], [ 112.629936221545591, 8.83468627506605 ], [ 112.629707339709597, 8.834228511394066 ] ] ] } },
{ "type": "Feature", "properties": { "fid": 385, "FNODE_": 1937, "TNODE_": 1937, "LPOLY_": 881, "RPOLY_": 1, "LENGTH": 0.018, "BOU2_4M_": 1692, "BOU2_4M_ID": 26010, "GBCODE": 26010 }, "geometry": { "type": "MultiLineString", "coordinates": [ [ [ 112.565711978371993, 8.82788276248839 ], [ 112.563873294289877, 8.830189700659963 ], [ 112.561569217141198, 8.831350322303095 ], [ 112.559722903664294, 8.830439563330708 ], [ 112.560173037941539, 8.828139300879219 ], [ 112.561546328957249, 8.826753612097383 ], [ 112.562927249367576, 8.826287265356708 ], [ 112.565696719582817, 8.826273913916452 ], [ 112.565711978371993, 8.82788276248839 ] ] ] } },
{ "type": "Feature", "properties": { "fid": 386, "FNODE_": 1938, "TNODE_": 1938, "LPOLY_": 1, "RPOLY_": 882, "LENGTH": 0.017, "BOU2_4M_": 1693, "BOU2_4M_ID": 26010, "GBCODE": 26010 }, "geometry": { "type": "MultiLineString", "coordinates": [ [ [ 112.571479800638343, 8.826704974707789 ], [ 112.573097232279281, 8.827845569190456 ], [ 112.575866702494466, 8.827372546729597 ], [ 112.57562256186921, 8.824156756934252 ], [ 112.576072696146511, 8.82254504733938 ], [ 112.573760989603187, 8.822327609595048 ], [ 112.572616580423386, 8.823021884497429 ], [ 112.572158816751582, 8.82486342960263 ], [ 112.571479800638343, 8.826704974707789 ] ] ] } },
{ "type": "Feature", "properties": { "fid": 387, "FNODE_": 1939, "TNODE_": 1940, "LPOLY_": 1, "RPOLY_": 1, "LENGTH": 0.25, "BOU2_4M_": 1694, "BOU2_4M_ID": 172, "GBCODE": 26100 }, "geometry": { "type": "MultiLineString", "coordinates": [ [ [ 112.53555298178749, 8.85255622440401 ], [ 112.536796573096382, 8.854255672036132 ], [ 112.539901736671183, 8.856288905679127 ], [ 112.546501162941496, 8.854147906838879 ], [ 112.553001407083187, 8.856142993509405 ], [ 112.561302188334381, 8.856280322611436 ], [ 112.571296695171824, 8.857547755778638 ], [ 112.580802920759226, 8.859509463848251 ], [ 112.588401797713502, 8.860342021526995 ], [ 112.594001773300263, 8.860968585553287 ], [ 112.599700931015789, 8.859066005292107 ], [ 112.60870361656329, 8.850237842144528 ], [ 112.612297061387707, 8.846291537822914 ], [ 112.617202762071955, 8.845548625530581 ], [ 112.625701907580762, 8.842925067486247 ], [ 112.631401065296231, 8.840563769878857 ], [ 112.636497500843461, 8.835682864727197 ], [ 112.639801028675393, 8.827605243266305 ], [ 112.638603213733418, 8.822337146341779 ], [ 112.630996707384483, 8.819437976419065 ], [ 112.619201663437408, 8.818193431435391 ], [ 112.607398990095831, 8.816948886451678 ], [ 112.594703677594097, 8.817779536780661 ], [ 112.586097720561597, 8.817417140539924 ], [ 112.576896670755644, 8.817749972875859 ], [ 112.566497806008073, 8.817635531957347 ], [ 112.557701114112504, 8.820260997350264 ], [ 112.549003604345955, 8.824492450292228 ], [ 112.542297366552347, 8.829159732396951 ], [ 112.536903384618483, 8.835651393469286 ], [ 112.533699038915515, 8.843954082068798 ], [ 112.533287051611083, 8.848413463172857 ], [ 112.534172061376978, 8.850268359718555 ] ] ] } },
{ "type": "Feature", "properties": { "fid": 388, "FNODE_": 1941, "TNODE_": 1942, "LPOLY_": 1, "RPOLY_": 1, "LENGTH": 0.031, "BOU2_4M_": 1695, "BOU2_4M_ID": 171, "GBCODE": 26100 }, "geometry": { "type": "MultiLineString", "coordinates": [ [ [ 114.000000003466297, 8.821610446590549 ], [ 113.995933536180914, 8.825274463314376 ], [ 113.992797855028542, 8.830022807736103 ], [ 113.991149905809323, 8.826816554683871 ], [ 113.989067081101695, 8.822539325374139 ], [ 113.991386417039152, 8.81816100658714 ], [ 113.99627685893401, 8.8144893604688 ], [ 113.996833804734834, 8.814015384333553 ] ] ] } },
{ "type": "Feature", "properties": { "fid": 389, "FNODE_": 1943, "TNODE_": 1944, "LPOLY_": 1, "RPOLY_": 1, "LENGTH": 0.023, "BOU2_4M_": 1696, "BOU2_4M_ID": 11, "GBCODE": 26100 }, "geometry": { "type": "MultiLineString", "coordinates": [ [ [ 114.000000003465573, 8.812394137995627 ], [ 114.002052310594408, 8.808362002985495 ], [ 114.006607059130175, 8.8087110477856 ], [ 114.006629947314153, 8.813537593501584 ], [ 114.005256656298712, 8.818137164730059 ], [ 114.003646854052477, 8.81882953228374 ], [ 114.001670840868726, 8.820096011775965 ] ] ] } },
{ "type": "Feature", "properties": { "fid": 390, "FNODE_": 1945, "TNODE_": 1946, "LPOLY_": 1, "RPOLY_": 1, "LENGTH": 0.266, "BOU2_4M_": 1697, "BOU2_4M_ID": 12, "GBCODE": 26100 }, "geometry": { "type": "MultiLineString", "coordinates": [ [ [ 114.000000003468543, 8.849911685607651 ], [ 114.004432681691171, 8.842663760802322 ], [ 114.013427737844069, 8.835059161802914 ], [ 114.020812991750702, 8.828145976682892 ], [ 114.031173709524609, 8.817547794003989 ], [ 114.038986209524509, 8.803739543575583 ], [ 114.032737735402407, 8.800997729915171 ], [ 114.025573733936767, 8.802165027278139 ], [ 114.018402103076383, 8.801263805048613 ], [ 114.014236453661738, 8.800355907099028 ], [ 114.011680606493044, 8.795305247918558 ], [ 114.013740543016269, 8.78932570995409 ], [ 114.025726321825871, 8.782861705437412 ], [ 114.031280521045176, 8.781008716240807 ], [ 114.040046695362463, 8.778228755608623 ], [ 114.046752933156213, 8.777062411919927 ], [ 114.051612857473359, 8.77888774456204 ], [ 114.057861331595433, 8.781169887201846 ], [ 114.06434631694826, 8.786897655147273 ], [ 114.066703799859582, 8.797922130246441 ], [ 114.06028747905934, 8.814715381285648 ], [ 114.055236819879653, 8.82323169293185 ], [ 114.046493533746599, 8.833825107239335 ], [ 114.039123538629212, 8.843266482972464 ], [ 114.035438541070562, 8.848331447267277 ], [ 114.031059268609454, 8.853169437074719 ], [ 114.025993350640306, 8.856398578310179 ], [ 114.018142703667138, 8.862623210573643 ], [ 114.007301334037535, 8.870923991824011 ], [ 114.006202701224936, 8.871667857790843 ], [ 114.004257205619353, 8.87331962170693 ] ] ] } },
{ "type": "Feature", "properties": { "fid": 391, "FNODE_": 1947, "TNODE_": 1948, "LPOLY_": 1, "RPOLY_": 1, "LENGTH": 0.299, "BOU2_4M_": 1698, "BOU2_4M_ID": 13, "GBCODE": 26100 }, "geometry": { "type": "MultiLineString", "coordinates": [ [ [ 114.222389224676192, 8.702754970210245 ], [ 114.218009952214743, 8.703355785029327 ], [ 114.21267700543703, 8.706959720271188 ], [ 114.207176211980098, 8.716858859676291 ], [ 114.203498843816021, 8.722385402340306 ], [ 114.200302127507811, 8.732276912351074 ], [ 114.19893646588713, 8.739404674192683 ], [ 114.197593692450269, 8.749520297667909 ], [ 114.196708682685284, 8.758945460938016 ], [ 114.197196963935994, 8.766986842774964 ], [ 114.199996951729943, 8.774791713381564 ], [ 114.209053043040186, 8.781198497440464 ], [ 114.214363101634646, 8.781870837833948 ], [ 114.224288943920826, 8.779082294133037 ], [ 114.230743411694505, 8.772168155338633 ], [ 114.238090518628098, 8.760885234500343 ], [ 114.243598941479632, 8.752133365297954 ], [ 114.246566775952004, 8.743621822023208 ], [ 114.249763492260087, 8.732352252625061 ], [ 114.25157928815814, 8.724991794250263 ], [ 114.25109863630216, 8.719018932005898 ], [ 114.246459964426293, 8.715816493650767 ], [ 114.241592410714475, 8.7123851734596 ], [ 114.237899783760938, 8.712856288571745 ], [ 114.235603336007074, 8.716770167966605 ], [ 114.233558658273154, 8.725508685728725 ], [ 114.228996280344148, 8.741149898193708 ], [ 114.22625732770787, 8.75103950085586 ], [ 114.223037723215612, 8.754956241273591 ], [ 114.217033389718765, 8.755205150269841 ], [ 114.21376800885848, 8.748781200073546 ], [ 114.221107486397216, 8.732901569029689 ], [ 114.225219730049119, 8.721628184934355 ], [ 114.225891116767542, 8.7163410145236 ], [ 114.228401187567982, 8.707830424923085 ], [ 114.225852969794005, 8.705080981868402 ], [ 114.225151065496945, 8.70416354717589 ] ] ] } },
{ "type": "Feature", "properties": { "fid": 392, "FNODE_": 1949, "TNODE_": 1950, "LPOLY_": 1, "RPOLY_": 1, "LENGTH": 0.015, "BOU2_4M_": 1699, "BOU2_4M_ID": 175, "GBCODE": 26100 }, "geometry": { "type": "MultiLineString", "coordinates": [ [ [ 111.922409060786237, 8.64968490171305 ], [ 111.915199282952926, 8.646739955423158 ], [ 111.910087588615923, 8.642299647805126 ] ] ] } },
{ "type": "Feature", "properties": { "fid": 393, "FNODE_": 1951, "TNODE_": 1952, "LPOLY_": 1, "RPOLY_": 1, "LENGTH": 0.126, "BOU2_4M_": 1700, "BOU2_4M_ID": 174, "GBCODE": 26100 }, "geometry": { "type": "MultiLineString", "coordinates": [ [ [ 111.638526919630749, 8.646320338709303 ], [ 111.640701297072724, 8.64961432979872 ], [ 111.64510345771825, 8.65439986751929 ], [ 111.651199343950182, 8.662615771756547 ], [ 111.652198794634344, 8.668578143583543 ], [ 111.660301211627967, 8.671724315154179 ], [ 111.66860199287926, 8.672573085296301 ], [ 111.67990112618179, 8.673854823578361 ], [ 111.685897830284148, 8.672425265778148 ], [ 111.682800296103267, 8.661889071928938 ], [ 111.679298404012513, 8.656178470121382 ], [ 111.671600344928692, 8.647057528957712 ], [ 111.66210174873568, 8.644152636989093 ], [ 111.65570068672298, 8.643747325404238 ], [ 111.649002078323434, 8.642196650965163 ], [ 111.642700198439684, 8.642478938562581 ], [ 111.637397769239712, 8.642522807580839 ] ] ] } },
{ "type": "Feature", "properties": { "fid": 394, "FNODE_": 1953, "TNODE_": 1953, "LPOLY_": 883, "RPOLY_": 1, "LENGTH": 0.029, "BOU2_4M_": 1701, "BOU2_4M_ID": 26010, "GBCODE": 26010 }, "geometry": { "type": "MultiLineString", "coordinates": [ [ [ 111.923393252680157, 8.639322276589644 ], [ 111.920829776117372, 8.640586848733239 ], [ 111.919212344476534, 8.641051288125302 ], [ 111.916442874261264, 8.640600200173399 ], [ 111.9148330720149, 8.640145297524352 ], [ 111.912742617912912, 8.638542170998129 ], [ 111.91272735912365, 8.635325427528477 ], [ 111.914573672600341, 8.633481975074737 ], [ 111.917350772210213, 8.634622569557482 ], [ 111.920593264886548, 8.635991092201889 ], [ 111.921737674066406, 8.635988231178946 ], [ 111.922897342035398, 8.636903758522909 ], [ 111.923393252680157, 8.639322276589644 ] ] ] } },
{ "type": "Feature", "properties": { "fid": 395, "FNODE_": 1954, "TNODE_": 1955, "LPOLY_": 1, "RPOLY_": 1, "LENGTH": 0.017, "BOU2_4M_": 1702, "BOU2_4M_ID": 175, "GBCODE": 26100 }, "geometry": { "type": "MultiLineString", "coordinates": [ [ [ 111.928352359125498, 8.629014964576822 ], [ 111.930427554438452, 8.63108157682089 ], [ 111.931701663325441, 8.632808681008179 ], [ 111.930900576900044, 8.639934535501261 ], [ 111.929489138911777, 8.642812724588476 ], [ 111.929023745845413, 8.64461803006963 ] ] ] } },
{ "type": "Feature", "properties": { "fid": 396, "FNODE_": 1956, "TNODE_": 1957, "LPOLY_": 1, "RPOLY_": 1, "LENGTH": 0.015, "BOU2_4M_": 1703, "BOU2_4M_ID": 175, "GBCODE": 26100 }, "geometry": { "type": "MultiLineString", "coordinates": [ [ [ 111.905181887931235, 8.636939044471692 ], [ 111.90512085277463, 8.63192367124101 ], [ 111.908599856681164, 8.62865924405574 ], [ 111.913299563712911, 8.626027102942384 ] ] ] } },
{ "type": "Feature", "properties": { "fid": 397, "FNODE_": 1958, "TNODE_": 1959, "LPOLY_": 1, "RPOLY_": 1, "LENGTH": 0.012, "BOU2_4M_": 1704, "BOU2_4M_ID": 18, "GBCODE": 26100 }, "geometry": { "type": "MultiLineString", "coordinates": [ [ [ 115.196907047029029, 8.361679073016361 ], [ 115.19415283560302, 8.362615581194966 ], [ 115.18998718618856, 8.363788600604058 ], [ 115.185623172516372, 8.365653987566803 ], [ 115.185173038239, 8.36588668410004 ] ] ] } },
{ "type": "Feature", "properties": { "fid": 398, "FNODE_": 1960, "TNODE_": 1961, "LPOLY_": 1, "RPOLY_": 1, "LENGTH": 0.134, "BOU2_4M_": 1705, "BOU2_4M_ID": 17, "GBCODE": 26100 }, "geometry": { "type": "MultiLineString", "coordinates": [ [ [ 115.214462283847524, 8.363181110065998 ], [ 115.219093326328533, 8.363152499836845 ], [ 115.224617007969655, 8.361969943684738 ], [ 115.227149966954272, 8.36149406020091 ], [ 115.230613712071801, 8.360783572835345 ], [ 115.236381534338065, 8.360748286886025 ], [ 115.240982059240707, 8.358192439718085 ], [ 115.245361331702114, 8.357706065816968 ], [ 115.255523685218847, 8.357642169638462 ], [ 115.261070255043762, 8.358526225730184 ], [ 115.265220645669245, 8.358730312034243 ], [ 115.271003726724629, 8.359613414451699 ], [ 115.272613528970822, 8.358454700157266 ], [ 115.269813541177214, 8.354565616294288 ], [ 115.264022830727043, 8.350925441427844 ], [ 115.257766727210623, 8.349816318197243 ], [ 115.253616336585253, 8.350761409444733 ], [ 115.246482852697824, 8.351954456014186 ], [ 115.242790225744315, 8.352437015218095 ], [ 115.237022403478136, 8.353161807698241 ], [ 115.233787540196516, 8.353181834858688 ], [ 115.228942874668661, 8.353900905293017 ], [ 115.224563602207283, 8.354157443683862 ], [ 115.21971893667947, 8.355106349628452 ], [ 115.214881900546189, 8.356055255573054 ], [ 115.203369144197652, 8.361180301349199 ] ] ] } },
{ "type": "Feature", "properties": { "fid": 399, "FNODE_": 1962, "TNODE_": 1963, "LPOLY_": 1, "RPOLY_": 1, "LENGTH": 0.298, "BOU2_4M_": 1706, "BOU2_4M_ID": 19, "GBCODE": 26100 }, "geometry": { "type": "MultiLineString", "coordinates": [ [ [ 115.150253299466726, 8.38006496016129 ], [ 115.157829288237622, 8.386270518939305 ], [ 115.163383487457153, 8.388074870746554 ], [ 115.171691898102665, 8.388255115192868 ], [ 115.181388858552907, 8.387278552693411 ], [ 115.187393192049612, 8.386552806538932 ], [ 115.194519046542268, 8.383063312215333 ], [ 115.19889068960903, 8.381197925252495 ], [ 115.203720096347638, 8.378641124410262 ], [ 115.215461734532155, 8.373973842306039 ], [ 115.220291141270764, 8.371417041463825 ], [ 115.22836304068548, 8.368380542440526 ], [ 115.23412323355717, 8.368115420980956 ], [ 115.238281253577156, 8.368089671774669 ], [ 115.246360782386674, 8.36780929152615 ], [ 115.250282291176177, 8.368014331504428 ], [ 115.261131290200751, 8.367028232261907 ], [ 115.266212466959175, 8.367685313866332 ], [ 115.274971011881888, 8.366022105858919 ], [ 115.280509952312102, 8.365297313378708 ], [ 115.283943179851178, 8.360450740502429 ], [ 115.28320312858105, 8.354711528465691 ], [ 115.277610782388379, 8.347164149924401 ], [ 115.269706729652611, 8.34101008955945 ], [ 115.263702396155736, 8.33966922347002 ], [ 115.251487735510068, 8.342502589863569 ], [ 115.242706302403619, 8.34255694929902 ], [ 115.234642032383277, 8.343296046893782 ], [ 115.219902042147694, 8.348442073504714 ], [ 115.214378360506601, 8.350543971697975 ], [ 115.206542972322282, 8.352200503985172 ], [ 115.200080875153631, 8.353158946672878 ], [ 115.190162662262054, 8.354826923051764 ], [ 115.183250430816116, 8.356476779618852 ], [ 115.17382049917488, 8.361588473954786 ], [ 115.162323001615434, 8.367172237077156 ], [ 115.156112674466556, 8.370196338334367 ], [ 115.152267459622692, 8.374058719316041 ], [ 115.151512149564098, 8.374818797746219 ], [ 115.149230960599269, 8.378048892656112 ] ] ] } },
{ "type": "Feature", "properties": { "fid": 400, "FNODE_": 1964, "TNODE_": 1965, "LPOLY_": 1, "RPOLY_": 1, "LENGTH": 0.071, "BOU2_4M_": 1707, "BOU2_4M_ID": 61141, "GBCODE": 26080 }, "geometry": { "type": "MultiLineString", "coordinates": [ [ [ 110.12869262982413, 8.316662783963759 ], [ 110.13024139691494, 8.327997203215869 ], [ 110.136421206486602, 8.333663936004939 ], [ 110.147239687933919, 8.337785716401557 ], [ 110.158576968209303, 8.339846606600096 ], [ 110.18639374067466, 8.339331622470535 ] ] ] } },
{ "type": "Feature", "properties": { "fid": 401, "FNODE_": 1966, "TNODE_": 1966, "LPOLY_": 1, "RPOLY_": 884, "LENGTH": 0.021, "BOU2_4M_": 1708, "BOU2_4M_ID": 26010, "GBCODE": 26010 }, "geometry": { "type": "MultiLineString", "coordinates": [ [ [ 113.359130862718331, 8.306526179827983 ], [ 113.361801150804723, 8.30804442934005 ], [ 113.363868716722976, 8.307799335040826 ], [ 113.365699771410561, 8.305947299518248 ], [ 113.366149905687763, 8.303646083392472 ], [ 113.365913394457152, 8.302040095843507 ], [ 113.363830569749865, 8.302054400958085 ], [ 113.362220767503558, 8.30229663423439 ], [ 113.361061099534737, 8.303235049761774 ], [ 113.359939578538544, 8.3037881808653 ], [ 113.359130862718331, 8.306526179827983 ] ] ] } },
{ "type": "Feature", "properties": { "fid": 402, "FNODE_": 1967, "TNODE_": 1967, "LPOLY_": 1, "RPOLY_": 885, "LENGTH": 0.017, "BOU2_4M_": 1709, "BOU2_4M_ID": 26010, "GBCODE": 26010 }, "geometry": { "type": "MultiLineString", "coordinates": [ [ [ 113.368156436449141, 8.295589442766676 ], [ 113.369331363207323, 8.298337932146952 ], [ 113.370719913012209, 8.298558230914153 ], [ 113.373710635668772, 8.297846789874235 ], [ 113.373222354418417, 8.293944354571019 ], [ 113.37184143400809, 8.293828959978594 ], [ 113.370231631761797, 8.294097896135797 ], [ 113.369293216234368, 8.294569964922379 ], [ 113.368156436449141, 8.295589442766676 ] ] ] } },
{ "type": "Feature", "properties": { "fid": 403, "FNODE_": 1968, "TNODE_": 1969, "LPOLY_": 1, "RPOLY_": 1, "LENGTH": 0.105, "BOU2_4M_": 1710, "BOU2_4M_ID": 61142, "GBCODE": 26080 }, "geometry": { "type": "MultiLineString", "coordinates": [ [ [ 110.205459597610172, 8.321299548494473 ], [ 110.205459597609746, 8.314601893769467 ], [ 110.203910830519092, 8.305843348846382 ], [ 110.188453677195525, 8.293478961331756 ], [ 110.174026492134189, 8.286781306606096 ], [ 110.158058169377597, 8.2847204164073 ], [ 110.138481143007695, 8.291418071131393 ], [ 110.128692629823377, 8.304813380580885 ] ] ] } },
{ "type": "Feature", "properties": { "fid": 404, "FNODE_": 1970, "TNODE_": 1970, "LPOLY_": 886, "RPOLY_": 1, "LENGTH": 0.015, "BOU2_4M_": 1711, "BOU2_4M_ID": 26010, "GBCODE": 26010 }, "geometry": { "type": "MultiLineString", "coordinates": [ [ [ 113.360206607342988, 8.249463077099199 ], [ 113.357658389569082, 8.247873302013385 ], [ 113.357872012615758, 8.245114322215709 ], [ 113.358779910564991, 8.243728633433927 ], [ 113.360168460369877, 8.243719096690837 ], [ 113.361801150799963, 8.246234889537837 ], [ 113.361236575604693, 8.247879977733815 ], [ 113.360206607342988, 8.249463077099199 ] ] ] } },
{ "type": "Feature", "properties": { "fid": 405, "FNODE_": 1971, "TNODE_": 1972, "LPOLY_": 1, "RPOLY_": 1, "LENGTH": 0.041, "BOU2_4M_": 1712, "BOU2_4M_ID": 9, "GBCODE": 26100 }, "geometry": { "type": "MultiLineString", "coordinates": [ [ [ 114.692169192955291, 8.220753665558076 ], [ 114.700942996667209, 8.220024104706528 ], [ 114.708778384851669, 8.219299312226536 ], [ 114.714317325282082, 8.220192905061454 ], [ 114.719612125087195, 8.217870708101072 ], [ 114.721687320399809, 8.216483111970664 ], [ 114.723281863856755, 8.213258739106644 ], [ 114.725563052821357, 8.206814761750161 ], [ 114.725318912196343, 8.206816669098828 ] ] ] } },
{ "type": "Feature", "properties": { "fid": 406, "FNODE_": 1973, "TNODE_": 1974, "LPOLY_": 1, "RPOLY_": 1, "LENGTH": 0.045, "BOU2_4M_": 1713, "BOU2_4M_ID": 8, "GBCODE": 26100 }, "geometry": { "type": "MultiLineString", "coordinates": [ [ [ 114.685653690023855, 8.208606715788271 ], [ 114.690689090414608, 8.203299518217237 ], [ 114.698509219809708, 8.198668475736751 ], [ 114.702430728599126, 8.197960849394168 ], [ 114.711196902916555, 8.197690959563166 ], [ 114.716743472741527, 8.198814387908389 ], [ 114.719978336023217, 8.19948863565032 ], [ 114.72644043319201, 8.200607295624033 ], [ 114.725982669520121, 8.201069827667531 ] ] ] } },
{ "type": "Feature", "properties": { "fid": 407, "FNODE_": 1975, "TNODE_": 1975, "LPOLY_": 887, "RPOLY_": 1, "LENGTH": 0.016, "BOU2_4M_": 1714, "BOU2_4M_ID": 26010, "GBCODE": 26010 }, "geometry": { "type": "MultiLineString", "coordinates": [ [ [ 113.339210513585215, 8.184591289065454 ], [ 113.337356570713723, 8.182766910097827 ], [ 113.336418155186124, 8.180934901735773 ], [ 113.337333682529859, 8.179090495607682 ], [ 113.338241580479121, 8.178164477846364 ], [ 113.339401248448041, 8.178385730287903 ], [ 113.339416507237274, 8.180684085390697 ], [ 113.340110782139789, 8.181597705385942 ], [ 113.339210513585215, 8.184591289065454 ] ] ] } },
{ "type": "Feature", "properties": { "fid": 408, "FNODE_": 1976, "TNODE_": 1976, "LPOLY_": 888, "RPOLY_": 1, "LENGTH": 0.014, "BOU2_4M_": 1715, "BOU2_4M_ID": 26010, "GBCODE": 26010 }, "geometry": { "type": "MultiLineString", "coordinates": [ [ [ 113.331069949618467, 8.173851008912369 ], [ 113.328987124911066, 8.172717090149902 ], [ 113.328292850008538, 8.171343799134087 ], [ 113.328269961824773, 8.169276233215808 ], [ 113.330337527743012, 8.169031138916607 ], [ 113.331733706942472, 8.170169826050634 ], [ 113.331970218173055, 8.17108726074315 ], [ 113.332122806063836, 8.173023219605698 ], [ 113.331069949618467, 8.173851008912369 ] ] ] } },
{ "type": "Feature", "properties": { "fid": 409, "FNODE_": 1977, "TNODE_": 1978, "LPOLY_": 1, "RPOLY_": 1, "LENGTH": 0.163, "BOU2_4M_": 1716, "BOU2_4M_ID": 61139, "GBCODE": 26080 }, "geometry": { "type": "MultiLineString", "coordinates": [ [ [ 110.452926638654262, 8.15312575850683 ], [ 110.461906436019419, 8.160308833459359 ], [ 110.474487307604022, 8.169287677150102 ], [ 110.499633791983896, 8.183653827055574 ], [ 110.533737185544297, 8.189041133271337 ], [ 110.56607055957268, 8.187245364534922 ], [ 110.593009951666488, 8.183653827060292 ], [ 110.60378265674585, 8.176470752108715 ] ] ] } },
{ "type": "Feature", "properties": { "fid": 410, "FNODE_": 1979, "TNODE_": 1980, "LPOLY_": 1, "RPOLY_": 1, "LENGTH": 0.024, "BOU2_4M_": 1717, "BOU2_4M_ID": 5, "GBCODE": 26100 }, "geometry": { "type": "MultiLineString", "coordinates": [ [ [ 114.57321167340433, 8.151658053970543 ], [ 114.576202396060864, 8.150956149673764 ], [ 114.58383179059328, 8.153910632706802 ], [ 114.587989810613294, 8.15412330207967 ], [ 114.594688419012726, 8.156392093279074 ], [ 114.595848086981647, 8.156617160417886 ], [ 114.595848086981647, 8.156846995928113 ] ] ] } },
{ "type": "Feature", "properties": { "fid": 411, "FNODE_": 1981, "TNODE_": 1982, "LPOLY_": 1, "RPOLY_": 1, "LENGTH": 0.027, "BOU2_4M_": 1718, "BOU2_4M_ID": 4, "GBCODE": 26100 }, "geometry": { "type": "MultiLineString", "coordinates": [ [ [ 114.531158450742154, 8.140114780040758 ], [ 114.538322452207979, 8.141693111035032 ], [ 114.546638492248235, 8.144416804883571 ], [ 114.550346377991147, 8.147617335889999 ], [ 114.555892947815991, 8.147594447706759 ], [ 114.555656436585522, 8.147825236891322 ] ] ] } },
{ "type": "Feature", "properties": { "fid": 412, "FNODE_": 1983, "TNODE_": 1984, "LPOLY_": 1, "RPOLY_": 1, "LENGTH": 0.05, "BOU2_4M_": 1719, "BOU2_4M_ID": 6, "GBCODE": 26100 }, "geometry": { "type": "MultiLineString", "coordinates": [ [ [ 114.604621890693778, 8.158647533038284 ], [ 114.611999515206278, 8.157696719745172 ], [ 114.614990237862727, 8.155615802386755 ], [ 114.616119388253054, 8.150326724627444 ], [ 114.607322696356917, 8.143702502824375 ], [ 114.599449161199445, 8.140059466934806 ], [ 114.593208316471944, 8.137558932876535 ], [ 114.586982730533578, 8.136206622695275 ], [ 114.587196353580495, 8.136436458205635 ] ] ] } },
{ "type": "Feature", "properties": { "fid": 413, "FNODE_": 1985, "TNODE_": 1985, "LPOLY_": 1, "RPOLY_": 889, "LENGTH": 0.012, "BOU2_4M_": 1720, "BOU2_4M_ID": 26010, "GBCODE": 26010 }, "geometry": { "type": "MultiLineString", "coordinates": [ [ [ 113.301979068264004, 8.135230060114607 ], [ 113.302436831936049, 8.136605258479037 ], [ 113.304069522366049, 8.137742991938769 ], [ 113.304763797268464, 8.137508388056993 ], [ 113.305656436428578, 8.135433192744239 ], [ 113.304733279690097, 8.134291644587373 ], [ 113.302429202541305, 8.133848186030033 ], [ 113.301979068264004, 8.135230060114607 ] ] ] } },
{ "type": "Feature", "properties": { "fid": 414, "FNODE_": 1986, "TNODE_": 1986, "LPOLY_": 1, "RPOLY_": 890, "LENGTH": 0.012, "BOU2_4M_": 1721, "BOU2_4M_ID": 26010, "GBCODE": 26010 }, "geometry": { "type": "MultiLineString", "coordinates": [ [ [ 113.293830874902909, 8.126707072747383 ], [ 113.29293823574271, 8.127712245476973 ], [ 113.294097903711744, 8.129542346490412 ], [ 113.296401980860438, 8.128836627496382 ], [ 113.29662323330173, 8.126996989739826 ], [ 113.296142581446105, 8.125621791375394 ], [ 113.29385376308646, 8.126097674859205 ], [ 113.293830874902909, 8.126707072747383 ] ] ] } },
{ "type": "Feature", "properties": { "fid": 415, "FNODE_": 1987, "TNODE_": 1988, "LPOLY_": 1, "RPOLY_": 1, "LENGTH": 0.019, "BOU2_4M_": 1722, "BOU2_4M_ID": 3, "GBCODE": 26100 }, "geometry": { "type": "MultiLineString", "coordinates": [ [ [ 114.496482852592266, 8.125319476692161 ], [ 114.500648502007039, 8.127830501167775 ], [ 114.505500796929553, 8.128729816048557 ], [ 114.508506778375448, 8.131245608895741 ], [ 114.513366702692608, 8.133522983163873 ], [ 114.513603213923133, 8.133751864999862 ] ] ] } },
{ "type": "Feature", "properties": { "fid": 416, "FNODE_": 1989, "TNODE_": 1990, "LPOLY_": 1, "RPOLY_": 1, "LENGTH": 0.048, "BOU2_4M_": 1723, "BOU2_4M_ID": 7, "GBCODE": 26100 }, "geometry": { "type": "MultiLineString", "coordinates": [ [ [ 114.575668338442412, 8.136254306410406 ], [ 114.570358279847881, 8.134668346021718 ], [ 114.559272769592567, 8.133336063000787 ], [ 114.55280304302913, 8.131065364452793 ], [ 114.54238891949224, 8.125135417552031 ], [ 114.536613467831202, 8.122860904306787 ], [ 114.530853274959426, 8.122654910654026 ], [ 114.530616763728929, 8.122655864328367 ] ] ] } },
{ "type": "Feature", "properties": { "fid": 417, "FNODE_": 1991, "TNODE_": 1992, "LPOLY_": 1, "RPOLY_": 1, "LENGTH": 0.682, "BOU2_4M_": 1724, "BOU2_4M_ID": 183, "GBCODE": 26100 }, "geometry": { "type": "MultiLineString", "coordinates": [ [ [ 113.279052737695054, 8.141057963861469 ], [ 113.283798221094656, 8.148316379084761 ], [ 113.290100100979117, 8.159024234310985 ], [ 113.299003604399118, 8.169926639097961 ], [ 113.306098941314843, 8.179477687378288 ], [ 113.315399173250228, 8.186929698488123 ], [ 113.322898868075967, 8.193947787783802 ], [ 113.327796939366067, 8.198933597110901 ], [ 113.333099368566195, 8.201617236637855 ], [ 113.336997989171905, 8.198120112919403 ], [ 113.338401797765613, 8.195345874332755 ], [ 113.33409881924895, 8.1892023043855 ], [ 113.326896670809859, 8.18080424835383 ], [ 113.32170105313287, 8.173754687805827 ], [ 113.315299991119545, 8.163966174620732 ], [ 113.310600284087016, 8.155532832639464 ], [ 113.304496768460538, 8.146659846798213 ], [ 113.299301150783563, 8.140069003596466 ], [ 113.296501162989955, 8.136432643427408 ], [ 113.291801455957582, 8.130065913690045 ], [ 113.28780365322234, 8.125526423943233 ], [ 113.285499576073434, 8.123491282951614 ], [ 113.284599307518448, 8.120978351127532 ], [ 113.285896304588462, 8.114990230094206 ], [ 113.294898990136829, 8.119002337944343 ], [ 113.299400332911233, 8.123993869317262 ], [ 113.311698916898067, 8.134851451411562 ], [ 113.31880188320828, 8.143940921322693 ], [ 113.327697757233679, 8.153924937742838 ], [ 113.336997989169234, 8.163443561096557 ], [ 113.345001224034377, 8.174128528139287 ], [ 113.351799014563525, 8.18597697784811 ], [ 113.357803348061282, 8.197149272466469 ], [ 113.36409759855114, 8.207166667487533 ], [ 113.370002749919806, 8.216502185372322 ], [ 113.375297549726326, 8.230669017344455 ], [ 113.378700259688671, 8.243252749951164 ], [ 113.37940216398691, 8.260008807692376 ], [ 113.379699710374595, 8.271945949112265 ], [ 113.381301883227195, 8.282488818681458 ], [ 113.380500796802266, 8.294672008074931 ], [ 113.376899722583644, 8.302759166278776 ], [ 113.371902469165363, 8.307190890827357 ], [ 113.368103030688673, 8.31206607393316 ], [ 113.358398440843615, 8.311510081806045 ], [ 113.352996829514638, 8.309744830645849 ], [ 113.349502566818558, 8.305659289873713 ], [ 113.348098758224211, 8.300167079484767 ], [ 113.346298221113742, 8.289167399917902 ], [ 113.345298770429324, 8.280224795851868 ], [ 113.349098208905957, 8.274889941725492 ], [ 113.351501468183031, 8.267048831495265 ], [ 113.350898746014153, 8.256262774975388 ], [ 113.349197391032689, 8.246180530101068 ], [ 113.348197940348427, 8.239304538278907 ], [ 113.344802859781055, 8.232690806893629 ], [ 113.337196353431921, 8.226365085151736 ], [ 113.328498843664548, 8.218444819952571 ], [ 113.32150268887797, 8.211878772282892 ], [ 113.313102725497401, 8.204873080753266 ], [ 113.307296756257884, 8.198751445315201 ], [ 113.301399234283906, 8.191481586000059 ], [ 113.294799808012954, 8.184451098938265 ], [ 113.289703372464928, 8.177860255736494 ], [ 113.285400393948166, 8.170569415586431 ], [ 113.281196597560381, 8.164196010128935 ], [ 113.276000979883136, 8.154161448970228 ], [ 113.272003177147539, 8.145030017389303 ], [ 113.267501834372993, 8.138199801934178 ], [ 113.26439667079805, 8.1341075854418 ], [ 113.261596683004242, 8.127944942008295 ], [ 113.263900760152794, 8.125389094840221 ], [ 113.267097476461657, 8.123738284598499 ], [ 113.270301822165294, 8.124613757621226 ], [ 113.275299075584741, 8.135339732659419 ], [ 113.277297976952397, 8.138121600640831 ] ] ] } },
{ "type": "Feature", "properties": { "fid": 418, "FNODE_": 1993, "TNODE_": 1994, "LPOLY_": 1, "RPOLY_": 1, "LENGTH": 0.028, "BOU2_4M_": 1725, "BOU2_4M_ID": 2, "GBCODE": 26100 }, "geometry": { "type": "MultiLineString", "coordinates": [ [ [ 114.494361880911555, 8.115678783026404 ], [ 114.500358585013743, 8.114736552802048 ], [ 114.505432132377649, 8.114945407477714 ], [ 114.513969424859155, 8.115370746223409 ], [ 114.521598819391613, 8.119016643135959 ] ] ] } },
{ "type": "Feature", "properties": { "fid": 419, "FNODE_": 1995, "TNODE_": 1996, "LPOLY_": 1, "RPOLY_": 1, "LENGTH": 0.024, "BOU2_4M_": 1726, "BOU2_4M_ID": 184, "GBCODE": 26100 }, "geometry": { "type": "MultiLineString", "coordinates": [ [ [ 113.272796634177155, 8.122283931266136 ], [ 113.268402102926643, 8.123030658255704 ], [ 113.265197757223049, 8.122614856253522 ], [ 113.262397769429697, 8.122422214041448 ], [ 113.25990295741768, 8.122685428152618 ], [ 113.257598880268787, 8.120650287161045 ], [ 113.2528991732365, 8.11543082762644 ], [ 113.25189209315819, 8.114656444081366 ] ] ] } },
{ "type": "Feature", "properties": { "fid": 420, "FNODE_": 1997, "TNODE_": 1998, "LPOLY_": 1, "RPOLY_": 1, "LENGTH": 0.139, "BOU2_4M_": 1727, "BOU2_4M_ID": 10, "GBCODE": 26100 }, "geometry": { "type": "MultiLineString", "coordinates": [ [ [ 114.789237979583106, 8.165387149445115 ], [ 114.794990543060067, 8.161912913910431 ], [ 114.802322391204697, 8.15291785775762 ], [ 114.806198123626373, 8.145317073455249 ], [ 114.80870819442697, 8.139790530791251 ], [ 114.811203006438234, 8.131048198331976 ], [ 114.81230926864481, 8.124150272000735 ], [ 114.812042239835719, 8.118408198941012 ], [ 114.810409549405605, 8.115428920376118 ], [ 114.801170352626954, 8.112487788783412 ], [ 114.797943118739838, 8.112503047572217 ], [ 114.784103397058615, 8.113030429468383 ], [ 114.775833133386229, 8.118583675012887 ], [ 114.782310489344354, 8.122458453761295 ], [ 114.788581851650463, 8.130469318020364 ], [ 114.787467960049355, 8.138055797208093 ], [ 114.784973148037906, 8.144500728238937 ], [ 114.784301761319398, 8.148180003751971 ], [ 114.783386233975847, 8.151630397429049 ], [ 114.782257083585336, 8.155082698454802 ], [ 114.781799319913446, 8.15531444131364 ] ] ] } },
{ "type": "Feature", "properties": { "fid": 421, "FNODE_": 1999, "TNODE_": 1999, "LPOLY_": 891, "RPOLY_": 1, "LENGTH": 0.016, "BOU2_4M_": 1728, "BOU2_4M_ID": 26010, "GBCODE": 26010 }, "geometry": { "type": "MultiLineString", "coordinates": [ [ [ 113.273918155172552, 8.111534114370466 ], [ 113.270233157613447, 8.111100192556194 ], [ 113.26907348964437, 8.108811374196502 ], [ 113.269050601460648, 8.10720347929885 ], [ 113.270660403706941, 8.106962199696907 ], [ 113.27345276210589, 8.10901069212891 ], [ 113.274383548238916, 8.109922404775547 ], [ 113.273918155172552, 8.111534114370466 ] ] ] } },
{ "type": "Feature", "properties": { "fid": 422, "FNODE_": 2000, "TNODE_": 2001, "LPOLY_": 1, "RPOLY_": 1, "LENGTH": 0.072, "BOU2_4M_": 1729, "BOU2_4M_ID": 1, "GBCODE": 26100 }, "geometry": { "type": "MultiLineString", "coordinates": [ [ [ 114.112121585455569, 8.120412822309092 ], [ 114.108627322759176, 8.112381930889507 ], [ 114.11160278662588, 8.101805682719515 ], [ 114.1157302890675, 8.098117824137862 ], [ 114.12381744727189, 8.101541514934651 ], [ 114.129142764655683, 8.105661387982346 ], [ 114.134933475106124, 8.112077708784188 ], [ 114.133796695321237, 8.117135043684572 ], [ 114.128959659188112, 8.120366092268625 ], [ 114.125503543465129, 8.121523852888648 ], [ 114.12319946631645, 8.122220035139581 ], [ 114.118362430183112, 8.122922893110511 ], [ 114.118133548347103, 8.122464175764248 ] ] ] } },
{ "type": "Feature", "properties": { "fid": 423, "FNODE_": 2002, "TNODE_": 2003, "LPOLY_": 1, "RPOLY_": 1, "LENGTH": 0.215, "BOU2_4M_": 1730, "BOU2_4M_ID": 61140, "GBCODE": 26080 }, "geometry": { "type": "MultiLineString", "coordinates": [ [ [ 110.605583193853846, 8.151329989776544 ], [ 110.601982119634073, 8.144146914824201 ], [ 110.596603396488106, 8.135168071133824 ], [ 110.585823062012949, 8.122597689967133 ], [ 110.575050356932067, 8.106435771324406 ], [ 110.564277651851441, 8.093865390157713 ], [ 110.540931704581467, 8.083090777728405 ], [ 110.50861358934192, 8.081295008988745 ], [ 110.472686770488522, 8.079499240248916 ], [ 110.443962100074444, 8.088478083937572 ], [ 110.436782839820566, 8.10643577131744 ] ] ] } },
{ "type": "Feature", "properties": { "fid": 424, "FNODE_": 2004, "TNODE_": 2004, "LPOLY_": 892, "RPOLY_": 1, "LENGTH": 0.014, "BOU2_4M_": 1731, "BOU2_4M_ID": 26010, "GBCODE": 26010 }, "geometry": { "type": "MultiLineString", "coordinates": [ [ [ 113.231536868543515, 8.080583568099664 ], [ 113.227172854871128, 8.08153247404438 ], [ 113.226013186902193, 8.081081386092547 ], [ 113.226226809948983, 8.079471583846308 ], [ 113.227142337292761, 8.078316684249055 ], [ 113.229858401746256, 8.078685756209698 ], [ 113.231246951551213, 8.079607959273838 ], [ 113.231536868543515, 8.080583568099664 ] ] ] } },
{ "type": "Feature", "properties": { "fid": 425, "FNODE_": 2005, "TNODE_": 2006, "LPOLY_": 1, "RPOLY_": 1, "LENGTH": 0.145, "BOU2_4M_": 1732, "BOU2_4M_ID": 184, "GBCODE": 26100 }, "geometry": { "type": "MultiLineString", "coordinates": [ [ [ 113.248802188372466, 8.112504001148825 ], [ 113.247299197649497, 8.111142154224746 ], [ 113.244300845598133, 8.108427043445436 ], [ 113.238403323624311, 8.103681560046107 ], [ 113.23380279872103, 8.099151607042389 ], [ 113.229103091688671, 8.092783923630725 ], [ 113.222801211804509, 8.086208339217965 ], [ 113.219497683971639, 8.080740924361136 ], [ 113.217597964732704, 8.075714107038735 ], [ 113.219596866099735, 8.070176120282806 ], [ 113.226699832409125, 8.068474765302584 ], [ 113.232498172253742, 8.069775577070629 ], [ 113.241996768446938, 8.076766963485616 ], [ 113.250198367569666, 8.084007258897113 ], [ 113.259696963762892, 8.091457362658261 ], [ 113.266502383686145, 8.097797389514872 ], [ 113.273696902730478, 8.10298156309991 ], [ 113.280502322653689, 8.108861918935979 ], [ 113.282798770408135, 8.111815448294353 ], [ 113.281700137595735, 8.115045543204342 ], [ 113.278800967673803, 8.119448657523524 ], [ 113.276397708396217, 8.120375628959058 ] ] ] } },
{ "type": "Feature", "properties": { "fid": 426, "FNODE_": 2007, "TNODE_": 2008, "LPOLY_": 1, "RPOLY_": 1, "LENGTH": 0.081, "BOU2_4M_": 1733, "BOU2_4M_ID": 186, "GBCODE": 26100 }, "geometry": { "type": "MultiLineString", "coordinates": [ [ [ 113.895782474091007, 8.000001903092551 ], [ 113.893096927216078, 8.005233760392704 ], [ 113.890403750946589, 8.009867663896493 ], [ 113.892303470185453, 8.014431949175462 ], [ 113.897003177217698, 8.019412990130927 ], [ 113.902603152804517, 8.021623607196929 ], [ 113.909301761203821, 8.021981235066018 ], [ 113.92009735446689, 8.022274013081871 ], [ 113.927001956518609, 8.023085589925714 ], [ 113.935699466285058, 8.019966121236923 ], [ 113.937896731909504, 8.00959872774223 ], [ 113.939758304175015, 8.005387301960699 ], [ 113.940666202124163, 8.002919192829555 ] ] ] } },
{ "type": "Feature", "properties": { "fid": 427, "FNODE_": 2009, "TNODE_": 2009, "LPOLY_": 893, "RPOLY_": 1, "LENGTH": 0.026, "BOU2_4M_": 1734, "BOU2_4M_ID": 26010, "GBCODE": 26010 }, "geometry": { "type": "MultiLineString", "coordinates": [ [ [ 113.93109894137919, 7.983137126481539 ], [ 113.930198672824616, 7.985901828325067 ], [ 113.925498965792841, 7.986627097642521 ], [ 113.922096255831505, 7.987112994706508 ], [ 113.920898440889815, 7.985283847367364 ], [ 113.921401980928806, 7.983673091446844 ], [ 113.924797061495482, 7.98157786897368 ], [ 113.928703311495951, 7.981546874558624 ], [ 113.93109894137919, 7.983137126481539 ] ] ] } },
{ "type": "Feature", "properties": { "fid": 428, "FNODE_": 2010, "TNODE_": 2011, "LPOLY_": 1, "RPOLY_": 1, "LENGTH": 0.092, "BOU2_4M_": 1735, "BOU2_4M_ID": 61138, "GBCODE": 26080 }, "geometry": { "type": "MultiLineString", "coordinates": [ [ [ 110.603782656732264, 7.9699578240736 ], [ 110.594802859367945, 7.9753451302872 ], [ 110.589416506830048, 8.005872721996084 ], [ 110.591209414546583, 8.027421946852373 ], [ 110.593009951657308, 8.043583865494636 ], [ 110.596603396482905, 8.056154246660924 ] ] ] } },
{ "type": "Feature", "properties": { "fid": 429, "FNODE_": 2012, "TNODE_": 2013, "LPOLY_": 1, "RPOLY_": 1, "LENGTH": 0.119, "BOU2_4M_": 1736, "BOU2_4M_ID": 61137, "GBCODE": 26080 }, "geometry": { "type": "MultiLineString", "coordinates": [ [ [ 110.612762454103915, 8.075907702779981 ], [ 110.623542788577765, 8.068724627828429 ], [ 110.632507327152666, 8.057950015400776 ], [ 110.637901309085919, 8.039992328020922 ], [ 110.63790130908427, 8.01485156568863 ], [ 110.637901309082835, 7.993302817669591 ], [ 110.62712860400174, 7.973549361550802 ], [ 110.625328066891868, 7.969957824074705 ] ] ] } },
{ "type": "Feature", "properties": { "fid": 430, "FNODE_": 2014, "TNODE_": 2015, "LPOLY_": 1, "RPOLY_": 1, "LENGTH": 0.143, "BOU2_4M_": 1737, "BOU2_4M_ID": 67, "GBCODE": 26100 }, "geometry": { "type": "MultiLineString", "coordinates": [ [ [ 113.940902713354419, 8.000012393512868 ], [ 113.947097781713651, 7.988687034167519 ], [ 113.951797488744788, 7.979973788774994 ], [ 113.957397464330683, 7.971035953081048 ], [ 113.960197452123424, 7.963693137681204 ], [ 113.961196902806407, 7.954500194107278 ], [ 113.959701541477514, 7.947362895522412 ], [ 113.950599673800397, 7.944781775984191 ], [ 113.941001895479388, 7.950934882673684 ], [ 113.935501102022073, 7.955962176832869 ], [ 113.930297854951633, 7.962141032729193 ], [ 113.924102786592044, 7.969232078109195 ], [ 113.918899539521504, 7.974258895431214 ], [ 113.910697940400084, 7.982944007431146 ], [ 113.905998233368649, 7.987971778427544 ], [ 113.900901797821575, 7.993457789932951 ], [ 113.897308352997271, 7.998083110367785 ] ] ] } },
{ "type": "Feature", "properties": { "fid": 431, "FNODE_": 2016, "TNODE_": 2017, "LPOLY_": 1, "RPOLY_": 1, "LENGTH": 0.113, "BOU2_4M_": 1738, "BOU2_4M_ID": 61141, "GBCODE": 26080 }, "geometry": { "type": "MultiLineString", "coordinates": [ [ [ 109.919593813846589, 7.905310149470532 ], [ 109.932167056037699, 7.930450911803429 ], [ 109.939346316293651, 7.944817061707989 ], [ 109.957313540418539, 7.959183211613011 ], [ 109.987838747943528, 7.968162055304584 ], [ 110.00219726845377, 7.969957824043346 ] ] ] } },
{ "type": "Feature", "properties": { "fid": 432, "FNODE_": 2018, "TNODE_": 2019, "LPOLY_": 1, "RPOLY_": 1, "LENGTH": 0.115, "BOU2_4M_": 1739, "BOU2_4M_ID": 61151, "GBCODE": 26080 }, "geometry": { "type": "MultiLineString", "coordinates": [ [ [ 111.642799380519335, 7.936565871610279 ], [ 111.645347598293284, 7.939111705198385 ], [ 111.652976992826112, 7.945476050750054 ], [ 111.668258670074707, 7.94929456271429 ], [ 111.687347415194751, 7.950567241090734 ], [ 111.702621463048274, 7.946748729128191 ], [ 111.715347293127721, 7.939111705202198 ], [ 111.721717837561314, 7.926382537262802 ], [ 111.725540164221044, 7.912380690947884 ], [ 111.725540164220504, 7.904743667021225 ] ] ] } },
{ "type": "Feature", "properties": { "fid": 433, "FNODE_": 2020, "TNODE_": 2021, "LPOLY_": 1, "RPOLY_": 1, "LENGTH": 0.084, "BOU2_4M_": 1740, "BOU2_4M_ID": 61152, "GBCODE": 26080 }, "geometry": { "type": "MultiLineString", "coordinates": [ [ [ 111.721717837558799, 7.890741820705843 ], [ 111.716629031405532, 7.888195987117569 ], [ 111.71280670474502, 7.890741820705335 ], [ 111.705169680818855, 7.900924678219525 ], [ 111.694976809723897, 7.90474366701948 ], [ 111.682258609038627, 7.907289500606733 ], [ 111.661903384426211, 7.90601634539307 ], [ 111.645347598291139, 7.90856217898011 ] ] ] } },
{ "type": "Feature", "properties": { "fid": 434, "FNODE_": 2022, "TNODE_": 2023, "LPOLY_": 1, "RPOLY_": 1, "LENGTH": 0.142, "BOU2_4M_": 1741, "BOU2_4M_ID": 61142, "GBCODE": 26080 }, "geometry": { "type": "MultiLineString", "coordinates": [ [ [ 110.02913666054701, 7.955591674140532 ], [ 110.029136660546897, 7.953795905402483 ], [ 110.02734375283039, 7.932246680546108 ], [ 110.020156863179551, 7.912493224427564 ], [ 110.00399780555864, 7.894535537046597 ], [ 109.984252932507928, 7.883761401454624 ], [ 109.968078616098765, 7.878374095239803 ], [ 109.933959963749317, 7.87478255776203 ] ] ] } },
{ "type": "Feature", "properties": { "fid": 435, "FNODE_": 2024, "TNODE_": 2024, "LPOLY_": 1, "RPOLY_": 894, "LENGTH": 0.026, "BOU2_4M_": 1742, "BOU2_4M_ID": 26010, "GBCODE": 26010 }, "geometry": { "type": "MultiLineString", "coordinates": [ [ [ 112.900749209791101, 7.857114787536629 ], [ 112.900001529127195, 7.860174651581102 ], [ 112.901321414381556, 7.864064689118253 ], [ 112.904388430983573, 7.864814277131206 ], [ 112.90779114094488, 7.863536830384423 ], [ 112.907417300612437, 7.8590693430487 ], [ 112.904266360670491, 7.857326980072247 ], [ 112.900749209791101, 7.857114787536629 ] ] ] } },
{ "type": "Feature", "properties": { "fid": 436, "FNODE_": 2025, "TNODE_": 2026, "LPOLY_": 1, "RPOLY_": 1, "LENGTH": 0.04, "BOU2_4M_": 1743, "BOU2_4M_ID": 68, "GBCODE": 26100 }, "geometry": { "type": "MultiLineString", "coordinates": [ [ [ 112.913497928055051, 7.863947864015191 ], [ 112.909103396805079, 7.872190947969758 ], [ 112.902198794753261, 7.870529170472763 ], [ 112.893898013501939, 7.867703910309629 ], [ 112.891197207836925, 7.860095973449432 ], [ 112.892601016430376, 7.853898997740865 ] ] ] } },
{ "type": "Feature", "properties": { "fid": 437, "FNODE_": 2027, "TNODE_": 2028, "LPOLY_": 1, "RPOLY_": 1, "LENGTH": 0.117, "BOU2_4M_": 1744, "BOU2_4M_ID": 61143, "GBCODE": 26080 }, "geometry": { "type": "MultiLineString", "coordinates": [ [ [ 110.433181765580073, 7.781402583410342 ], [ 110.43856811812077, 7.793972964576775 ], [ 110.458328249961113, 7.813726420695884 ], [ 110.472686770471981, 7.826296801862764 ], [ 110.496032717741357, 7.828092570601945 ], [ 110.513992312470577, 7.82629680186488 ], [ 110.526573184054101, 7.819113726913444 ] ] ] } },
{ "type": "Feature", "properties": { "fid": 438, "FNODE_": 2029, "TNODE_": 2030, "LPOLY_": 1, "RPOLY_": 1, "LENGTH": 0.12, "BOU2_4M_": 1745, "BOU2_4M_ID": 61144, "GBCODE": 26080 }, "geometry": { "type": "MultiLineString", "coordinates": [ [ [ 110.530158999483291, 7.802951808271573 ], [ 110.528358462373262, 7.797564502057381 ], [ 110.522972109832324, 7.781402583415006 ], [ 110.512199404751797, 7.770627970986373 ], [ 110.499633791955929, 7.756261821081612 ], [ 110.476280215291695, 7.749078746128373 ], [ 110.454727175737318, 7.745487208651209 ], [ 110.440368655227388, 7.747282977388485 ], [ 110.440368655227516, 7.749078746126528 ] ] ] } },
{ "type": "Feature", "properties": { "fid": 439, "FNODE_": 2031, "TNODE_": 2032, "LPOLY_": 1, "RPOLY_": 1, "LENGTH": 0.102, "BOU2_4M_": 1746, "BOU2_4M_ID": 61153, "GBCODE": 26080 }, "geometry": { "type": "MultiLineString", "coordinates": [ [ [ 111.679710391247497, 7.662895198209603 ], [ 111.680976870740409, 7.670532698973554 ], [ 111.682258609022838, 7.684534545288726 ], [ 111.686080935684188, 7.693444724428152 ], [ 111.694976809709715, 7.704900260318658 ], [ 111.703903201313111, 7.712537761083018 ], [ 111.715347293112345, 7.722721095435418 ], [ 111.728080752587388, 7.730358119362793 ], [ 111.740806582667446, 7.731631274576075 ], [ 111.742080691554349, 7.731631274576115 ] ] ] } },
{ "type": "Feature", "properties": { "fid": 440, "FNODE_": 2033, "TNODE_": 2034, "LPOLY_": 1, "RPOLY_": 1, "LENGTH": 0.107, "BOU2_4M_": 1747, "BOU2_4M_ID": 61154, "GBCODE": 26080 }, "geometry": { "type": "MultiLineString", "coordinates": [ [ [ 111.762451174954634, 7.716356273049612 ], [ 111.761177066067091, 7.707446093910324 ], [ 111.752273562646664, 7.69089889084393 ], [ 111.735717776510469, 7.676897044527919 ], [ 111.725540164203764, 7.669259543763504 ], [ 111.710258486954757, 7.659076686248028 ], [ 111.697532656874145, 7.650166507108108 ], [ 111.688621524060096, 7.646347995144256 ], [ 111.687347415173193, 7.64634799514416 ] ] ] } },
{ "type": "Feature", "properties": { "fid": 441, "FNODE_": 2035, "TNODE_": 2036, "LPOLY_": 1, "RPOLY_": 1, "LENGTH": 0.027, "BOU2_4M_": 1748, "BOU2_4M_ID": 69, "GBCODE": 26100 }, "geometry": { "type": "MultiLineString", "coordinates": [ [ [ 113.779197696215988, 7.644830222596022 ], [ 113.770202640062365, 7.642930980194178 ], [ 113.769203189378615, 7.642516131866411 ], [ 113.760200503830362, 7.639270778166728 ], [ 113.758903506759822, 7.638425822722231 ], [ 113.754402163985588, 7.635478969083928 ] ] ] } },
{ "type": "Feature", "properties": { "fid": 442, "FNODE_": 2037, "TNODE_": 2038, "LPOLY_": 1, "RPOLY_": 1, "LENGTH": 0.151, "BOU2_4M_": 1749, "BOU2_4M_ID": 70, "GBCODE": 26100 }, "geometry": { "type": "MultiLineString", "coordinates": [ [ [ 113.762496951584083, 7.633230205046178 ], [ 113.774696353441243, 7.635603900420736 ], [ 113.78359985686042, 7.636808867920196 ], [ 113.794197085865804, 7.638713832368116 ], [ 113.801597598562125, 7.639907832612876 ], [ 113.813598636161444, 7.642051215639976 ], [ 113.823699954522056, 7.641881938449476 ], [ 113.815696719657183, 7.634475226869758 ], [ 113.822196963798248, 7.629916186800151 ], [ 113.832496646416999, 7.633427138797019 ], [ 113.833602908624883, 7.64240216778974 ], [ 113.827903750909769, 7.647884841434966 ], [ 113.815597537529484, 7.649651046268327 ], [ 113.803596499930322, 7.649578090182395 ], [ 113.795097354421387, 7.648605819216151 ], [ 113.785697940357693, 7.648549075593721 ] ] ] } },
{ "type": "Feature", "properties": { "fid": 443, "FNODE_": 2039, "TNODE_": 2040, "LPOLY_": 1, "RPOLY_": 1, "LENGTH": 0.048, "BOU2_4M_": 1750, "BOU2_4M_ID": 71, "GBCODE": 26100 }, "geometry": { "type": "MultiLineString", "coordinates": [ [ [ 113.804901126394157, 7.634869094361787 ], [ 113.796600345143005, 7.633439059723664 ], [ 113.789398196704369, 7.630405898559562 ], [ 113.775596621995589, 7.629861827361069 ], [ 113.765899661545077, 7.628881927000235 ], [ 113.758102420333088, 7.627684112058241 ] ] ] } },
{ "type": "Feature", "properties": { "fid": 444, "FNODE_": 2041, "TNODE_": 2042, "LPOLY_": 1, "RPOLY_": 1, "LENGTH": 0.058, "BOU2_4M_": 1751, "BOU2_4M_ID": 72, "GBCODE": 26100 }, "geometry": { "type": "MultiLineString", "coordinates": [ [ [ 113.808403018483872, 7.627992148865709 ], [ 113.797302249439284, 7.624705787170308 ], [ 113.785301211839908, 7.621872897612291 ], [ 113.775199893479282, 7.62204122112855 ], [ 113.765296939376327, 7.619909759030515 ], [ 113.755096438886781, 7.620079036221068 ], [ 113.751701358320148, 7.62235593365143 ] ] ] } },
{ "type": "Feature", "properties": { "fid": 445, "FNODE_": 2043, "TNODE_": 2044, "LPOLY_": 1, "RPOLY_": 1, "LENGTH": 0.103, "BOU2_4M_": 1752, "BOU2_4M_ID": 73, "GBCODE": 26100 }, "geometry": { "type": "MultiLineString", "coordinates": [ [ [ 113.915206912539603, 7.622813220496834 ], [ 113.918769839785782, 7.618376727576663 ], [ 113.929199222111251, 7.618135924812419 ], [ 113.937797549748993, 7.617724891182538 ], [ 113.946296695257914, 7.618694777963004 ], [ 113.951301578071423, 7.623552794931606 ], [ 113.954101565865429, 7.632077212809932 ], [ 113.94989776947871, 7.63826083707788 ], [ 113.941101077583312, 7.641200061320757 ], [ 113.932800296332474, 7.6432199435226 ], [ 113.919898990178325, 7.640844817636465 ], [ 113.915298465274986, 7.635300155159984 ], [ 113.913002017520213, 7.627927775856127 ] ] ] } },
{ "type": "Feature", "properties": { "fid": 446, "FNODE_": 2045, "TNODE_": 2046, "LPOLY_": 1, "RPOLY_": 1, "LENGTH": 0.077, "BOU2_4M_": 1753, "BOU2_4M_ID": 61146, "GBCODE": 26080 }, "geometry": { "type": "MultiLineString", "coordinates": [ [ [ 109.655616763000211, 7.544362063627619 ], [ 109.659210207825126, 7.546157832365847 ], [ 109.677169802555596, 7.562319751008851 ], [ 109.691543581855029, 7.565911288485597 ], [ 109.711288454905059, 7.565911288486588 ], [ 109.725646975415188, 7.565911288487285 ] ] ] } },
{ "type": "Feature", "properties": { "fid": 447, "FNODE_": 2047, "TNODE_": 2048, "LPOLY_": 1, "RPOLY_": 1, "LENGTH": 0.143, "BOU2_4M_": 1754, "BOU2_4M_ID": 61147, "GBCODE": 26080 }, "geometry": { "type": "MultiLineString", "coordinates": [ [ [ 109.813636782558092, 7.564115519753628 ], [ 109.833396914397198, 7.56411551975467 ], [ 109.85135650912639, 7.560523982279516 ], [ 109.872909548679928, 7.549749369852534 ], [ 109.899841311379404, 7.547953601115882 ], [ 109.914207461283809, 7.544362063640597 ], [ 109.926780703472971, 7.53897475742718 ], [ 109.935760500837119, 7.529995913737617 ], [ 109.939346316266807, 7.521017070047701 ], [ 109.937553408551565, 7.51922130130963 ] ] ] } },
{ "type": "Feature", "properties": { "fid": 448, "FNODE_": 2049, "TNODE_": 2050, "LPOLY_": 1, "RPOLY_": 1, "LENGTH": 0.105, "BOU2_4M_": 1755, "BOU2_4M_ID": 61155, "GBCODE": 26080 }, "geometry": { "type": "MultiLineString", "coordinates": [ [ [ 111.529510501078832, 7.519059176761202 ], [ 111.526969912699727, 7.521605010348996 ], [ 111.525703433208463, 7.536879535039396 ], [ 111.526969912701531, 7.547062869391245 ], [ 111.529510501081631, 7.558518405281405 ], [ 111.533332827743664, 7.577611918772579 ], [ 111.53970337217946, 7.595432277051361 ], [ 111.560058596792857, 7.610706801742928 ] ] ] } },
{ "type": "Feature", "properties": { "fid": 449, "FNODE_": 2051, "TNODE_": 2052, "LPOLY_": 1, "RPOLY_": 1, "LENGTH": 0.092, "BOU2_4M_": 1756, "BOU2_4M_ID": 61156, "GBCODE": 26080 }, "geometry": { "type": "MultiLineString", "coordinates": [ [ [ 111.577880862419832, 7.60179662260478 ], [ 111.580429080193085, 7.594159598678247 ], [ 111.580429080191891, 7.57761191877522 ], [ 111.577880862416933, 7.561064238872094 ], [ 111.572792056262855, 7.547062869393842 ], [ 111.566429141221889, 7.53306102307839 ], [ 111.557518008407015, 7.517786498387418 ], [ 111.556236270125396, 7.515240664799423 ] ] ] } },
{ "type": "Feature", "properties": { "fid": 450, "FNODE_": 2053, "TNODE_": 2054, "LPOLY_": 1, "RPOLY_": 1, "LENGTH": 0.071, "BOU2_4M_": 1757, "BOU2_4M_ID": 61149, "GBCODE": 26080 }, "geometry": { "type": "MultiLineString", "coordinates": [ [ [ 109.752586367505998, 7.512038226348229 ], [ 109.745407107250571, 7.50665092013386 ], [ 109.7364273098854, 7.499467845181377 ], [ 109.723846438301123, 7.495876307704755 ], [ 109.709487917791009, 7.495876307703998 ], [ 109.686149599916277, 7.497672076440885 ] ] ] } },
{ "type": "Feature", "properties": { "fid": 451, "FNODE_": 2055, "TNODE_": 2056, "LPOLY_": 1, "RPOLY_": 1, "LENGTH": 0.131, "BOU2_4M_": 1758, "BOU2_4M_ID": 61148, "GBCODE": 26080 }, "geometry": { "type": "MultiLineString", "coordinates": [ [ [ 109.94114685337496, 7.497672076453676 ], [ 109.939346316264974, 7.492284770239532 ], [ 109.93036651890003, 7.488693232763064 ], [ 109.910606387060852, 7.486897464024053 ], [ 109.898048403660638, 7.490489001499467 ], [ 109.880088808931689, 7.497672076450559 ], [ 109.862129214202483, 7.501263613925707 ], [ 109.845970156582851, 7.503059382662895 ], [ 109.822616579919284, 7.50844668887573 ], [ 109.81903076448927, 7.512038226351576 ] ] ] } },
{ "type": "Feature", "properties": { "fid": 452, "FNODE_": 2057, "TNODE_": 2058, "LPOLY_": 1, "RPOLY_": 1, "LENGTH": 0.075, "BOU2_4M_": 1759, "BOU2_4M_ID": 61145, "GBCODE": 26080 }, "geometry": { "type": "MultiLineString", "coordinates": [ [ [ 109.571220400677447, 7.472531314102994 ], [ 109.585586550583656, 7.497672076435876 ], [ 109.594566347948955, 7.506650920126364 ], [ 109.619712832329128, 7.524608607507727 ], [ 109.621498110649853, 7.526404376245816 ] ] ] } },
{ "type": "Feature", "properties": { "fid": 453, "FNODE_": 2059, "TNODE_": 2060, "LPOLY_": 1, "RPOLY_": 1, "LENGTH": 0.078, "BOU2_4M_": 1760, "BOU2_4M_ID": 61150, "GBCODE": 26080 }, "geometry": { "type": "MultiLineString", "coordinates": [ [ [ 109.659210207821317, 7.485101695273408 ], [ 109.655616762995848, 7.474327082845186 ], [ 109.650230410455592, 7.468939776630878 ], [ 109.641250613090278, 7.459960932940357 ], [ 109.625091555469822, 7.449186797348699 ], [ 109.607131960739935, 7.44200372239572 ], [ 109.599952700484749, 7.440207953657329 ] ] ] } },
{ "type": "Feature", "properties": { "fid": 454, "FNODE_": 2061, "TNODE_": 2062, "LPOLY_": 1, "RPOLY_": 1, "LENGTH": 0.009, "BOU2_4M_": 1761, "BOU2_4M_ID": 81, "GBCODE": 26100 }, "geometry": { "type": "MultiLineString", "coordinates": [ [ [ 113.840400699133269, 7.397088046518257 ], [ 113.842002871985713, 7.406064982859633 ] ] ] } },
{ "type": "Feature", "properties": { "fid": 455, "FNODE_": 2063, "TNODE_": 2063, "LPOLY_": 895, "RPOLY_": 1, "LENGTH": 0.013, "BOU2_4M_": 1762, "BOU2_4M_ID": 26010, "GBCODE": 26010 }, "geometry": { "type": "MultiLineString", "coordinates": [ [ [ 113.828697207920783, 7.396098132576962 ], [ 113.830299380772558, 7.396316047158375 ], [ 113.831703189366564, 7.397223945107783 ], [ 113.831100467198723, 7.399756904092373 ], [ 113.829002383702317, 7.399084086861973 ], [ 113.827400210850499, 7.398406978097131 ], [ 113.826896670811337, 7.397720809426346 ], [ 113.82730102872145, 7.396567817177802 ], [ 113.828697207920783, 7.396098132576962 ] ] ] } },
{ "type": "Feature", "properties": { "fid": 456, "FNODE_": 2064, "TNODE_": 2065, "LPOLY_": 1, "RPOLY_": 1, "LENGTH": 0.052, "BOU2_4M_": 1763, "BOU2_4M_ID": 82, "GBCODE": 26100 }, "geometry": { "type": "MultiLineString", "coordinates": [ [ [ 113.834602359289747, 7.409009929148473 ], [ 113.822898868077289, 7.408020015207207 ], [ 113.809501651278495, 7.404718871559704 ], [ 113.797302249421094, 7.39935588404007 ], [ 113.787902835356988, 7.393549914800604 ], [ 113.786300662505113, 7.392389769994461 ] ] ] } },
{ "type": "Feature", "properties": { "fid": 457, "FNODE_": 2066, "TNODE_": 2067, "LPOLY_": 1, "RPOLY_": 1, "LENGTH": 0.057, "BOU2_4M_": 1764, "BOU2_4M_ID": 85, "GBCODE": 26100 }, "geometry": { "type": "MultiLineString", "coordinates": [ [ [ 113.832901004307743, 7.39267301126953 ], [ 113.824302676669731, 7.389863009895349 ], [ 113.815803531160626, 7.386591906989232 ], [ 113.808700564850739, 7.38148879572113 ], [ 113.803497317779346, 7.376169200383324 ], [ 113.793998721586874, 7.37726115747509 ], [ 113.78500366543355, 7.378584857425815 ], [ 113.781097415433152, 7.37994098230364 ] ] ] } },
{ "type": "Feature", "properties": { "fid": 458, "FNODE_": 2068, "TNODE_": 2069, "LPOLY_": 1, "RPOLY_": 1, "LENGTH": 1.081, "BOU2_4M_": 1765, "BOU2_4M_ID": 1001, "GBCODE": 61010 }, "geometry": { "type": "MultiLineString", "coordinates": [ [ [ 115.544113162684596, 7.158346171918983 ], [ 115.556289676358944, 7.172003741806386 ], [ 115.574172977144329, 7.197562213489728 ], [ 115.599533084571689, 7.229469771935674 ], [ 115.627693179792502, 7.264102931578313 ], [ 115.659599307728641, 7.299604888523621 ], [ 115.684013370233757, 7.328757758706368 ], [ 115.717819217408703, 7.367915149306929 ], [ 115.749763492317783, 7.407099242788251 ], [ 115.777976993300342, 7.441724773036484 ], [ 115.817459110007732, 7.488170619601378 ], [ 115.856903079742139, 7.53092717707285 ], [ 115.887939456701716, 7.567350860245094 ], [ 115.922760013349517, 7.608325954093076 ], [ 115.951072696461424, 7.648474212308138 ], [ 115.977416995783202, 7.67850923123381 ], [ 116.013153079774611, 7.71669959607779 ], [ 116.054527286325737, 7.761257644333361 ], [ 116.094146732134917, 7.810448642418413 ], [ 116.117797855187177, 7.844207282712671 ], [ 116.144218448454509, 7.876999374087464 ], [ 116.170623782932608, 7.907945628822589 ], [ 116.195053104226119, 7.930620666210578 ], [ 116.226119998763423, 7.963335509966075 ], [ 116.242156986071464, 7.982450004292836 ] ] ] } },
{ "type": "Feature", "properties": { "fid": 459, "FNODE_": 2070, "TNODE_": 2070, "LPOLY_": 896, "RPOLY_": 1, "LENGTH": 0.016, "BOU2_4M_": 1766, "BOU2_4M_ID": 26010, "GBCODE": 26010 }, "geometry": { "type": "MultiLineString", "coordinates": [ [ [ 113.595397952484419, 6.943723197366134 ], [ 113.593803409027174, 6.943504805947533 ], [ 113.592903140472359, 6.943282122994598 ], [ 113.592697146819901, 6.942133899117531 ], [ 113.592903140472117, 6.940524096871257 ], [ 113.594497683929234, 6.938903804207683 ], [ 113.595901492523097, 6.93820380725945 ], [ 113.597702029632785, 6.939340110207638 ], [ 113.597000125335953, 6.940952773476816 ], [ 113.596099856781279, 6.942338939095771 ], [ 113.595397952484419, 6.943723197366134 ] ] ] } },
{ "type": "Feature", "properties": { "fid": 460, "FNODE_": 2071, "TNODE_": 2072, "LPOLY_": 1, "RPOLY_": 1, "LENGTH": 0.072, "BOU2_4M_": 1767, "BOU2_4M_ID": 87, "GBCODE": 26100 }, "geometry": { "type": "MultiLineString", "coordinates": [ [ [ 113.602287295747757, 6.953348632243026 ], [ 113.595397952485484, 6.956807132151373 ], [ 113.587196353363268, 6.955373759653109 ], [ 113.58054352133064, 6.948424811745482 ], [ 113.581001285001761, 6.938316817664936 ], [ 113.588897708342117, 6.932848925971823 ], [ 113.595802310393907, 6.934504027748567 ], [ 113.601699832367629, 6.938910956765517 ], [ 113.603492740083212, 6.945364947702535 ], [ 113.604110721040769, 6.950707431223629 ] ] ] } },
{ "type": "Feature", "properties": { "fid": 461, "FNODE_": 2073, "TNODE_": 2073, "LPOLY_": 897, "RPOLY_": 1, "LENGTH": 0.019, "BOU2_4M_": 1768, "BOU2_4M_ID": 26010, "GBCODE": 26010 }, "geometry": { "type": "MultiLineString", "coordinates": [ [ [ 113.250801089600216, 6.339889045064718 ], [ 113.248703006103838, 6.339902873342166 ], [ 113.246398928955017, 6.338539119069405 ], [ 113.245498660400102, 6.33693599254338 ], [ 113.244598391845116, 6.334875102345311 ], [ 113.245697024657744, 6.334407801930334 ], [ 113.248199466064293, 6.334391112629953 ], [ 113.250099185302957, 6.336216922108993 ], [ 113.250801089600216, 6.339889045064718 ] ] ] } },
{ "type": "Feature", "properties": { "fid": 462, "FNODE_": 2074, "TNODE_": 2074, "LPOLY_": 898, "RPOLY_": 1, "LENGTH": 0.018, "BOU2_4M_": 1769, "BOU2_4M_ID": 26010, "GBCODE": 26010 }, "geometry": { "type": "MultiLineString", "coordinates": [ [ [ 113.23639679272209, 6.323439116778553 ], [ 113.234100344967885, 6.322994227709763 ], [ 113.231796267819078, 6.322091098131895 ], [ 113.229698184322615, 6.320725913347682 ], [ 113.23040008861949, 6.319572921099082 ], [ 113.232299807857927, 6.318641181292002 ], [ 113.233901980709717, 6.319089885058011 ], [ 113.235298159909192, 6.320000167193215 ], [ 113.23639679272209, 6.323439116778553 ] ] ] } },
{ "type": "Feature", "properties": { "fid": 463, "FNODE_": 2075, "TNODE_": 2076, "LPOLY_": 1, "RPOLY_": 1, "LENGTH": 1.077, "BOU2_4M_": 1770, "BOU2_4M_ID": 1001, "GBCODE": 61010 }, "geometry": { "type": "MultiLineString", "coordinates": [ [ [ 108.234306337931997, 7.073835368251068 ], [ 108.227546694373999, 7.035470004171476 ], [ 108.223030092808941, 7.003875250902048 ], [ 108.211746218292348, 6.951969142039176 ], [ 108.209487917507388, 6.893292899203764 ], [ 108.209487917505072, 6.852671141691617 ], [ 108.207237246115028, 6.800765032829243 ], [ 108.200462343766532, 6.737575526290869 ], [ 108.202720644545849, 6.696953291941784 ], [ 108.200462343761899, 6.656331534429732 ], [ 108.204978945322054, 6.602169032134897 ], [ 108.204978945318686, 6.543492789299907 ], [ 108.213348391117449, 6.4837584448112 ], [ 108.219917299805616, 6.408367152231137 ], [ 108.223953249511823, 6.382648463263648 ], [ 108.22754669433381, 6.333612437257416 ], [ 108.234306337886764, 6.283963198665941 ], [ 108.243339541010911, 6.243341441154653 ], [ 108.252220156244334, 6.201733107562955 ], [ 108.261398317863481, 6.141786093702032 ], [ 108.269172670890043, 6.106273169504338 ], [ 108.277877810049816, 6.075109477027093 ], [ 108.287406923819475, 6.050397391301136 ], [ 108.302017214346904, 6.010893340089244 ] ] ] } },
{ "type": "Feature", "properties": { "fid": 464, "FNODE_": 2077, "TNODE_": 2078, "LPOLY_": 1, "RPOLY_": 1, "LENGTH": 0.102, "BOU2_4M_": 1771, "BOU2_4M_ID": 61114, "GBCODE": 26080 }, "geometry": { "type": "MultiLineString", "coordinates": [ [ [ 112.509452822869292, 5.88920497438762 ], [ 112.501327517692928, 5.895296569083598 ], [ 112.499298098748611, 5.91154050371622 ], [ 112.49929809874989, 5.927784438348994 ], [ 112.499298098751623, 5.950119967678372 ], [ 112.503356936644849, 5.976516719084679 ], [ 112.511482241822137, 5.982608313781824 ] ] ] } },
{ "type": "Feature", "properties": { "fid": 465, "FNODE_": 2079, "TNODE_": 2080, "LPOLY_": 1, "RPOLY_": 1, "LENGTH": 0.096, "BOU2_4M_": 1772, "BOU2_4M_ID": 61113, "GBCODE": 26080 }, "geometry": { "type": "MultiLineString", "coordinates": [ [ [ 112.533813479617677, 5.978547091706527 ], [ 112.535842898563075, 5.976516719086859 ], [ 112.539909365847961, 5.966363902313828 ], [ 112.541938784791952, 5.946059222441564 ], [ 112.541938784791014, 5.93387603304842 ], [ 112.543968203735147, 5.915601248958827 ], [ 112.539909365842576, 5.897326941706049 ], [ 112.533813479610714, 5.889204974389246 ], [ 112.531776431270572, 5.889204974389079 ] ] ] } },
{ "type": "Feature", "properties": { "fid": 466, "FNODE_": 2081, "TNODE_": 2082, "LPOLY_": 1, "RPOLY_": 1, "LENGTH": 0.099, "BOU2_4M_": 1773, "BOU2_4M_ID": 61115, "GBCODE": 26080 }, "geometry": { "type": "MultiLineString", "coordinates": [ [ [ 112.491172793562754, 5.795802111829537 ], [ 112.499298098739729, 5.797832484449908 ], [ 112.503356936631505, 5.805954451766533 ], [ 112.515541079700597, 5.820168013780272 ], [ 112.529747012320584, 5.832351203174356 ], [ 112.543968203728653, 5.832351203175321 ], [ 112.554122927850727, 5.828289981099254 ], [ 112.560211184686167, 5.812046046466945 ], [ 112.562240603631736, 5.812046046467089 ] ] ] } },
{ "type": "Feature", "properties": { "fid": 467, "FNODE_": 2083, "TNODE_": 2084, "LPOLY_": 1, "RPOLY_": 1, "LENGTH": 0.099, "BOU2_4M_": 1774, "BOU2_4M_ID": 61116, "GBCODE": 26080 }, "geometry": { "type": "MultiLineString", "coordinates": [ [ [ 112.56427002257459, 5.777527327744845 ], [ 112.564270022574121, 5.771435733048272 ], [ 112.564270022573325, 5.761283393112124 ], [ 112.564270022572202, 5.747069831099217 ], [ 112.556152346789119, 5.736917491162488 ], [ 112.545997622666732, 5.736917491161781 ], [ 112.531776431258976, 5.740978236400396 ], [ 112.519599917586021, 5.747069831096177 ], [ 112.503356936627384, 5.753161425791611 ] ] ] } },
{ "type": "Feature", "properties": { "fid": 468, "FNODE_": 2085, "TNODE_": 2086, "LPOLY_": 1, "RPOLY_": 1, "LENGTH": 0.066, "BOU2_4M_": 1775, "BOU2_4M_ID": 61120, "GBCODE": 26080 }, "geometry": { "type": "MultiLineString", "coordinates": [ [ [ 112.458686831638161, 5.714581961826612 ], [ 112.452590945407565, 5.722703929142551 ], [ 112.45056152646309, 5.736917491155329 ], [ 112.456657412695776, 5.755191798408257 ], [ 112.460716250587865, 5.767374987801639 ], [ 112.464782717874186, 5.775496955118306 ] ] ] } },
{ "type": "Feature", "properties": { "fid": 469, "FNODE_": 2087, "TNODE_": 2088, "LPOLY_": 1, "RPOLY_": 1, "LENGTH": 0.12, "BOU2_4M_": 1776, "BOU2_4M_ID": 61119, "GBCODE": 26080 }, "geometry": { "type": "MultiLineString", "coordinates": [ [ [ 112.414016726647674, 5.659758086391718 ], [ 112.405891421471622, 5.669910903164483 ], [ 112.401832583581594, 5.684124465177145 ], [ 112.407920840419891, 5.704429145049852 ], [ 112.422126773039054, 5.706459994507758 ], [ 112.434318545501412, 5.704429145051648 ], [ 112.446502688568756, 5.696307177736086 ], [ 112.456657412690376, 5.68615483780062 ], [ 112.462753298920504, 5.671941275788195 ] ] ] } },
{ "type": "Feature", "properties": { "fid": 470, "FNODE_": 2089, "TNODE_": 2090, "LPOLY_": 1, "RPOLY_": 1, "LENGTH": 0.088, "BOU2_4M_": 1777, "BOU2_4M_ID": 61118, "GBCODE": 26080 }, "geometry": { "type": "MultiLineString", "coordinates": [ [ [ 112.334823611398022, 5.594782347855588 ], [ 112.332786563058846, 5.606965060411426 ], [ 112.340919497631489, 5.623208995044648 ], [ 112.357162478591576, 5.635392184438844 ], [ 112.369346621659545, 5.63539218443967 ], [ 112.383560183672955, 5.633361811820869 ], [ 112.391677859454745, 5.627270217124832 ] ] ] } },
{ "type": "Feature", "properties": { "fid": 471, "FNODE_": 2091, "TNODE_": 2092, "LPOLY_": 1, "RPOLY_": 1, "LENGTH": 0.103, "BOU2_4M_": 1778, "BOU2_4M_ID": 61117, "GBCODE": 26080 }, "geometry": { "type": "MultiLineString", "coordinates": [ [ [ 112.545997622662895, 5.688185210426552 ], [ 112.54802704160798, 5.682093615730134 ], [ 112.55209350889271, 5.669910903174453 ], [ 112.55818176572717, 5.64148377914913 ], [ 112.558181765726374, 5.631331439212977 ], [ 112.556152346779854, 5.619148249819718 ], [ 112.552093508887737, 5.606965060426376 ], [ 112.539909365818815, 5.594782347869593 ], [ 112.53787231747873, 5.59478234786947 ] ] ] } },
{ "type": "Feature", "properties": { "fid": 472, "FNODE_": 2093, "TNODE_": 2094, "LPOLY_": 1, "RPOLY_": 1, "LENGTH": 0.107, "BOU2_4M_": 1779, "BOU2_4M_ID": 61121, "GBCODE": 26080 }, "geometry": { "type": "MultiLineString", "coordinates": [ [ [ 112.444473269607911, 5.501379008469514 ], [ 112.452590945390696, 5.507470603166603 ], [ 112.472900393635953, 5.513562197864561 ], [ 112.495231631431437, 5.509500975789361 ], [ 112.513511660730146, 5.503409381094063 ], [ 112.53584289852499, 5.491226668539672 ], [ 112.541938784755757, 5.4851350738436 ] ] ] } },
{ "type": "Feature", "properties": { "fid": 473, "FNODE_": 2095, "TNODE_": 2096, "LPOLY_": 1, "RPOLY_": 1, "LENGTH": 0.105, "BOU2_4M_": 1780, "BOU2_4M_ID": 61122, "GBCODE": 26080 }, "geometry": { "type": "MultiLineString", "coordinates": [ [ [ 112.535842898522915, 5.464829917133768 ], [ 112.53177643123658, 5.456707949817179 ], [ 112.513511660726152, 5.452647204576329 ], [ 112.493202212481862, 5.45873832243428 ], [ 112.472900393632102, 5.464829917129448 ], [ 112.454627993728394, 5.477013106521195 ], [ 112.446502688552371, 5.487165446456777 ] ] ] } },
{ "type": "Feature", "properties": { "fid": 474, "FNODE_": 2097, "TNODE_": 2098, "LPOLY_": 1, "RPOLY_": 1, "LENGTH": 0.045, "BOU2_4M_": 1781, "BOU2_4M_ID": 1, "GBCODE": 26100 }, "geometry": { "type": "MultiLineString", "coordinates": [ [ [ 112.642700198334822, 5.386150355520041 ], [ 112.640411379975149, 5.385892386617277 ], [ 112.638832095306753, 5.383112902821808 ], [ 112.638870242279125, 5.379662985981915 ], [ 112.639602664153998, 5.376911158741762 ], [ 112.641708377044537, 5.372335906208605 ], [ 112.64266205136083, 5.369586463154249 ], [ 112.644721987884552, 5.369842047871216 ], [ 112.647239688080219, 5.370562548817523 ], [ 112.649742129486938, 5.372204299153464 ], [ 112.650161746186484, 5.375888819875239 ], [ 112.650100711030632, 5.380949015798464 ], [ 112.649398806733785, 5.382090563955277 ], [ 112.647270205659723, 5.387585635366649 ], [ 112.646133425874396, 5.387341971578737 ], [ 112.646583560151811, 5.387347216787481 ] ] ] } },
{ "type": "Feature", "properties": { "fid": 475, "FNODE_": 2099, "TNODE_": 2100, "LPOLY_": 1, "RPOLY_": 1, "LENGTH": 0.071, "BOU2_4M_": 1782, "BOU2_4M_ID": 2, "GBCODE": 26100 }, "geometry": { "type": "MultiLineString", "coordinates": [ [ [ 112.284111025814283, 3.977877135336916 ], [ 112.283058169368928, 3.979084487021475 ], [ 112.280357363704695, 3.981000418723058 ], [ 112.277267458919312, 3.983032698691229 ], [ 112.274398806575263, 3.983736987173689 ], [ 112.272163393977365, 3.983860964834685 ], [ 112.270416262629325, 3.981789584219197 ], [ 112.271270754816683, 3.979073281347368 ], [ 112.272132876398757, 3.978261466085566 ], [ 112.2715988187813, 3.975551123678159 ], [ 112.271186831476385, 3.973358864843147 ], [ 112.270660403253487, 3.970936770497853 ], [ 112.270202639581385, 3.969033474980753 ], [ 112.270347598077194, 3.96522330766795 ], [ 112.271263125420873, 3.962911124287736 ], [ 112.272689822198245, 3.96117448335761 ], [ 112.274810793878032, 3.959318871556534 ], [ 112.277282717706385, 3.958270068227142 ], [ 112.279228213312066, 3.957916255055902 ], [ 112.281517031671711, 3.957907433568642 ], [ 112.28452301311745, 3.958645577489807 ], [ 112.286186221125547, 3.959735627233637 ], [ 112.287170413020306, 3.961059327184986 ], [ 112.287528994563544, 3.963654990255755 ], [ 112.287536623958289, 3.966482873022685 ], [ 112.287261965755306, 3.968562121451125 ], [ 112.28716278362667, 3.971852774680049 ], [ 112.284927371029042, 3.975671286643059 ], [ 112.28463745403684, 3.976047034323678 ] ] ] } },
{ "type": "Feature", "properties": { "fid": 476, "FNODE_": 2101, "TNODE_": 2102, "LPOLY_": 1, "RPOLY_": 1, "LENGTH": 0.055, "BOU2_4M_": 1783, "BOU2_4M_ID": 3, "GBCODE": 26100 }, "geometry": { "type": "MultiLineString", "coordinates": [ [ [ 112.290870669361937, 3.880752320344815 ], [ 112.290779116627647, 3.882079596574739 ], [ 112.290161135670758, 3.884850735719746 ], [ 112.289016726491099, 3.886700625474993 ], [ 112.288063052174692, 3.888377661760408 ], [ 112.285820010182391, 3.890116925294866 ], [ 112.283576968189919, 3.890240902955865 ], [ 112.282150271412419, 3.890247101838807 ], [ 112.280723574634948, 3.890771622712752 ], [ 112.279617312427717, 3.88991093164208 ], [ 112.276336672778712, 3.887904877717153 ], [ 112.274093630786098, 3.885952706391214 ], [ 112.272651675219436, 3.884977574402487 ], [ 112.271377566332347, 3.882329936081359 ], [ 112.271133425707163, 3.880254502350154 ], [ 112.27181244182033, 3.878175253921732 ], [ 112.273246767992319, 3.877305026108067 ], [ 112.275306704515884, 3.875739331299148 ], [ 112.276283267015941, 3.875159020477672 ], [ 112.278923037524081, 3.875148530060395 ], [ 112.280242922778157, 3.875432009751073 ], [ 112.281280520434592, 3.876119608933338 ], [ 112.282836916919237, 3.87686347490027 ], [ 112.284561160083555, 3.877490992600602 ], [ 112.286460879322178, 3.878636593873391 ], [ 112.288116457935672, 3.878860468919329 ], [ 112.28932953166624, 3.878452057893377 ], [ 112.290252688404607, 3.877986903245612 ], [ 112.290756228443797, 3.878907198961009 ] ] ] } },
{ "type": "Feature", "properties": { "fid": 477, "FNODE_": 2103, "TNODE_": 2104, "LPOLY_": 1, "RPOLY_": 1, "LENGTH": 0.052, "BOU2_4M_": 1784, "BOU2_4M_ID": 1, "GBCODE": 26100 }, "geometry": { "type": "MultiLineString", "coordinates": [ [ [ 112.060142519918315, 3.864778752364085 ], [ 112.05986023232073, 3.86616324905301 ], [ 112.058433535543415, 3.868530268706376 ], [ 112.056587222066682, 3.869628901518809 ], [ 112.054130557027378, 3.870267148054925 ], [ 112.050796511616809, 3.87015723708967 ], [ 112.047691348042065, 3.868489737547148 ], [ 112.045387270893229, 3.867109055555269 ], [ 112.043670657123329, 3.865035767591185 ], [ 112.043037417377036, 3.863480086362415 ], [ 112.042968752825985, 3.86013555053459 ], [ 112.043479922259465, 3.8578858328221 ], [ 112.044456484759493, 3.856673474347373 ], [ 112.046691897357292, 3.855170722043353 ], [ 112.048576357806638, 3.854014630353388 ], [ 112.050926211322547, 3.853722806012731 ], [ 112.053337099994721, 3.85394930366309 ], [ 112.055877688374025, 3.85475229743769 ], [ 112.057601931538386, 3.855729813612209 ], [ 112.059036257710531, 3.857168908155831 ], [ 112.059837344136554, 3.859012837446794 ], [ 112.060310366597761, 3.861376519240154 ], [ 112.060371401754125, 3.862760062254787 ] ] ] } },
{ "type": "Feature", "properties": { "fid": 478, "FNODE_": 2105, "TNODE_": 2106, "LPOLY_": 1, "RPOLY_": 1, "LENGTH": 1.112, "BOU2_4M_": 1785, "BOU2_4M_ID": 1001, "GBCODE": 61010 }, "geometry": { "type": "MultiLineString", "coordinates": [ [ [ 111.79456329621631, 3.408477301590974 ], [ 111.857749941733005, 3.422017807959304 ], [ 111.923187258636858, 3.437815423016225 ], [ 111.987213137552246, 3.45419859410341 ], [ 112.05860138219127, 3.471667046563245 ], [ 112.106002810420591, 3.482950921079092 ], [ 112.160156252811049, 3.4964914274468 ], [ 112.234626772840656, 3.510032172234639 ], [ 112.297821047751881, 3.525829787291537 ], [ 112.361022952057965, 3.546140666050965 ], [ 112.424201968180256, 3.56419491295921 ], [ 112.491912844654763, 3.584505791719063 ], [ 112.545852663998744, 3.604596610129407 ], [ 112.586692812930664, 3.620614285533119 ], [ 112.631828310984318, 3.638668532439932 ], [ 112.68147278120685, 3.661236281468368 ], [ 112.722099307092193, 3.6815471602262 ], [ 112.767967227021217, 3.703345294080939 ], [ 112.81729126267345, 3.726969237414831 ], [ 112.849479678206023, 3.744957442374325 ] ] ] } }
]
}
