{
"type": "FeatureCollection",
"name": "nanhai",
"features": [
{ "type": "Feature", "properties": { "fid": 1, "FNODE_": 912, "TNODE_": 912, "LPOLY_": 1, "RPOLY_": 486, "LENGTH": 0.03, "BOU2_4M_": 939, "BOU2_4M_ID": 26010, "GBCODE": 26010 }, "geometry": { "type": "MultiLineString", "coordinates": [ [ [ 1856540.003340726252645, 2894534.315891407430172 ], [ 1856737.997185208601877, 2894570.109496170654893 ], [ 1857456.677859412273392, 2894491.417148385196924 ], [ 1857574.515616543125361, 2894072.786929793655872 ], [ 1857298.462438082555309, 2893673.105701981112361 ], [ 1856911.885506575461477, 2893771.754658544436097 ], [ 1856678.230964672518894, 2894008.484248351305723 ], [ 1856484.278795697027817, 2894305.629918899387121 ], [ 1856540.003340726252645, 2894534.315891407430172 ] ] ] } },
{ "type": "Feature", "properties": { "fid": 2, "FNODE_": 914, "TNODE_": 914, "LPOLY_": 488, "RPOLY_": 1, "LENGTH": 0.025, "BOU2_4M_": 941, "BOU2_4M_ID": 26010, "GBCODE": 26010 }, "geometry": { "type": "MultiLineString", "coordinates": [ [ [ 1845205.366751563036814, 2874971.761402554810047 ], [ 1845073.81150819780305, 2874763.472985409200191 ], [ 1845031.490629030391574, 2874362.555336557328701 ], [ 1845132.194184795487672, 2874018.848744025453925 ], [ 1845274.628825469408184, 2873840.801085207611322 ], [ 1845501.189702799776569, 2873994.626498110592365 ], [ 1845581.917153011308983, 2874221.110025150701404 ], [ 1845481.78382942895405, 2874800.073700791224837 ], [ 1845205.366751563036814, 2874971.761402554810047 ] ] ] } },
{ "type": "Feature", "properties": { "fid": 3, "FNODE_": 915, "TNODE_": 915, "LPOLY_": 1, "RPOLY_": 489, "LENGTH": 0.024, "BOU2_4M_": 942, "BOU2_4M_ID": 26010, "GBCODE": 26010 }, "geometry": { "type": "MultiLineString", "coordinates": [ [ [ 1846168.657709225080907, 2874430.124353282153606 ], [ 1846340.216047587338835, 2874611.723248519003391 ], [ 1846401.932580374181271, 2874634.604621548205614 ], [ 1846640.798021729337052, 2874608.229619186371565 ], [ 1846930.594582577934489, 2874357.851884767413139 ], [ 1847034.774478192441165, 2874119.348504062741995 ], [ 1846882.860081913648173, 2873981.761253679171205 ], [ 1846339.959375150967389, 2873968.083673374727368 ], [ 1846151.207308545475826, 2874230.686504160985351 ], [ 1846168.657709225080907, 2874430.124353282153606 ] ] ] } },
{ "type": "Feature", "properties": { "fid": 4, "FNODE_": 916, "TNODE_": 916, "LPOLY_": 490, "RPOLY_": 1, "LENGTH": 0.021, "BOU2_4M_": 943, "BOU2_4M_ID": 26010, "GBCODE": 26010 }, "geometry": { "type": "MultiLineString", "coordinates": [ [ [ 1848896.015280942432582, 2872382.687849320471287 ], [ 1848736.704905005870387, 2872165.010685103014112 ], [ 1848712.843333166325465, 2871794.30976102873683 ], [ 1848971.874288192950189, 2871563.385341513901949 ], [ 1849136.177803585771471, 2871520.787709690630436 ], [ 1849214.224419932812452, 2871642.253723662346601 ], [ 1849261.925094206118956, 2872018.333689864724874 ], [ 1849157.690921093570068, 2872256.799225296825171 ], [ 1849066.575475248973817, 2872315.195364078506827 ], [ 1848896.015280942432582, 2872382.687849320471287 ] ] ] } },
{ "type": "Feature", "properties": { "fid": 5, "FNODE_": 918, "TNODE_": 918, "LPOLY_": 1, "RPOLY_": 492, "LENGTH": 0.038, "BOU2_4M_": 945, "BOU2_4M_ID": 26010, "GBCODE": 26010 }, "geometry": { "type": "MultiLineString", "coordinates": [ [ [ 1838461.388882553437725, 2868234.043176339939237 ], [ 1839166.347281899303198, 2868700.526809874922037 ], [ 1839792.302142660366371, 2868810.437507275491953 ], [ 1839985.432488727616146, 2868643.402202356606722 ], [ 1840059.334533592453226, 2868424.38883257843554 ], [ 1839933.833202011417598, 2868162.212606260553002 ], [ 1839095.546836816240102, 2867953.712909048423171 ], [ 1838830.433565616607666, 2867974.694270757958293 ], [ 1838575.106662375852466, 2868038.679882407188416 ], [ 1838461.388882553437725, 2868234.043176339939237 ] ] ] } },
{ "type": "Feature", "properties": { "fid": 6, "FNODE_": 919, "TNODE_": 919, "LPOLY_": 493, "RPOLY_": 1, "LENGTH": 0.02, "BOU2_4M_": 946, "BOU2_4M_ID": 26010, "GBCODE": 26010 }, "geometry": { "type": "MultiLineString", "coordinates": [ [ [ 1847028.695258515886962, 2870096.298115333542228 ], [ 1846813.025332770077512, 2869892.586384780704975 ], [ 1847128.206425327807665, 2869282.390531562268734 ], [ 1847362.469393379287794, 2869281.009454451501369 ], [ 1847372.046976540237665, 2869596.170243039727211 ], [ 1847237.697454962180927, 2869854.369812829419971 ], [ 1847028.695258515886962, 2870096.298115333542228 ] ] ] } },
{ "type": "Feature", "properties": { "fid": 7, "FNODE_": 920, "TNODE_": 920, "LPOLY_": 1, "RPOLY_": 494, "LENGTH": 0.025, "BOU2_4M_": 947, "BOU2_4M_ID": 26010, "GBCODE": 26010 }, "geometry": { "type": "MultiLineString", "coordinates": [ [ [ 1847779.881520539755002, 2868562.163912836462259 ], [ 1848066.855186323402449, 2868676.797158412635326 ], [ 1848475.12249994254671, 2868713.320740878582001 ], [ 1848725.831940865842625, 2868637.499411508440971 ], [ 1848771.892369132954627, 2868307.872254254296422 ], [ 1848179.920870521804318, 2868153.179705968126655 ], [ 1847960.836341113317758, 2868209.783801129087806 ], [ 1847776.451630576979369, 2868456.995777744799852 ], [ 1847779.881520539755002, 2868562.163912836462259 ] ] ] } },
{ "type": "Feature", "properties": { "fid": 8, "FNODE_": 939, "TNODE_": 939, "LPOLY_": 1, "RPOLY_": 513, "LENGTH": 0.03, "BOU2_4M_": 966, "BOU2_4M_ID": 26010, "GBCODE": 26010 }, "geometry": { "type": "MultiLineString", "coordinates": [ [ [ 1706817.638090963941067, 2816783.080067716538906 ], [ 1706968.740678034722805, 2816982.670614218339324 ], [ 1707268.026462318608537, 2817081.094754710793495 ], [ 1707467.677509858040139, 2817180.244140105322003 ], [ 1707867.105735073098913, 2817078.314922554418445 ], [ 1708016.172945294296369, 2816927.479335855692625 ], [ 1708015.369596852920949, 2816677.336884679272771 ], [ 1707815.102814302546903, 2816528.028563814237714 ], [ 1707464.97421163180843, 2816529.641630141064525 ], [ 1707165.564036716939881, 2816481.021102398633957 ], [ 1706866.622429199982435, 2816532.575995167717338 ], [ 1706817.638090963941067, 2816783.080067716538906 ] ] ] } },
{ "type": "Feature", "properties": { "fid": 9, "FNODE_": 945, "TNODE_": 945, "LPOLY_": 1, "RPOLY_": 517, "LENGTH": 0.038, "BOU2_4M_": 971, "BOU2_4M_ID": 26010, "GBCODE": 26010 }, "geometry": { "type": "MultiLineString", "coordinates": [ [ [ 1691912.011132782325149, 2808047.7634316701442 ], [ 1692013.462749812752008, 2808497.383401883766055 ], [ 1692214.64649822562933, 2808796.729062862694263 ], [ 1692813.717568662017584, 2808943.914175260812044 ], [ 1692912.880121521186084, 2808693.280304783955216 ], [ 1693061.245635940693319, 2808292.472383938729763 ], [ 1693009.618453699862584, 2807892.425657039508224 ], [ 1692609.899233198491856, 2807594.301456386223435 ], [ 1692160.048815650865436, 2807596.273558354005218 ], [ 1691961.395185264525935, 2807747.341295946389437 ], [ 1691912.011132782325149, 2808047.7634316701442 ] ] ] } },
{ "type": "Feature", "properties": { "fid": 10, "FNODE_": 1027, "TNODE_": 1027, "LPOLY_": 1, "RPOLY_": 583, "LENGTH": 0.047, "BOU2_4M_": 1043, "BOU2_4M_ID": 26010, "GBCODE": 26010 }, "geometry": { "type": "MultiLineString", "coordinates": [ [ [ 1555146.117336421506479, 2615079.394146088510752 ], [ 1555182.136892764130607, 2614725.316403055563569 ], [ 1555143.863201640313491, 2614641.605912238359451 ], [ 1555114.942058868007734, 2614507.78406922891736 ], [ 1555040.968499028356746, 2614186.503271045163274 ], [ 1555003.460447933524847, 2614102.913890205323696 ], [ 1554715.236657431116328, 2613667.863347727805376 ], [ 1554677.755159244639799, 2613584.068101447075605 ], [ 1554589.535000202711672, 2613491.764128644019365 ], [ 1554359.216812765458599, 2613323.945446217432618 ], [ 1554112.603765809210017, 2613256.088574277237058 ], [ 1553898.099364112364128, 2613296.549575123935938 ], [ 1554006.507898060837761, 2613726.695622121915221 ], [ 1554080.772469182498753, 2613893.746875464916229 ], [ 1554359.660532773705199, 2614378.894821036607027 ], [ 1554422.521873638266698, 2614466.840608531609178 ], [ 1554723.915690580615774, 2614827.019337026402354 ], [ 1554811.349378095706925, 2614919.207769807428122 ], [ 1554957.758874574443325, 2615124.315189454704523 ], [ 1555125.139469042420387, 2615204.409649526700377 ], [ 1555146.117336421506479, 2615079.394146088510752 ] ] ] } },
{ "type": "Feature", "properties": { "fid": 11, "FNODE_": 1028, "TNODE_": 1028, "LPOLY_": 1, "RPOLY_": 584, "LENGTH": 0.025, "BOU2_4M_": 1044, "BOU2_4M_ID": 26010, "GBCODE": 26010 }, "geometry": { "type": "MultiLineString", "coordinates": [ [ [ 1555258.909658723976463, 2613747.738954747095704 ], [ 1555427.649221710395068, 2613737.916619349271059 ], [ 1555677.137182491598651, 2613497.522552877664566 ], [ 1555639.629382834304124, 2613413.932427553460002 ], [ 1555527.871360622812063, 2613163.28340108320117 ], [ 1555485.715605845442042, 2613104.541051087900996 ], [ 1555443.559290775097907, 2613045.798951216042042 ], [ 1555238.626095320098102, 2612882.114716237410903 ], [ 1555167.944895743159577, 2612844.515634708106518 ], [ 1555091.881572029320523, 2612831.436122998595238 ], [ 1554957.298447808716446, 2612859.986699862405658 ], [ 1554939.430821613408625, 2612959.909309342503548 ], [ 1554930.621962378267199, 2613164.145700527355075 ], [ 1554918.19997875764966, 2613239.133634993806481 ], [ 1554930.360977077390999, 2613318.361559301614761 ], [ 1554993.702368615195155, 2613560.852893847972155 ], [ 1555101.086650018813089, 2613682.128367962315679 ], [ 1555143.273117830278352, 2613740.661933097988367 ], [ 1555258.909658723976463, 2613747.738954747095704 ] ] ] } },
{ "type": "Feature", "properties": { "fid": 12, "FNODE_": 1032, "TNODE_": 1032, "LPOLY_": 1, "RPOLY_": 587, "LENGTH": 0.011, "BOU2_4M_": 1048, "BOU2_4M_ID": 26010, "GBCODE": 26010 }, "geometry": { "type": "MultiLineString", "coordinates": [ [ [ 1487275.363279944518581, 2591372.168230963870883 ], [ 1487323.255333155859262, 2591522.875713460147381 ], [ 1487498.1693834613543, 2591545.585218397900462 ], [ 1487615.292138814460486, 2591452.504767566919327 ], [ 1487601.882382586831227, 2591255.413427734747529 ], [ 1487461.593463823664933, 2591174.639251552522182 ], [ 1487310.006878963438794, 2591244.745754128322005 ], [ 1487275.363279944518581, 2591372.168230963870883 ] ] ] } },
{ "type": "Feature", "properties": { "fid": 13, "FNODE_": 1033, "TNODE_": 1033, "LPOLY_": 1, "RPOLY_": 589, "LENGTH": 0.008, "BOU2_4M_": 1049, "BOU2_4M_ID": 26010, "GBCODE": 26010 }, "geometry": { "type": "MultiLineString", "coordinates": [ [ [ 1487911.996577733196318, 2590269.450072424486279 ], [ 1487971.747901095775887, 2590419.997372036799788 ], [ 1488076.431813803268597, 2590442.950069069862366 ], [ 1488169.337862752145156, 2590396.288775239139795 ], [ 1488227.17798071121797, 2590245.500577634200454 ], [ 1488144.224559244932607, 2590187.681890686973929 ], [ 1488017.154995013028383, 2590188.007897345349193 ], [ 1487911.996577733196318, 2590269.450072424486279 ] ] ] } },
{ "type": "Feature", "properties": { "fid": 14, "FNODE_": 1037, "TNODE_": 1037, "LPOLY_": 1, "RPOLY_": 593, "LENGTH": 0.072, "BOU2_4M_": 1053, "BOU2_4M_ID": 26010, "GBCODE": 26010 }, "geometry": { "type": "MultiLineString", "coordinates": [ [ [ 1489991.443174872081727, 2583233.886492578312755 ], [ 1489651.24402094935067, 2583409.160186799243093 ], [ 1489057.853808559942991, 2584030.654686879366636 ], [ 1489487.344300789758563, 2584408.685858899727464 ], [ 1490008.533525028498843, 2585648.269906157627702 ], [ 1490164.878814508207142, 2585802.279498806223273 ], [ 1490798.157549402210861, 2585726.220535101369023 ], [ 1491342.340912873391062, 2585404.887833872810006 ], [ 1491579.196559624513611, 2584904.591036247089505 ], [ 1490386.190014442894608, 2584298.987773418426514 ], [ 1490097.104443309595808, 2583687.530178233981133 ], [ 1489991.443174872081727, 2583233.886492578312755 ] ] ] } },
{ "type": "Feature", "properties": { "fid": 15, "FNODE_": 1040, "TNODE_": 1041, "LPOLY_": 1, "RPOLY_": 1, "LENGTH": 0.161, "BOU2_4M_": 1056, "BOU2_4M_ID": 71, "GBCODE": 26100 }, "geometry": { "type": "MultiLineString", "coordinates": [ [ [ 1487579.803276091814041, 2586208.33973316475749 ], [ 1487798.435828717192635, 2587162.477762840688229 ], [ 1487837.312990950187668, 2587518.18769103474915 ], [ 1488107.181150523247197, 2588099.151119565591216 ], [ 1488562.526461007539183, 2588658.254912359640002 ], [ 1489200.044103265507147, 2588887.608344312757254 ], [ 1489791.690851804800332, 2588904.684512937441468 ], [ 1490356.183826556894928, 2588610.126460218802094 ], [ 1490783.173446212196723, 2588370.298397373408079 ], [ 1491280.362379630329087, 2588013.894340191036463 ], [ 1491770.766154973069206, 2587528.007941715419292 ], [ 1492109.983759937342256, 2586864.608130618929863 ], [ 1492322.014565989142284, 2586180.853520840406418 ], [ 1492397.241713865892962, 2585706.130255907773972 ], [ 1492157.893214362673461, 2584771.371779780834913 ], [ 1491815.439136351458728, 2584153.198411088436842 ], [ 1491522.48436757735908, 2583722.5713248886168 ], [ 1491118.755836461670697, 2583325.305777795612812 ], [ 1490619.189888702938333, 2582887.264973284676671 ], [ 1489820.138736084336415, 2582375.947504110634327 ], [ 1489551.485712109832093, 2582435.901224220171571 ], [ 1489061.452847752021626, 2582588.568464083597064 ], [ 1488514.902176304254681, 2583091.092485027387738 ], [ 1487887.094592539360747, 2583785.613194108009338 ], [ 1487328.790335644502193, 2584363.045844934880733 ], [ 1487286.628268343629315, 2584792.028207909315825 ], [ 1487397.339751755585894, 2585398.713243069127202 ], [ 1487431.322560964385048, 2585547.756688300520182 ] ] ] } },
{ "type": "Feature", "properties": { "fid": 16, "FNODE_": 1042, "TNODE_": 1042, "LPOLY_": 1, "RPOLY_": 595, "LENGTH": 0.008, "BOU2_4M_": 1057, "BOU2_4M_ID": 26010, "GBCODE": 26010 }, "geometry": { "type": "MultiLineString", "coordinates": [ [ [ 1485144.986596995266154, 2580881.797228716313839 ], [ 1485085.00578359561041, 2580929.726182628422976 ], [ 1485134.025137306889519, 2581132.427267655730247 ], [ 1485243.062908290652558, 2581180.010763674974442 ], [ 1485362.6048760258127, 2581060.27120697684586 ], [ 1485301.856206995435059, 2580953.035165993496776 ], [ 1485230.25512078194879, 2580881.842826003208756 ], [ 1485144.986596995266154, 2580881.797228716313839 ] ] ] } },
{ "type": "Feature", "properties": { "fid": 17, "FNODE_": 1043, "TNODE_": 1043, "LPOLY_": 1, "RPOLY_": 591, "LENGTH": 0.239, "BOU2_4M_": 1058, "BOU2_4M_ID": 26010, "GBCODE": 26010 }, "geometry": { "type": "MultiLineString", "coordinates": [ [ [ 1546425.655513706384227, 2599010.950808767229319 ], [ 1546475.812972581479698, 2598188.204062316566706 ], [ 1545971.000367614207789, 2597133.076762424781919 ], [ 1545567.060498194769025, 2596247.918549565598369 ], [ 1545265.562913719797507, 2595533.152437958866358 ], [ 1545092.082275931723416, 2594992.26308549195528 ], [ 1545009.512321768794209, 2594209.457567386329174 ], [ 1544845.935288987355307, 2593285.406615078449249 ], [ 1544566.63801280525513, 2592753.844029136002064 ], [ 1544056.692739031976089, 2592057.190210092812777 ], [ 1543440.938998406520113, 2591369.872780092060566 ], [ 1543192.376349007943645, 2590817.35759874433279 ], [ 1543000.853011990198866, 2590222.531383130699396 ], [ 1541946.215870259329677, 2588542.001918662339449 ], [ 1541618.827804228058085, 2588156.935840545222163 ], [ 1541271.469259569654241, 2587896.751327157020569 ], [ 1540837.234037793474272, 2588187.542502611875534 ], [ 1540936.992090532323346, 2588536.817179685458541 ], [ 1542603.967743669170886, 2591263.231573855504394 ], [ 1543634.156650866148993, 2592760.362969478592277 ], [ 1544022.243773398222402, 2593411.876796862110496 ], [ 1544195.863299391232431, 2593952.519966898486018 ], [ 1544284.677740565501153, 2594864.651388013735414 ], [ 1544346.381184411467984, 2595131.126718353480101 ], [ 1544731.220673457952216, 2595807.78250366076827 ], [ 1545099.79684880329296, 2596584.599904522299767 ], [ 1545582.352787879994139, 2597790.177642557770014 ], [ 1545865.172547779744491, 2598451.032510731369257 ], [ 1546024.703301358036697, 2598912.345808390527964 ], [ 1546107.135638098232448, 2599053.874074820429087 ], [ 1546253.603751984424889, 2599102.628934839740396 ], [ 1546425.655513706384227, 2599010.950808767229319 ] ] ] } },
{ "type": "Feature", "properties": { "fid": 18, "FNODE_": 1044, "TNODE_": 1045, "LPOLY_": 1, "RPOLY_": 1, "LENGTH": 0.058, "BOU2_4M_": 1059, "BOU2_4M_ID": 96, "GBCODE": 26100 }, "geometry": { "type": "MultiLineString", "coordinates": [ [ [ 1486662.471087574725971, 2578911.554445888847113 ], [ 1486598.097294767852873, 2579021.138684298843145 ], [ 1486383.038075687130913, 2579396.845504008233547 ], [ 1485755.554552933899686, 2579271.585233276709914 ], [ 1485053.39573797956109, 2578801.652024462819099 ], [ 1484733.782093579182401, 2578366.764494884759188 ], [ 1484764.840917233144864, 2577680.179573299363256 ], [ 1484958.86384018138051, 2577275.411464737728238 ], [ 1485306.110561456065625, 2577202.484275300055742 ], [ 1485615.643214993178844, 2577379.620853761211038 ], [ 1486047.473135473206639, 2577755.39104837179184 ], [ 1486323.315526770194992, 2577978.618703436106443 ], [ 1486544.533062710426748, 2578218.665862148627639 ], [ 1486846.799944564467296, 2578599.583287850022316 ] ] ] } },
{ "type": "Feature", "properties": { "fid": 19, "FNODE_": 1046, "TNODE_": 1046, "LPOLY_": 597, "RPOLY_": 1, "LENGTH": 0.031, "BOU2_4M_": 1060, "BOU2_4M_ID": 26010, "GBCODE": 26010 }, "geometry": { "type": "MultiLineString", "coordinates": [ [ [ 1496594.763621399877593, 2576413.506892470642924 ], [ 1496791.582443855237216, 2576471.501452885568142 ], [ 1496793.168854222167283, 2576933.474410463124514 ], [ 1495909.368395167402923, 2577122.309942165389657 ], [ 1495529.8580638456624, 2576906.154752800241113 ], [ 1495814.922602541744709, 2576593.785265615209937 ], [ 1496594.763621399877593, 2576413.506892470642924 ] ] ] } },
{ "type": "Feature", "properties": { "fid": 20, "FNODE_": 1047, "TNODE_": 1048, "LPOLY_": 1, "RPOLY_": 1, "LENGTH": 0.088, "BOU2_4M_": 1061, "BOU2_4M_ID": 109, "GBCODE": 26100 }, "geometry": { "type": "MultiLineString", "coordinates": [ [ [ 1495422.619602121412754, 2578424.54082316160202 ], [ 1495835.278186453040689, 2578592.677030831575394 ], [ 1496596.602765414165333, 2578201.420829022303224 ], [ 1497151.266229368280619, 2577649.077894411981106 ], [ 1497602.500328866066411, 2576926.745851272717118 ], [ 1496959.897307805484161, 2575595.209281837567687 ], [ 1496096.155659412732348, 2575329.554127566516399 ], [ 1495351.634400320937857, 2575441.962017016485333 ], [ 1494735.714507202384993, 2576061.188967740163207 ], [ 1494465.167060653679073, 2576786.632241558283567 ], [ 1494726.481715024681762, 2577750.418358348309994 ], [ 1494946.057040640618652, 2577989.995931899175048 ], [ 1495262.897668822202832, 2578117.276662915945053 ] ] ] } },
{ "type": "Feature", "properties": { "fid": 21, "FNODE_": 1049, "TNODE_": 1049, "LPOLY_": 1, "RPOLY_": 598, "LENGTH": 0.041, "BOU2_4M_": 1062, "BOU2_4M_ID": 26010, "GBCODE": 26010 }, "geometry": { "type": "MultiLineString", "coordinates": [ [ [ 1543391.045844473876059, 2583748.867170946672559 ], [ 1543581.670497029554099, 2583758.768222440034151 ], [ 1543894.440478541888297, 2583297.70349232852459 ], [ 1544020.744596856180578, 2582856.324933648109436 ], [ 1544059.249000851996243, 2582785.833279486745596 ], [ 1544050.754619010025635, 2582681.520191889256239 ], [ 1544173.99838339840062, 2582419.730759913101792 ], [ 1544229.416088460711762, 2582094.959218481555581 ], [ 1544108.371133177541196, 2581894.40544749610126 ], [ 1543868.683477612445131, 2581930.80875277146697 ], [ 1543754.651945139281452, 2581988.425583021715283 ], [ 1543535.130556832067668, 2582362.277161842212081 ], [ 1543349.521164102945477, 2582844.988609751686454 ], [ 1543311.82979703345336, 2583069.907383212819695 ], [ 1543264.061516677495092, 2583190.484295262023807 ], [ 1543284.150446897838265, 2583373.834852689877152 ], [ 1543288.818715596804395, 2583503.101232746616006 ], [ 1543391.045844473876059, 2583748.867170946672559 ] ] ] } },
{ "type": "Feature", "properties": { "fid": 22, "FNODE_": 1050, "TNODE_": 1051, "LPOLY_": 1, "RPOLY_": 1, "LENGTH": 0.172, "BOU2_4M_": 1063, "BOU2_4M_ID": 12, "GBCODE": 26100 }, "geometry": { "type": "MultiLineString", "coordinates": [ [ [ 1492435.737087659072131, 2578759.968257719650865 ], [ 1492000.740969492588192, 2578209.867021709680557 ], [ 1491697.395439703483135, 2577986.220457198098302 ], [ 1491505.991181997582316, 2577881.270879818126559 ], [ 1491126.479004680644721, 2578363.08672040887177 ], [ 1490803.183640005299821, 2578801.570657243952155 ], [ 1490361.768860806012526, 2578992.648808550089598 ], [ 1489877.565975056495517, 2579126.149384148418903 ], [ 1489481.140315134776756, 2578837.73181408829987 ], [ 1489178.653379271039739, 2578256.133684799075127 ], [ 1489103.342542037600651, 2578065.908940112218261 ], [ 1488761.593241591472179, 2577759.896624214947224 ], [ 1488551.621917354175821, 2577780.288083214312792 ], [ 1488425.205129643669352, 2577940.652206044644117 ], [ 1488153.039921575924382, 2578386.770294575020671 ], [ 1487315.541797500802204, 2578468.760611785575747 ], [ 1487103.138176307547837, 2577976.914577785879374 ], [ 1486710.331273731309921, 2577305.296848174184561 ], [ 1486314.164017218863592, 2576837.798428293317556 ], [ 1485796.003109588986263, 2576147.730959607288241 ], [ 1485511.388812216697261, 2575978.106645453721285 ], [ 1485230.066502981586382, 2575604.193612975999713 ], [ 1485075.900770036736503, 2575069.800498228520155 ], [ 1485069.226906683295965, 2574761.753282388672233 ], [ 1485073.952773952623829, 2574199.79498334415257 ], [ 1485205.17350778193213, 2573835.345709042623639 ], [ 1485455.451636595651507, 2573360.255440104752779 ], [ 1485582.652823075186461, 2573199.780451064929366 ], [ 1486131.709623184520751, 2573152.418294969946146 ], [ 1486558.790598316350952, 2573240.803178828209639 ], [ 1486944.814454631181434, 2573425.207387488335371 ], [ 1487088.227398810209706, 2573497.433822447434068 ], [ 1487509.669819343602285, 2573789.591608582064509 ], [ 1487719.324795330408961, 2573948.173755709081888 ], [ 1488243.62537669017911, 2573897.266872368752956 ], [ 1488348.272208988899365, 2573707.966563506051898 ], [ 1488505.131116459844634, 2573347.345057390630245 ], [ 1488755.17278379900381, 2573051.335353912785649 ], [ 1488925.279423675965518, 2572948.491955911740661 ], [ 1489420.063806521007791, 2572739.747019100934267 ], [ 1489843.132935675792396, 2572673.935209475457668 ], [ 1489867.88042173255235, 2572677.598921408876777 ] ] ] } },
{ "type": "Feature", "properties": { "fid": 23, "FNODE_": 1053, "TNODE_": 1053, "LPOLY_": 1, "RPOLY_": 600, "LENGTH": 0.008, "BOU2_4M_": 1065, "BOU2_4M_ID": 26010, "GBCODE": 26010 }, "geometry": { "type": "MultiLineString", "coordinates": [ [ [ 1498628.554089733865112, 2572509.174795290455222 ], [ 1498612.514127791626379, 2572579.72834294475615 ], [ 1498683.884080372517928, 2572710.934736562892795 ], [ 1498816.143153104232624, 2572666.833651468157768 ], [ 1498886.447938970290124, 2572587.562005652114749 ], [ 1498850.43480857135728, 2572473.741901263594627 ], [ 1498744.674284325679764, 2572430.132769154384732 ], [ 1498628.554089733865112, 2572509.174795290455222 ] ] ] } },
{ "type": "Feature", "properties": { "fid": 24, "FNODE_": 1054, "TNODE_": 1055, "LPOLY_": 1, "RPOLY_": 1, "LENGTH": 0.062, "BOU2_4M_": 1066, "BOU2_4M_ID": 11, "GBCODE": 26100 }, "geometry": { "type": "MultiLineString", "coordinates": [ [ [ 1492775.93602907913737, 2571518.603144522756338 ], [ 1492865.685241895262152, 2571787.509264225140214 ], [ 1492846.485247852047905, 2572449.811881890520453 ], [ 1492916.35994553216733, 2573023.057716581970453 ], [ 1493120.059881208464503, 2573743.552403800189495 ], [ 1493187.244378043105826, 2574521.006886990740895 ], [ 1493247.476618295768276, 2575169.425431756302714 ], [ 1493226.424636240350083, 2576189.665961671620607 ], [ 1493242.503295663511381, 2576959.598708502948284 ], [ 1493288.31033992418088, 2577529.150649463757873 ], [ 1493283.562919544056058, 2577912.339656112715602 ], [ 1493109.224635128630325, 2578219.311384320259094 ], [ 1493105.517554181162268, 2578244.283474327996373 ] ] ] } },
{ "type": "Feature", "properties": { "fid": 25, "FNODE_": 1056, "TNODE_": 1057, "LPOLY_": 1, "RPOLY_": 1, "LENGTH": 0.026, "BOU2_4M_": 1067, "BOU2_4M_ID": 10, "GBCODE": 26100 }, "geometry": { "type": "MultiLineString", "coordinates": [ [ [ 1493580.512712760362774, 2573069.296744000166655 ], [ 1493628.811170129338279, 2572743.87890693359077 ], [ 1493615.397533389506862, 2572307.021959515288472 ], [ 1493548.442521147197112, 2571708.909948905929923 ], [ 1493362.39396734838374, 2571220.723372852429748 ], [ 1493046.586790581000969, 2570381.38042658008635 ], [ 1493024.732423661276698, 2570352.835610130801797 ] ] ] } },
{ "type": "Feature", "properties": { "fid": 26, "FNODE_": 1058, "TNODE_": 1059, "LPOLY_": 1, "RPOLY_": 1, "LENGTH": 0.067, "BOU2_4M_": 1068, "BOU2_4M_ID": 13, "GBCODE": 26100 }, "geometry": { "type": "MultiLineString", "coordinates": [ [ [ 1489613.712220208486542, 2571949.324219854548573 ], [ 1489038.624538200208917, 2571813.828527327626944 ], [ 1488562.730737315025181, 2571718.340940851718187 ], [ 1488050.551054159877822, 2571515.449365735054016 ], [ 1487740.289285073289648, 2571342.005837675184011 ], [ 1487311.715733282035217, 2570920.8175099324435 ], [ 1487246.187668726081029, 2570476.322115536779165 ], [ 1487388.970299121225253, 2570216.122822135686874 ], [ 1487765.098832502728328, 2569580.485916737467051 ], [ 1488081.060167334508151, 2569550.007298916578293 ], [ 1488387.259136230684817, 2569569.548192540183663 ], [ 1488575.946522133890539, 2569699.504499385133386 ], [ 1488780.420361887197942, 2569883.041441794484854 ], [ 1489166.169618566054851, 2570246.488494262099266 ], [ 1489746.790216573746875, 2570510.795426955446601 ], [ 1490252.323401510016993, 2570764.235931379720569 ], [ 1490324.460877770558, 2570800.219432892277837 ], [ 1490346.258739991579205, 2570829.175113782286644 ] ] ] } },
{ "type": "Feature", "properties": { "fid": 27, "FNODE_": 1062, "TNODE_": 1063, "LPOLY_": 1, "RPOLY_": 1, "LENGTH": 0.073, "BOU2_4M_": 1071, "BOU2_4M_ID": 14, "GBCODE": 26100 }, "geometry": { "type": "MultiLineString", "coordinates": [ [ [ 1491553.485025096917525, 2567706.399072116240859 ], [ 1491371.350658665644005, 2567884.376490263268352 ], [ 1491047.364218936301768, 2567632.073483960703015 ], [ 1490711.407279795967042, 2567813.008815454319119 ], [ 1490377.985334414988756, 2568147.835373716428876 ], [ 1490051.607203710125759, 2568611.497456317767501 ], [ 1489599.509647757513449, 2568877.761455191299319 ], [ 1488544.909883793909103, 2568492.582270611077547 ], [ 1488026.336772084934637, 2568160.582227554172277 ], [ 1487250.452797815902159, 2567279.511980934068561 ], [ 1487182.337606055662036, 2567039.420325236395001 ], [ 1487201.17461525159888, 2566735.213764157146215 ], [ 1487481.201222509378567, 2566059.92330745048821 ], [ 1487797.172978088958189, 2565671.428230682387948 ], [ 1488225.972165443003178, 2565734.361642520874739 ] ] ] } },
{ "type": "Feature", "properties": { "fid": 28, "FNODE_": 1064, "TNODE_": 1064, "LPOLY_": 1, "RPOLY_": 603, "LENGTH": 0.027, "BOU2_4M_": 1072, "BOU2_4M_ID": 26010, "GBCODE": 26010 }, "geometry": { "type": "MultiLineString", "coordinates": [ [ [ 1543017.192825922276825, 2575075.974086729809642 ], [ 1543146.67960173310712, 2574917.956065036356449 ], [ 1543165.108297580154613, 2574818.439690876752138 ], [ 1543176.618199005257338, 2574743.394885020330548 ], [ 1543148.723449509358034, 2574455.708168055862188 ], [ 1543136.326390489237383, 2574376.572169436141849 ], [ 1543103.879902253625914, 2574268.191301153972745 ], [ 1543019.752446351572871, 2574151.034565787762403 ], [ 1542981.931592749198899, 2574067.362739263102412 ], [ 1542776.675488819833845, 2573903.976455552503467 ], [ 1542620.900353949517012, 2573903.072482811287045 ], [ 1542583.136764578986913, 2573973.877962009981275 ], [ 1542544.600275248056278, 2574044.56520389765501 ], [ 1542523.096063658827916, 2574169.352746644988656 ], [ 1542573.32134940684773, 2574332.158431246876717 ], [ 1542598.864953288808465, 2574490.755822340026498 ], [ 1542660.712167740100995, 2574732.580797338858247 ], [ 1542693.933034563204274, 2574841.080297537147999 ], [ 1542778.055475051049143, 2574958.23642467148602 ], [ 1542839.808727571740746, 2575045.792750852182508 ], [ 1542916.161916715325788, 2575058.778041185811162 ], [ 1543017.192825922276825, 2575075.974086729809642 ] ] ] } },
{ "type": "Feature", "properties": { "fid": 29, "FNODE_": 1065, "TNODE_": 1066, "LPOLY_": 1, "RPOLY_": 1, "LENGTH": 0.206, "BOU2_4M_": 1074, "BOU2_4M_ID": 15, "GBCODE": 26100 }, "geometry": { "type": "MultiLineString", "coordinates": [ [ [ 1483621.533209592336789, 2564547.791536239907146 ], [ 1483381.838843319332227, 2565305.388654086738825 ], [ 1483398.655531574739143, 2565717.292015282437205 ], [ 1483459.214610184775665, 2566186.452140040695667 ], [ 1483665.335639254655689, 2567239.789923004806042 ], [ 1483712.619160499656573, 2567809.491331266239285 ], [ 1483862.016108931740746, 2568726.760876476764679 ], [ 1483810.043884406331927, 2569256.349695337936282 ], [ 1483795.472654376411811, 2569714.495800390839577 ], [ 1484370.769777811830863, 2570540.691104648634791 ], [ 1484717.357071471167728, 2570821.859370207414031 ], [ 1485244.46744406525977, 2571282.768398528918624 ], [ 1485499.997227512532845, 2571473.780624786391854 ], [ 1485534.820878468686715, 2571939.255316423252225 ], [ 1485396.587584665743634, 2572533.137971153482795 ], [ 1485091.948990511475131, 2572846.462488429620862 ], [ 1484675.680090956622735, 2573220.300828717648983 ], [ 1484153.975798272993416, 2573425.296279449015856 ], [ 1483677.194228316657245, 2573867.013232443481684 ], [ 1483094.982334992382675, 2574139.902091339230537 ], [ 1482646.259801645297557, 2574381.034116514027119 ], [ 1481765.55592464026995, 2574047.382982078939676 ], [ 1481257.745462171733379, 2573461.239183653146029 ], [ 1480920.148956189630553, 2572593.156702002510428 ], [ 1480604.831556543940678, 2571395.864003799855709 ], [ 1480403.455766035243869, 2571008.204808628186584 ], [ 1480216.518678413936868, 2570162.175567008554935 ], [ 1480459.95234385272488, 2569737.476842746138573 ], [ 1480837.151923812227324, 2569102.006535246968269 ], [ 1480707.797344536753371, 2568213.467999830842018 ], [ 1480562.556314699351788, 2567271.389997305348516 ], [ 1480657.293625533813611, 2566799.142480162903666 ], [ 1480879.878434549551457, 2565629.531957739964128 ], [ 1480977.812894403003156, 2565490.455241248011589 ] ] ] } },
{ "type": "Feature", "properties": { "fid": 30, "FNODE_": 1069, "TNODE_": 1069, "LPOLY_": 599, "RPOLY_": 1, "LENGTH": 0.297, "BOU2_4M_": 1077, "BOU2_4M_ID": 26010, "GBCODE": 26010 }, "geometry": { "type": "MultiLineString", "coordinates": [ [ [ 1479044.834482072852552, 2562339.624630693346262 ], [ 1479621.503429502248764, 2562613.264288069680333 ], [ 1479947.200061633950099, 2562845.60340503230691 ], [ 1480315.937343985307962, 2562957.173266353085637 ], [ 1480842.381850777659565, 2563222.450618481263518 ], [ 1481528.108878696803004, 2563770.299256166443229 ], [ 1481668.723483089823276, 2564023.952744595706463 ], [ 1482773.693489405559376, 2564076.024760151281953 ], [ 1483276.924518100684509, 2564004.298466965556145 ], [ 1483455.103569990955293, 2564340.890831224620342 ], [ 1483208.337971742032096, 2564582.804038643836975 ], [ 1482881.201942867599428, 2564683.221143404021859 ], [ 1482879.869282059837133, 2565170.243304768577218 ], [ 1483122.566965053789318, 2566850.937556846067309 ], [ 1483410.299188398290426, 2568257.104876223951578 ], [ 1483437.559635195182636, 2568876.810365473851562 ], [ 1483316.010171577101573, 2569626.614373970776796 ], [ 1483256.78396362811327, 2570463.010512510314584 ], [ 1483111.465144164860249, 2570875.32954479008913 ], [ 1484238.737480180803686, 2571264.532188400626183 ], [ 1484639.098771488061175, 2571663.137651067227125 ], [ 1485044.05168891698122, 2572191.084365244954824 ], [ 1485041.532486323965713, 2572524.115289302542806 ], [ 1484724.508508242899552, 2572728.668285697698593 ], [ 1483973.241005292860791, 2572888.111266415566206 ], [ 1483154.283837137278169, 2572831.593665415421128 ], [ 1482190.525888762669638, 2572545.867436051368713 ], [ 1481812.1891669256147, 2572330.260806350037456 ], [ 1481307.847739642718807, 2571145.30412937887013 ], [ 1481165.048367259791121, 2570429.478871749714017 ], [ 1481171.606643804814667, 2569917.638027952983975 ], [ 1481956.921955193625763, 2569071.190482510253787 ], [ 1482148.395750516559929, 2568538.330262824892998 ], [ 1482199.657174791907892, 2567905.541405241936445 ], [ 1482007.898152776993811, 2567489.761006932705641 ], [ 1481417.644500319380313, 2567778.119553556665778 ], [ 1481227.430940357968211, 2567362.373754912987351 ], [ 1481425.471064758254215, 2566779.263453632593155 ], [ 1481926.670465735718608, 2566091.755967639386654 ], [ 1480851.284373470814899, 2564275.299101777374744 ], [ 1480498.692212454741821, 2564371.622277135029435 ], [ 1479839.425574139691889, 2564289.616293868049979 ], [ 1479372.902021253015846, 2563982.802593670785427 ], [ 1479141.784009657334536, 2563483.571855593472719 ], [ 1479047.381320828339085, 2562801.655382787808776 ], [ 1479044.834482072852552, 2562339.624630693346262 ] ] ] } },
{ "type": "Feature", "properties": { "fid": 31, "FNODE_": 1070, "TNODE_": 1071, "LPOLY_": 1, "RPOLY_": 1, "LENGTH": 0.175, "BOU2_4M_": 1078, "BOU2_4M_ID": 9, "GBCODE": 26100 }, "geometry": { "type": "MultiLineString", "coordinates": [ [ [ 1500377.943230897886679, 2564783.195963280275464 ], [ 1500841.183248671703041, 2564621.109924098476768 ], [ 1501611.057872124481946, 2564657.83540677651763 ], [ 1502117.390790939563885, 2564732.276104558259249 ], [ 1502574.970575936604291, 2564953.189475005492568 ], [ 1502986.129963542800397, 2565320.709333853796124 ], [ 1503152.387771946145222, 2565600.879460977390409 ], [ 1503070.783780203200877, 2565972.694649644196033 ], [ 1502776.56885146163404, 2566210.723659755662084 ], [ 1502324.732333583757281, 2566476.699968032538891 ], [ 1502026.824139311211184, 2566739.71534925326705 ], [ 1501734.3885376683902, 2567157.073720753192902 ], [ 1501473.242149326717481, 2567348.831150289624929 ], [ 1501284.403774550184608, 2567755.92762702703476 ], [ 1501091.853359134169295, 2568187.994121853262186 ], [ 1500887.924163511255756, 2568516.094138730317354 ], [ 1500743.31244047312066, 2568801.796852488070726 ], [ 1500637.055901733459905, 2569169.771033216267824 ], [ 1500278.515316399978474, 2569500.786122068762779 ], [ 1499978.52172081777826, 2569789.291749371215701 ], [ 1499734.208291500573978, 2570213.689643112942576 ], [ 1499297.151905395323411, 2570737.825163127854466 ], [ 1498712.873220253270119, 2571189.024790367111564 ], [ 1498175.973121537826955, 2571672.829887848347425 ], [ 1497619.66246807645075, 2572128.04599704220891 ], [ 1497289.761623018421233, 2572437.920531809329987 ], [ 1497023.465481369290501, 2572501.017299484461546 ], [ 1496705.116081541636959, 2572377.323992326855659 ], [ 1496499.211584156146273, 2572193.806656079366803 ], [ 1496250.51300730323419, 2571952.471689715981483 ], [ 1495940.879612206015736, 2571599.805303189903498 ], [ 1495648.52305293129757, 2571300.969041781499982 ], [ 1495273.140607267385349, 2571220.315453222021461 ], [ 1495009.274357734015211, 2571437.353695491328835 ], [ 1494982.755176419392228, 2571791.508921278640628 ], [ 1495260.715092711150646, 2572011.637862658128142 ], [ 1495343.483766399789602, 2572151.524705680087209 ], [ 1495428.908612945117056, 2572624.60790073685348 ], [ 1495310.871531709562987, 2573067.890334993600845 ], [ 1495170.181442543165758, 2573328.542937794700265 ], [ 1494917.005771232768893, 2573649.469903696328402 ], [ 1494670.487327675800771, 2573920.355219285935163 ], [ 1494297.941293561132625, 2574172.530706966295838 ], [ 1494232.013724823947996, 2574265.243001792579889 ] ] ] } },
{ "type": "Feature", "properties": { "fid": 32, "FNODE_": 1073, "TNODE_": 1073, "LPOLY_": 1, "RPOLY_": 609, "LENGTH": 0.032, "BOU2_4M_": 1080, "BOU2_4M_ID": 26010, "GBCODE": 26010 }, "geometry": { "type": "MultiLineString", "coordinates": [ [ [ 1545875.119850036688149, 2570498.565820708870888 ], [ 1546185.328261054353788, 2570654.287547660991549 ], [ 1546269.409342877799645, 2570617.20774906501174 ], [ 1546353.491066973190755, 2570580.12872152030468 ], [ 1546559.452414139872417, 2570435.190850742161274 ], [ 1546597.216805912554264, 2570364.616865672171116 ], [ 1546763.017862187232822, 2570161.602861914783716 ], [ 1546881.019366419641301, 2569924.440950492396951 ], [ 1546868.631957022706047, 2569845.311182364821434 ], [ 1546793.732344564283267, 2569678.286559270694852 ], [ 1546701.085057714488357, 2569611.291103880852461 ], [ 1546533.62087117601186, 2569531.313338594511151 ], [ 1546452.62099239253439, 2569543.122327800840139 ], [ 1546150.941567666362971, 2569646.126971416175365 ], [ 1545893.372056388994679, 2569936.319220894947648 ], [ 1545766.187180556589738, 2570223.138602264225483 ], [ 1545761.649863934610039, 2570402.211363609880209 ], [ 1545875.119850036688149, 2570498.565820708870888 ] ] ] } },
{ "type": "Feature", "properties": { "fid": 33, "FNODE_": 1074, "TNODE_": 1074, "LPOLY_": 1, "RPOLY_": 608, "LENGTH": 0.078, "BOU2_4M_": 1081, "BOU2_4M_ID": 26010, "GBCODE": 26010 }, "geometry": { "type": "MultiLineString", "coordinates": [ [ [ 1539853.750793987885118, 2569844.553196270018816 ], [ 1539379.695152199594304, 2569077.289148850366473 ], [ 1538957.566974229644984, 2568472.230797821655869 ], [ 1538543.035614302149042, 2567817.104280529543757 ], [ 1537926.866096735699102, 2566796.842841219156981 ], [ 1537647.475328882690519, 2566598.902592035010457 ], [ 1537562.029869118239731, 2566816.211728904396296 ], [ 1537976.667937743011862, 2567958.601215802133083 ], [ 1538296.567434425931424, 2568393.761072790250182 ], [ 1538550.12639760109596, 2568920.906587617471814 ], [ 1538836.033062326489016, 2569401.961166379973292 ], [ 1539010.996543457033113, 2569609.098469024524093 ], [ 1539171.929471232462674, 2569737.088461255654693 ], [ 1539660.409795623505488, 2569762.86155110411346 ], [ 1539853.750793987885118, 2569844.553196270018816 ] ] ] } },
{ "type": "Feature", "properties": { "fid": 34, "FNODE_": 1075, "TNODE_": 1075, "LPOLY_": 1, "RPOLY_": 596, "LENGTH": 0.932, "BOU2_4M_": 1082, "BOU2_4M_ID": 26010, "GBCODE": 26010 }, "geometry": { "type": "MultiLineString", "coordinates": [ [ [ 1490719.794499601470307, 2558706.968858918175101 ], [ 1490328.49893013923429, 2558720.08479274250567 ], [ 1489933.913757933769375, 2559552.952693583443761 ], [ 1489499.103120735613629, 2559994.544112356379628 ], [ 1488273.317015226231888, 2560204.515341633930802 ], [ 1487573.853691737167537, 2560526.329677583649755 ], [ 1487403.671443053754047, 2560934.177743038162589 ], [ 1486485.350460513494909, 2561168.919291414320469 ], [ 1486280.518549781059846, 2561468.79919352568686 ], [ 1486620.705871441168711, 2562396.016617381945252 ], [ 1486964.031888677505776, 2562990.646059254184365 ], [ 1487209.419377844780684, 2563235.828260716050863 ], [ 1487403.554339310154319, 2562831.700317732989788 ], [ 1487481.514988507609814, 2562357.283788494765759 ], [ 1487701.715773381758481, 2561803.548866972327232 ], [ 1488013.203770983731374, 2561162.130503289401531 ], [ 1488260.148285605479032, 2560920.366884704679251 ], [ 1488524.616246065590531, 2560886.741021066904068 ], [ 1488946.166837506694719, 2561160.738405661657453 ], [ 1489259.138581054285169, 2561468.02180914953351 ], [ 1489475.353194702416658, 2561247.035405008122325 ], [ 1489804.294952713185921, 2560659.689605999737978 ], [ 1490080.476016648579389, 2560397.2095887940377 ], [ 1490332.133575338404626, 2560284.576349057257175 ], [ 1490509.258669425267726, 2560467.219051238149405 ], [ 1490814.16716614854522, 2560978.687806600704789 ], [ 1492052.96688870457001, 2561001.792366301640868 ], [ 1492326.610961898928508, 2561072.079517144709826 ], [ 1492503.797396959736943, 2562049.790943384170532 ], [ 1492975.79963841708377, 2563434.535398906096816 ], [ 1491719.152133885538206, 2563357.411986127495766 ], [ 1490016.240794863319024, 2562848.15613960288465 ], [ 1489302.29225799581036, 2562936.656743194907904 ], [ 1488598.475960174808279, 2563283.279353944584727 ], [ 1489019.134100765921175, 2563557.179403640329838 ], [ 1489625.587760047521442, 2563810.109031785279512 ], [ 1489628.455425054533407, 2564272.047519845888019 ], [ 1488981.938389014219865, 2564268.923222558572888 ], [ 1488413.047415739158168, 2564099.168912544846535 ], [ 1487796.701563639799133, 2564229.189267681911588 ], [ 1488310.101096141384915, 2565518.260627020150423 ], [ 1488397.018734044395387, 2566096.598602691665292 ], [ 1488244.256363315042108, 2566712.868643241003156 ], [ 1488354.721712222788483, 2566987.289920827373862 ], [ 1488891.59043108089827, 2566869.791957326233387 ], [ 1489329.190932861063629, 2567043.996101723983884 ], [ 1489667.699727779254317, 2567663.425523465499282 ], [ 1489928.172718846937642, 2567500.840366868302226 ], [ 1490378.305242869770154, 2566804.845574144273996 ], [ 1490720.932815392734483, 2566450.769741453230381 ], [ 1491405.70454472466372, 2565895.868773844093084 ], [ 1491448.684908346273005, 2566903.162659430876374 ], [ 1491663.91637761099264, 2567169.124317288398743 ], [ 1492522.699861535802484, 2567617.214281996712089 ], [ 1492343.212252908619121, 2567921.222702844068408 ], [ 1492148.240327821811661, 2568479.14428074657917 ], [ 1491856.65250571584329, 2568995.544238185510039 ], [ 1492219.372933379141614, 2569311.465368928387761 ], [ 1492304.328024649294093, 2569735.700625779107213 ], [ 1491263.647834141505882, 2570719.461572242900729 ], [ 1491148.823165899142623, 2571265.076348599046469 ], [ 1490943.827114332001656, 2571410.982033260166645 ], [ 1490497.597850771388039, 2571440.576053334400058 ], [ 1490092.850884579122066, 2571707.889768682420254 ], [ 1490077.50948653742671, 2572115.794759890064597 ], [ 1490185.409829553216696, 2573031.032211920246482 ], [ 1489974.69664412853308, 2573381.3174669444561 ], [ 1489234.36428547766991, 2574106.580292746424675 ], [ 1488750.871447646757588, 2574848.212671356275678 ], [ 1488265.721299754921347, 2575435.881910031661391 ], [ 1488029.806718176230788, 2575294.871337562799454 ], [ 1487759.040226744720712, 2574737.656052239239216 ], [ 1487484.695273823337629, 2574359.406509213149548 ], [ 1486879.83367127738893, 2574260.65017163194716 ], [ 1486426.380294672446325, 2574340.378432342782617 ], [ 1485986.522992962738499, 2574499.324635768309236 ], [ 1485749.176902491832152, 2574999.08216024748981 ], [ 1485968.730011905543506, 2575240.328595725819468 ], [ 1486465.245541023556143, 2575526.540058255195618 ], [ 1487312.39200683333911, 2576203.590407161042094 ], [ 1487961.045066026272252, 2576822.664763437584043 ], [ 1488187.825915411580354, 2576859.61467775888741 ], [ 1488809.544605403905734, 2576704.703644519671798 ], [ 1490268.772974401945248, 2576789.345515545457602 ], [ 1490805.035693818237633, 2576363.924745958298445 ], [ 1492487.397912438726053, 2574151.35033218935132 ], [ 1492138.528824444394559, 2574068.561992404982448 ], [ 1491485.371872605290264, 2574423.193849025294185 ], [ 1491545.43670613062568, 2573740.756601501256227 ], [ 1491369.375662011792883, 2572609.103561224415898 ], [ 1492087.45953957689926, 2572803.368077015504241 ], [ 1492407.349706628592685, 2572111.859066352248192 ], [ 1492079.266762144165114, 2571904.37022565305233 ], [ 1492464.630305088590831, 2571608.312631679698825 ], [ 1493091.609405140625313, 2569992.564466265961528 ], [ 1493391.672100398456678, 2569733.866006717085838 ], [ 1493879.119271297939122, 2569608.446224085986614 ], [ 1494245.695625194348395, 2569104.278307991102338 ], [ 1494329.527393970638514, 2567964.095162387937307 ], [ 1494418.909088231856003, 2567260.631967794150114 ], [ 1494514.604061979101971, 2566994.185875052586198 ], [ 1494712.426407758146524, 2567052.039366684854031 ], [ 1494982.233138159615919, 2567301.519450478255749 ], [ 1495030.606684317346662, 2567950.381871609017253 ], [ 1495234.777179037220776, 2568753.373575836420059 ], [ 1495246.412462692009285, 2569319.203321414068341 ], [ 1495453.208963527576998, 2569481.32685375213623 ], [ 1496160.665473617147654, 2568955.994886685162783 ], [ 1496402.990863827057183, 2569841.904879631474614 ], [ 1496619.644166019046679, 2570261.964787336066365 ], [ 1496876.589371411828324, 2570586.385602906346321 ], [ 1497136.400445770937949, 2570423.653611863031983 ], [ 1497649.874153117416427, 2569661.385323723778129 ], [ 1498644.132592356996611, 2568490.58781335875392 ], [ 1498758.830706308130175, 2568740.069111309945583 ], [ 1498812.212630575755611, 2569518.183975083753467 ], [ 1498935.095249912468717, 2569717.862052792683244 ], [ 1499381.314554091077298, 2569201.257073415443301 ], [ 1500211.77214502170682, 2567926.68852761015296 ], [ 1500807.906248502898961, 2566665.132499270141125 ], [ 1501598.991070369491354, 2565948.525517096742988 ], [ 1501776.490557790733874, 2565644.158589754253626 ], [ 1501197.307548231678084, 2565395.366985509172082 ], [ 1500755.169256248511374, 2565400.058342287316918 ], [ 1500324.419873437145725, 2565662.878348244354129 ], [ 1499864.511408342281356, 2566100.396786103025079 ], [ 1499351.20706161367707, 2565759.890546405687928 ], [ 1498707.543483939953148, 2565577.546811508014798 ], [ 1496888.286166432779282, 2565305.4875284191221 ], [ 1496665.823533779010177, 2565397.223854435607791 ], [ 1496220.892428637947887, 2564324.234028344973922 ], [ 1495908.205451029120013, 2564016.721227111294866 ], [ 1494922.284682924160734, 2563240.017029812559485 ], [ 1494786.320237021194771, 2562807.424453146755695 ], [ 1494780.694336625747383, 2562370.796036679297686 ], [ 1493974.393006466794759, 2561597.730560818687081 ], [ 1493459.637234446126968, 2560949.597416304051876 ], [ 1493391.210523935966194, 2560733.264654621481895 ], [ 1493402.174695420078933, 2560504.468544272705913 ], [ 1493884.501737650483847, 2560095.998191000893712 ], [ 1493890.734845742816105, 2559584.224400630220771 ], [ 1493284.813367540249601, 2559331.382730927318335 ], [ 1490719.794499601470307, 2558706.968858918175101 ] ] ] } },
{ "type": "Feature", "properties": { "fid": 35, "FNODE_": 1076, "TNODE_": 1076, "LPOLY_": 1, "RPOLY_": 610, "LENGTH": 0.015, "BOU2_4M_": 1083, "BOU2_4M_ID": 26010, "GBCODE": 26010 }, "geometry": { "type": "MultiLineString", "coordinates": [ [ [ 1484310.97894441941753, 2557498.349208325147629 ], [ 1484327.057159255025908, 2557652.460358744487166 ], [ 1484452.256874137092382, 2557790.977611612528563 ], [ 1484654.67662301659584, 2557759.798424461856484 ], [ 1484778.319473296636716, 2557543.59542971290648 ], [ 1484714.472905001603067, 2557343.129511501640081 ], [ 1484526.248859726358205, 2557251.009536035358906 ], [ 1484341.402834247797728, 2557313.257973963394761 ], [ 1484310.97894441941753, 2557498.349208325147629 ] ] ] } },
{ "type": "Feature", "properties": { "fid": 36, "FNODE_": 1077, "TNODE_": 1077, "LPOLY_": 611, "RPOLY_": 1, "LENGTH": 0.081, "BOU2_4M_": 1084, "BOU2_4M_ID": 26010, "GBCODE": 26010 }, "geometry": { "type": "MultiLineString", "coordinates": [ [ [ 1487094.574322034139186, 2556653.485826179385185 ], [ 1485950.83959465357475, 2556364.312334146350622 ], [ 1485637.915055279619992, 2556210.652211690321565 ], [ 1485270.184930940624326, 2555612.421146046370268 ], [ 1485093.67755805212073, 2555429.794446852058172 ], [ 1484745.210108880419284, 2555501.084246195852757 ], [ 1484304.411299654049799, 2555506.087309284135699 ], [ 1483882.822038317797706, 2555386.005957001820207 ], [ 1483885.595717341639102, 2554899.346341928467155 ], [ 1484069.658947017742321, 2554724.347237311303616 ], [ 1484493.139297021087259, 2554665.141754066571593 ], [ 1485048.400453584967181, 2554909.699305543676019 ], [ 1486821.916446721414104, 2555942.544323185458779 ], [ 1487121.436885704286397, 2556170.983011530712247 ], [ 1487193.76069426513277, 2556362.084854081273079 ], [ 1487094.574322034139186, 2556653.485826179385185 ] ] ] } },
{ "type": "Feature", "properties": { "fid": 37, "FNODE_": 1080, "TNODE_": 1080, "LPOLY_": 1, "RPOLY_": 607, "LENGTH": 0.195, "BOU2_4M_": 1087, "BOU2_4M_ID": 26010, "GBCODE": 26010 }, "geometry": { "type": "MultiLineString", "coordinates": [ [ [ 1538269.376301252050325, 2570364.306831061840057 ], [ 1538431.384631612338126, 2570158.893617080524564 ], [ 1537959.305045911110938, 2569212.462559346109629 ], [ 1536957.948475810466334, 2567515.885637039318681 ], [ 1536108.701576776569709, 2565510.086576521396637 ], [ 1535920.171881944639608, 2564736.713053219020367 ], [ 1535915.424458413152024, 2564274.466512495651841 ], [ 1535624.319808978587389, 2563664.353999059647322 ], [ 1535299.503798850113526, 2563254.356349900364876 ], [ 1535016.244037237251177, 2562748.202939983457327 ], [ 1534830.469885288737714, 2562283.078449701890349 ], [ 1534713.655617372598499, 2561879.935312395915389 ], [ 1534663.459010438993573, 2561538.623518219217658 ], [ 1534443.677244709571823, 2561119.59860572591424 ], [ 1534355.320330239133909, 2561028.735555188730359 ], [ 1534051.22243605251424, 2561314.172402881085873 ], [ 1533944.671445318497717, 2562476.940110994502902 ], [ 1534120.127248522127047, 2563171.22234863974154 ], [ 1534897.105886406032369, 2564652.634316751733422 ], [ 1535401.109179586637765, 2565398.566394373774529 ], [ 1535718.454055798007175, 2566012.712563309818506 ], [ 1536227.140826944261789, 2566887.91684333793819 ], [ 1536511.993118146900088, 2567548.219391589984298 ], [ 1536898.32515381439589, 2568378.467138482257724 ], [ 1537476.387596449116245, 2569316.106597069650888 ], [ 1537751.663229351863265, 2569872.090008217841387 ], [ 1538033.476287014083937, 2570224.448314562439919 ], [ 1538269.376301252050325, 2570364.306831061840057 ] ] ] } },
{ "type": "Feature", "properties": { "fid": 38, "FNODE_": 1081, "TNODE_": 1082, "LPOLY_": 1, "RPOLY_": 1, "LENGTH": 1.14, "BOU2_4M_": 1088, "BOU2_4M_ID": 1001, "GBCODE": 61010 }, "geometry": { "type": "MultiLineString", "coordinates": [ [ [ 1787811.073359083849937, 2602746.000348126515746 ], [ 1794579.73017337708734, 2727877.506892509758472 ] ] ] } },
{ "type": "Feature", "properties": { "fid": 39, "FNODE_": 1086, "TNODE_": 1086, "LPOLY_": 616, "RPOLY_": 1, "LENGTH": 0.034, "BOU2_4M_": 1092, "BOU2_4M_ID": 26010, "GBCODE": 26010 }, "geometry": { "type": "MultiLineString", "coordinates": [ [ [ 1466210.426190430531278, 2542436.360593304038048 ], [ 1466614.364301122259349, 2542501.840285321697593 ], [ 1467103.378198673017323, 2542837.539286190643907 ], [ 1467337.258003129856661, 2543157.412975778803229 ], [ 1467320.956417541252449, 2543411.186805438250303 ], [ 1466652.407509428914636, 2543379.218362204730511 ], [ 1466087.551909398287535, 2543031.455297756940126 ], [ 1466076.887896097032353, 2542619.577678026631474 ], [ 1466210.426190430531278, 2542436.360593304038048 ] ] ] } },
{ "type": "Feature", "properties": { "fid": 40, "FNODE_": 1087, "TNODE_": 1087, "LPOLY_": 1, "RPOLY_": 618, "LENGTH": 0.064, "BOU2_4M_": 1093, "BOU2_4M_ID": 26010, "GBCODE": 26010 }, "geometry": { "type": "MultiLineString", "coordinates": [ [ [ 1487785.453040031483397, 2541182.446309942752123 ], [ 1486835.689714758656919, 2541130.034215651452541 ], [ 1487149.343299568397924, 2541744.881100220605731 ], [ 1487402.742651628796011, 2541940.045647976920009 ], [ 1487703.063514610752463, 2542322.271074255928397 ], [ 1488423.66271297307685, 2542670.460331341251731 ], [ 1489020.71288973512128, 2542819.063717052340508 ], [ 1489297.467885642545298, 2542710.554975593462586 ], [ 1489169.930188854690641, 2542382.438238691538572 ], [ 1488518.90798300690949, 2542250.300665685907006 ], [ 1487810.115539031568915, 2541827.167469061911106 ], [ 1487909.319841156248003, 2541535.901253717020154 ], [ 1487785.453040031483397, 2541182.446309942752123 ] ] ] } },
{ "type": "Feature", "properties": { "fid": 41, "FNODE_": 1088, "TNODE_": 1088, "LPOLY_": 1, "RPOLY_": 617, "LENGTH": 0.128, "BOU2_4M_": 1094, "BOU2_4M_ID": 26010, "GBCODE": 26010 }, "geometry": { "type": "MultiLineString", "coordinates": [ [ [ 1485851.583094297209755, 2540815.636712744832039 ], [ 1485406.420814280863851, 2541153.073537422344089 ], [ 1484607.669317637104541, 2540817.856376299634576 ], [ 1483988.255035307258368, 2540793.695196272805333 ], [ 1484162.920758536551148, 2541309.189934892579913 ], [ 1484371.688578344648704, 2541624.944306589663029 ], [ 1484063.527560396352783, 2542394.890299262478948 ], [ 1483937.5041610726621, 2543014.900685783475637 ], [ 1483750.362109882291406, 2543522.486379884183407 ], [ 1483762.268886136822402, 2544088.23485972173512 ], [ 1483201.932681414298713, 2544817.146438390016556 ], [ 1483661.329707751749083, 2544866.407857671380043 ], [ 1483950.128593642264605, 2544836.643466711044312 ], [ 1485216.495178323239088, 2545017.633070329204202 ], [ 1485372.985505548305809, 2544530.388269336894155 ], [ 1485615.307373262243345, 2544159.879472345113754 ], [ 1485628.669728031149134, 2543444.674425942823291 ], [ 1485554.323867166414857, 2543099.156261272728443 ], [ 1485705.309748613275588, 2542816.335182571783662 ], [ 1486402.598867659689859, 2542827.653139378875494 ], [ 1486535.45395091176033, 2542490.55479558557272 ], [ 1486251.378877871204168, 2542008.58255029655993 ], [ 1485851.583094297209755, 2540815.636712744832039 ] ] ] } },
{ "type": "Feature", "properties": { "fid": 42, "FNODE_": 1091, "TNODE_": 1092, "LPOLY_": 1, "RPOLY_": 1, "LENGTH": 0.164, "BOU2_4M_": 1097, "BOU2_4M_ID": 201, "GBCODE": 26100 }, "geometry": { "type": "MultiLineString", "coordinates": [ [ [ 1482831.764735538745299, 2545400.691813502460718 ], [ 1483132.146364212501794, 2545518.340633964166045 ], [ 1484212.524440035689622, 2545740.500632150098681 ], [ 1484706.230582579737529, 2545895.560504071414471 ], [ 1485505.800338078057393, 2545587.287437072023749 ], [ 1486307.3430303002242, 2544792.659957060590386 ], [ 1486830.189167288132012, 2543954.279592661187053 ], [ 1487130.1412548343651, 2542875.765290349721909 ], [ 1486730.566628168802708, 2541553.194200903177261 ], [ 1486644.919076808495447, 2540821.551524102687836 ], [ 1486379.132265072548762, 2539762.638339228928089 ], [ 1485285.908738608472049, 2539461.572618840262294 ], [ 1484157.52064440632239, 2539717.684071127325296 ], [ 1483367.745635081315413, 2540437.208740253001451 ], [ 1483140.960929095745087, 2541220.168198179453611 ], [ 1483175.715175528777763, 2541814.291247641667724 ], [ 1483089.326128021581098, 2542849.87600220926106 ], [ 1482700.563377673504874, 2543991.2541234344244 ], [ 1482395.981940074823797, 2544608.44061528518796 ], [ 1482473.682769254315645, 2545260.555221408605576 ] ] ] } },
{ "type": "Feature", "properties": { "fid": 43, "FNODE_": 1094, "TNODE_": 1094, "LPOLY_": 1, "RPOLY_": 624, "LENGTH": 0.012, "BOU2_4M_": 1099, "BOU2_4M_ID": 26010, "GBCODE": 26010 }, "geometry": { "type": "MultiLineString", "coordinates": [ [ [ 1466901.908734542550519, 2534205.250766064971685 ], [ 1466884.691739946370944, 2534383.866129010915756 ], [ 1467011.808577803662047, 2534561.996913237497211 ], [ 1467173.193552712909877, 2534525.98278684169054 ], [ 1467245.128727454924956, 2534347.245446318760514 ], [ 1467172.309382871026173, 2534204.601157255470753 ], [ 1467027.693121256539598, 2534097.818918041884899 ], [ 1466901.908734542550519, 2534205.250766064971685 ] ] ] } },
{ "type": "Feature", "properties": { "fid": 44, "FNODE_": 1098, "TNODE_": 1098, "LPOLY_": 1, "RPOLY_": 625, "LENGTH": 0.015, "BOU2_4M_": 1102, "BOU2_4M_ID": 26010, "GBCODE": 26010 }, "geometry": { "type": "MultiLineString", "coordinates": [ [ [ 1468973.766647748183459, 2533754.667186489328742 ], [ 1469010.455941295949742, 2533933.050042202696204 ], [ 1469101.684895282844082, 2534058.001896837726235 ], [ 1469299.586107317823917, 2534021.810135228559375 ], [ 1469461.796152546769008, 2533789.54585892893374 ], [ 1469406.117323331302032, 2533610.947451142594218 ], [ 1469261.086960050044581, 2533539.745019385591149 ], [ 1469063.177552259294316, 2533575.936660747975111 ], [ 1468992.082075273618102, 2533683.227973455563188 ], [ 1468973.766647748183459, 2533754.667186489328742 ] ] ] } },
{ "type": "Feature", "properties": { "fid": 45, "FNODE_": 1099, "TNODE_": 1099, "LPOLY_": 622, "RPOLY_": 1, "LENGTH": 0.061, "BOU2_4M_": 1103, "BOU2_4M_ID": 26010, "GBCODE": 26010 }, "geometry": { "type": "MultiLineString", "coordinates": [ [ [ 1546660.857399381930009, 2544392.442909119650722 ], [ 1546951.338277228875086, 2544169.983475834131241 ], [ 1547335.301320479949936, 2544331.94048017822206 ], [ 1547592.940127652604133, 2544696.462975243106484 ], [ 1547750.524255893658847, 2545257.799731075763702 ], [ 1547804.995199144119397, 2545870.295900516211987 ], [ 1547807.332678639795631, 2546227.575458550825715 ], [ 1547757.463139952626079, 2546687.181440023705363 ], [ 1547450.957211811328307, 2547045.353595320135355 ], [ 1547295.284646457526833, 2546994.480043154209852 ], [ 1547191.961512500885874, 2546943.771073285490274 ], [ 1547138.95246916776523, 2546637.388006964698434 ], [ 1547034.406315145082772, 2546382.41646271571517 ], [ 1546878.04956619720906, 2546025.333788760006428 ], [ 1546905.228228173917159, 2545827.339957401156425 ], [ 1546848.0635590699967, 2545610.040408229455352 ], [ 1546820.255426433170214, 2545392.778945188969374 ], [ 1546769.418940988369286, 2545004.696433058008552 ], [ 1546768.184252677718177, 2544800.440749926492572 ], [ 1546660.857399381930009, 2544392.442909119650722 ] ] ] } },
{ "type": "Feature", "properties": { "fid": 46, "FNODE_": 1100, "TNODE_": 1100, "LPOLY_": 1, "RPOLY_": 626, "LENGTH": 0.013, "BOU2_4M_": 1104, "BOU2_4M_ID": 26010, "GBCODE": 26010 }, "geometry": { "type": "MultiLineString", "coordinates": [ [ [ 1470086.547079593641683, 2532574.20559698343277 ], [ 1470140.49172775936313, 2532770.172721045091748 ], [ 1470393.041375559289008, 2532805.43760391511023 ], [ 1470573.221397246234119, 2532662.439010417088866 ], [ 1470555.361398024018854, 2532501.871180633082986 ], [ 1470409.754628137219697, 2532412.73694671317935 ], [ 1470229.293685878161341, 2532448.686367973685265 ], [ 1470140.565987938083708, 2532502.657073961570859 ], [ 1470086.547079593641683, 2532574.20559698343277 ] ] ] } },
{ "type": "Feature", "properties": { "fid": 47, "FNODE_": 1102, "TNODE_": 1102, "LPOLY_": 1, "RPOLY_": 627, "LENGTH": 0.086, "BOU2_4M_": 1106, "BOU2_4M_ID": 26010, "GBCODE": 26010 }, "geometry": { "type": "MultiLineString", "coordinates": [ [ [ 1545883.541452949400991, 2543875.85404297709465 ], [ 1546025.418374217813835, 2542975.513285674154758 ], [ 1546036.047417055349797, 2541926.504986828193069 ], [ 1546019.334801214747131, 2541206.184036776423454 ], [ 1546098.028101105010137, 2540552.349851654842496 ], [ 1546196.92077604145743, 2539927.339281920343637 ], [ 1545983.266831961227581, 2539637.246427161619067 ], [ 1545611.767133718123659, 2539527.450307035818696 ], [ 1545373.192084974842146, 2540053.711656833067536 ], [ 1545288.70209715119563, 2540911.747275358065963 ], [ 1545241.1063152551651, 2542031.783175075426698 ], [ 1545251.456977710360661, 2542622.762709897011518 ], [ 1545351.050703267334029, 2543304.78746248036623 ], [ 1545514.22847545449622, 2543586.966331528499722 ], [ 1545782.036850881297141, 2543859.669150482863188 ], [ 1545883.541452949400991, 2543875.85404297709465 ] ] ] } },
{ "type": "Feature", "properties": { "fid": 48, "FNODE_": 1103, "TNODE_": 1103, "LPOLY_": 629, "RPOLY_": 1, "LENGTH": 0.023, "BOU2_4M_": 1107, "BOU2_4M_ID": 26010, "GBCODE": 26010 }, "geometry": { "type": "MultiLineString", "coordinates": [ [ [ 1487214.223489578813314, 2530737.92707210034132 ], [ 1487491.997961919521913, 2530936.795657780021429 ], [ 1487205.448198752477765, 2531735.519357608631253 ], [ 1486894.014690232696012, 2531582.237912487238646 ], [ 1487214.223489578813314, 2530737.92707210034132 ] ] ] } },
{ "type": "Feature", "properties": { "fid": 49, "FNODE_": 1106, "TNODE_": 1106, "LPOLY_": 632, "RPOLY_": 1, "LENGTH": 0.034, "BOU2_4M_": 1110, "BOU2_4M_ID": 26010, "GBCODE": 26010 }, "geometry": { "type": "MultiLineString", "coordinates": [ [ [ 1487758.080931665142998, 2529468.764513598755002 ], [ 1488785.99292902322486, 2530635.555149659514427 ], [ 1488357.458170192083344, 2530873.114459006115794 ], [ 1487879.287861175136641, 2530154.626349473372102 ], [ 1487725.885342982131988, 2529822.238811491057277 ], [ 1487758.080931665142998, 2529468.764513598755002 ] ] ] } },
{ "type": "Feature", "properties": { "fid": 50, "FNODE_": 1107, "TNODE_": 1107, "LPOLY_": 1, "RPOLY_": 635, "LENGTH": 0.01, "BOU2_4M_": 1111, "BOU2_4M_ID": 26010, "GBCODE": 26010 }, "geometry": { "type": "MultiLineString", "coordinates": [ [ [ 1498241.008377910126001, 2530904.248904591426253 ], [ 1498215.971665336051956, 2531030.294152522459626 ], [ 1498267.443028544774279, 2531143.473152410238981 ], [ 1498458.221488650422543, 2531168.150978872552514 ], [ 1498572.44231695914641, 2531029.421658400446177 ], [ 1498533.459527113940567, 2530890.910000706091523 ], [ 1498393.0222620787099, 2530815.719282200559974 ], [ 1498241.008377910126001, 2530904.248904591426253 ] ] ] } },
{ "type": "Feature", "properties": { "fid": 51, "FNODE_": 1108, "TNODE_": 1108, "LPOLY_": 631, "RPOLY_": 1, "LENGTH": 0.045, "BOU2_4M_": 1112, "BOU2_4M_ID": 26010, "GBCODE": 26010 }, "geometry": { "type": "MultiLineString", "coordinates": [ [ [ 1503940.142824505921453, 2531472.629735069349408 ], [ 1504099.612995519768447, 2531601.071346238255501 ], [ 1504460.13918768428266, 2532095.660197237506509 ], [ 1504940.753698406508192, 2532481.785483671352267 ], [ 1505037.838063749484718, 2532677.206289507448673 ], [ 1504518.030702820979059, 2533002.064641771838069 ], [ 1504157.455076285637915, 2533147.816032895818353 ], [ 1503762.171024424955249, 2533185.613903876394033 ], [ 1503630.350093675777316, 2532882.235556535422802 ], [ 1503778.417993959737942, 2532137.965720593929291 ], [ 1503798.328047602204606, 2531705.535744406282902 ], [ 1503940.142824505921453, 2531472.629735069349408 ] ] ] } },
{ "type": "Feature", "properties": { "fid": 52, "FNODE_": 1109, "TNODE_": 1109, "LPOLY_": 1, "RPOLY_": 633, "LENGTH": 0.037, "BOU2_4M_": 1113, "BOU2_4M_ID": 26010, "GBCODE": 26010 }, "geometry": { "type": "MultiLineString", "coordinates": [ [ [ 1545765.803987069288269, 2539392.697534147650003 ], [ 1545879.479829959338531, 2539334.866158179938793 ], [ 1545938.546844395110384, 2538985.37675211392343 ], [ 1545929.848345121368766, 2538881.395270386710763 ], [ 1545896.445625266758725, 2538772.78191452473402 ], [ 1545860.251744818175212, 2538381.512302443385124 ], [ 1545872.535446755355224, 2538306.460182094946504 ], [ 1545995.714585473993793, 2537890.928040714934468 ], [ 1546063.447719800053164, 2537645.639342965558171 ], [ 1545891.543340017087758, 2537590.845843847841024 ], [ 1545675.400283440481871, 2537939.228306975215673 ], [ 1545663.118516232119873, 2538014.279939373955131 ], [ 1545565.496741242473945, 2538434.153019357472658 ], [ 1545489.370049262885004, 2538729.170444333925843 ], [ 1545492.64390229107812, 2538858.248162146657705 ], [ 1545534.751979004126042, 2539070.842167498543859 ], [ 1545547.236014378024265, 2539150.112411452457309 ], [ 1545630.979422048665583, 2539267.069230224937201 ], [ 1545672.850300304125994, 2539325.548014128580689 ], [ 1545765.803987069288269, 2539392.697534147650003 ] ] ] } },
{ "type": "Feature", "properties": { "fid": 53, "FNODE_": 1111, "TNODE_": 1111, "LPOLY_": 1, "RPOLY_": 636, "LENGTH": 0.057, "BOU2_4M_": 1115, "BOU2_4M_ID": 26010, "GBCODE": 26010 }, "geometry": { "type": "MultiLineString", "coordinates": [ [ [ 1545686.912165298359469, 2536592.595446713268757 ], [ 1545791.439984113909304, 2536096.451973874121904 ], [ 1545717.254960245219991, 2535418.478732444345951 ], [ 1545535.60056782560423, 2534928.712071247398853 ], [ 1545471.762771867681295, 2534021.800571387633681 ], [ 1545268.603192748734728, 2533656.692083302885294 ], [ 1545123.003351932158694, 2533761.914575884118676 ], [ 1544999.407027245964855, 2534383.028440346941352 ], [ 1545009.155544148059562, 2534973.763129193335772 ], [ 1545273.480157601181418, 2536091.570323398336768 ], [ 1545483.412610244238749, 2536406.748299250379205 ], [ 1545686.912165298359469, 2536592.595446713268757 ] ] ] } },
{ "type": "Feature", "properties": { "fid": 54, "FNODE_": 1113, "TNODE_": 1113, "LPOLY_": 638, "RPOLY_": 1, "LENGTH": 0.108, "BOU2_4M_": 1116, "BOU2_4M_ID": 26010, "GBCODE": 26010 }, "geometry": { "type": "MultiLineString", "coordinates": [ [ [ 1480130.654334562830627, 2521105.037782233208418 ], [ 1480407.519008588744327, 2521150.012100396677852 ], [ 1480731.334110596450046, 2521714.913155337795615 ], [ 1481233.20890223281458, 2522283.4135936293751 ], [ 1481929.119511969387531, 2522627.138444161042571 ], [ 1481548.533579779788852, 2523051.974296979606152 ], [ 1481517.40949492296204, 2523405.318394208326936 ], [ 1481735.530171408783644, 2524132.505443578585982 ], [ 1481619.528122313320637, 2524523.312858046963811 ], [ 1481376.658289695391431, 2524739.929083274677396 ], [ 1480677.746616686228663, 2524574.935956431552768 ], [ 1478744.916382977506146, 2523876.027705503627658 ], [ 1478287.416186763672158, 2523340.645543023943901 ], [ 1479615.952948998659849, 2522506.679921431466937 ], [ 1479692.730062066344544, 2521878.771279647946358 ], [ 1479912.609134875237942, 2521325.513863790780306 ], [ 1480130.654334562830627, 2521105.037782233208418 ] ] ] } },
{ "type": "Feature", "properties": { "fid": 55, "FNODE_": 1114, "TNODE_": 1114, "LPOLY_": 1, "RPOLY_": 639, "LENGTH": 0.053, "BOU2_4M_": 1117, "BOU2_4M_ID": 26010, "GBCODE": 26010 }, "geometry": { "type": "MultiLineString", "coordinates": [ [ [ 1545207.328441390069202, 2532904.051831889897585 ], [ 1545331.601248205639422, 2532616.237131198868155 ], [ 1545182.334856522735208, 2532080.276368942111731 ], [ 1545090.869782343972474, 2531015.407101912423968 ], [ 1544980.529542354634032, 2530562.344994802027941 ], [ 1544810.11128214886412, 2530330.628737924620509 ], [ 1544494.446037997258827, 2530357.592103883624077 ], [ 1544512.698981436900795, 2530898.551728460937738 ], [ 1544657.450610543135554, 2531459.282464681193233 ], [ 1544776.520972616737708, 2532016.313562512397766 ], [ 1544836.426501146052033, 2532461.259786149486899 ], [ 1545207.328441390069202, 2532904.051831889897585 ] ] ] } },
{ "type": "Feature", "properties": { "fid": 56, "FNODE_": 1115, "TNODE_": 1115, "LPOLY_": 1, "RPOLY_": 640, "LENGTH": 0.068, "BOU2_4M_": 1118, "BOU2_4M_ID": 26010, "GBCODE": 26010 }, "geometry": { "type": "MultiLineString", "coordinates": [ [ [ 1544363.496516090584919, 2528723.131554625928402 ], [ 1544625.753509486326948, 2528380.160212257876992 ], [ 1544684.320487609598786, 2527518.298713944852352 ], [ 1544552.486487035406753, 2526549.61896138265729 ], [ 1544517.277331681456417, 2526108.752272641286254 ], [ 1544405.665009571705014, 2525834.874039417132735 ], [ 1544137.238496648147702, 2525562.116236474364996 ], [ 1543761.383098159451038, 2525477.318920474499464 ], [ 1543614.973436514148489, 2525582.208332054316998 ], [ 1543781.71516198432073, 2526172.088350003585219 ], [ 1544037.13613561890088, 2526852.642397006973624 ], [ 1544195.390911029651761, 2527492.460626892745495 ], [ 1544151.787120288703591, 2527767.497227009385824 ], [ 1544150.999646205455065, 2528100.488481462001801 ], [ 1544176.990407455014065, 2528591.17404175363481 ], [ 1544212.159575802041218, 2528699.159740556031466 ], [ 1544363.496516090584919, 2528723.131554625928402 ] ] ] } },
{ "type": "Feature", "properties": { "fid": 57, "FNODE_": 1116, "TNODE_": 1116, "LPOLY_": 1, "RPOLY_": 641, "LENGTH": 0.023, "BOU2_4M_": 1119, "BOU2_4M_ID": 26010, "GBCODE": 26010 }, "geometry": { "type": "MultiLineString", "coordinates": [ [ [ 1682953.875769978621975, 2546859.716949490830302 ], [ 1682991.541008979314938, 2547025.6657893974334 ], [ 1683240.350678029470146, 2547296.881565935909748 ], [ 1683468.743375684600323, 2547432.493730938062072 ], [ 1683791.493900970788673, 2547513.60486082918942 ], [ 1683848.279680196195841, 2547292.731730576604605 ], [ 1683544.044971408788115, 2547033.752753438428044 ], [ 1683282.378428700380027, 2546916.008011462166905 ], [ 1682953.875769978621975, 2546859.716949490830302 ] ] ] } },
{ "type": "Feature", "properties": { "fid": 58, "FNODE_": 1118, "TNODE_": 1118, "LPOLY_": 1, "RPOLY_": 642, "LENGTH": 0.136, "BOU2_4M_": 1121, "BOU2_4M_ID": 26010, "GBCODE": 26010 }, "geometry": { "type": "MultiLineString", "coordinates": [ [ [ 1544696.744478735374287, 2524616.471062323078513 ], [ 1544083.986437804996967, 2524093.586811227723956 ], [ 1543558.453687312314287, 2523472.976989967748523 ], [ 1543337.317559716524556, 2522900.135118920356035 ], [ 1543588.366202752804384, 2521812.71385782584548 ], [ 1543853.251510996371508, 2520957.890576114878058 ], [ 1543971.65526337781921, 2520208.169196395203471 ], [ 1543900.026262804633006, 2519838.303442500531673 ], [ 1543688.344414860475808, 2519369.552816372364759 ], [ 1543217.136233690660447, 2518578.341923359781504 ], [ 1543067.481234445935115, 2518375.423661412671208 ], [ 1542878.67181571549736, 2518909.211005751043558 ], [ 1543150.639009932987392, 2519822.724152557551861 ], [ 1543248.839985208120197, 2520837.200349217280746 ], [ 1542816.364787022816017, 2522587.643037289381027 ], [ 1542764.533608034718782, 2523245.413624158129096 ], [ 1543126.468806305201724, 2523917.049910798668861 ], [ 1543585.757238293066621, 2524450.638650018721819 ], [ 1544093.969165990827605, 2524684.359452363103628 ], [ 1544591.448204278480262, 2524660.288924440741539 ], [ 1544696.744478735374287, 2524616.471062323078513 ] ] ] } },
{ "type": "Feature", "properties": { "fid": 59, "FNODE_": 1119, "TNODE_": 1119, "LPOLY_": 1, "RPOLY_": 643, "LENGTH": 0.037, "BOU2_4M_": 1122, "BOU2_4M_ID": 26010, "GBCODE": 26010 }, "geometry": { "type": "MultiLineString", "coordinates": [ [ [ 1544439.279539670795202, 2519682.742310121655464 ], [ 1544499.476818613009527, 2519627.154859483242035 ], [ 1544580.390708555467427, 2519550.518820410594344 ], [ 1544618.977109036175534, 2519480.163983292877674 ], [ 1544637.392138032242656, 2519380.394037498161197 ], [ 1544806.698580278782174, 2518844.706126907840371 ], [ 1544822.750165292061865, 2518744.789853658527136 ], [ 1544835.425324969924986, 2518515.869387429207563 ], [ 1544666.68418762460351, 2518281.764972934499383 ], [ 1544571.214407111285254, 2518240.006467571482062 ], [ 1544402.79004692286253, 2518160.141534052789211 ], [ 1544187.813156825955957, 2518046.41609431616962 ], [ 1543994.899184177396819, 2518116.5795475281775 ], [ 1543981.911238758359104, 2518191.264528496190906 ], [ 1543985.250146472360939, 2518628.205631911754608 ], [ 1544039.824692036025226, 2518765.872011283412576 ], [ 1544064.224928553914651, 2518923.995124153792858 ], [ 1544139.422860016580671, 2519244.485593169927597 ], [ 1544177.554620176786557, 2519328.249865798279643 ], [ 1544214.971472343895584, 2519411.480691174045205 ], [ 1544253.16497249645181, 2519494.830496734008193 ], [ 1544439.279539670795202, 2519682.742310121655464 ] ] ] } },
{ "type": "Feature", "properties": { "fid": 60, "FNODE_": 1120, "TNODE_": 1120, "LPOLY_": 1, "RPOLY_": 644, "LENGTH": 0.021, "BOU2_4M_": 1123, "BOU2_4M_ID": 26010, "GBCODE": 26010 }, "geometry": { "type": "MultiLineString", "coordinates": [ [ [ 1544664.113800506107509, 2517845.155470602214336 ], [ 1544803.144095479743555, 2517945.59590682014823 ], [ 1544992.979819133412093, 2517900.886727774515748 ], [ 1545034.628040404524654, 2517805.30674534291029 ], [ 1545139.688377934973687, 2517643.593128660693765 ], [ 1545157.296092494390905, 2517543.918506678193808 ], [ 1545171.10092286253348, 2517469.148046033456922 ], [ 1545107.303443423938006, 2517381.466134902089834 ], [ 1545064.52245461079292, 2517322.903091868385673 ], [ 1545023.327827856643125, 2517264.370235888287425 ], [ 1544804.468928894260898, 2517175.952752653509378 ], [ 1544619.233446275116876, 2517195.671253493055701 ], [ 1544581.390162308933213, 2517266.347370026633143 ], [ 1544525.977434717351571, 2517436.491620078682899 ], [ 1544547.325235412223265, 2517619.84022157266736 ], [ 1544559.121621329337358, 2517698.944034477695823 ], [ 1544597.323578079929575, 2517782.29125189781189 ], [ 1544664.113800506107509, 2517845.155470602214336 ] ] ] } },
{ "type": "Feature", "properties": { "fid": 61, "FNODE_": 1139, "TNODE_": 1139, "LPOLY_": 657, "RPOLY_": 1, "LENGTH": 0.185, "BOU2_4M_": 1142, "BOU2_4M_ID": 26010, "GBCODE": 26010 }, "geometry": { "type": "MultiLineString", "coordinates": [ [ [ 1697220.65996394190006, 2496938.375815665349364 ], [ 1697148.82671488984488, 2496238.104332886636257 ], [ 1697160.220619559288025, 2495499.918911762535572 ], [ 1698580.191080369055271, 2495722.575387282297015 ], [ 1699083.250227275304496, 2495163.46448141336441 ], [ 1699459.854999927803874, 2494584.679840486496687 ], [ 1700791.774473340716213, 2494870.025062624365091 ], [ 1700105.531476393807679, 2496267.694669531658292 ], [ 1700992.731974727008492, 2496738.51629327237606 ], [ 1700575.19680227781646, 2497412.881240742281079 ], [ 1700818.686925982125103, 2498344.185862733051181 ], [ 1700362.579544892301783, 2499267.850249344483018 ], [ 1700553.774398079141974, 2500037.801192846149206 ], [ 1699339.097828557249159, 2499668.702296217903495 ], [ 1698263.426762204850093, 2499908.487901914864779 ], [ 1696978.869449206395075, 2499612.3642787206918 ], [ 1695888.851648582145572, 2499306.866716884076595 ], [ 1695635.704096110071987, 2498603.647672006860375 ], [ 1696282.587408184539527, 2497786.364603098481894 ], [ 1697220.65996394190006, 2496938.375815665349364 ] ] ] } },
{ "type": "Feature", "properties": { "fid": 62, "FNODE_": 1175, "TNODE_": 1175, "LPOLY_": 688, "RPOLY_": 1, "LENGTH": 0.091, "BOU2_4M_": 1185, "BOU2_4M_ID": 26010, "GBCODE": 26010 }, "geometry": { "type": "MultiLineString", "coordinates": [ [ [ 1588686.48009857791476, 2444986.70182228833437 ], [ 1588501.850063393823802, 2444508.836525162681937 ], [ 1588359.356292959768325, 2443770.735307926312089 ], [ 1588056.372799196979031, 2443058.301277413964272 ], [ 1587902.159135066205636, 2442394.92431328818202 ], [ 1588284.853575447108597, 2442276.747285570949316 ], [ 1589096.858530142111704, 2442405.62619498744607 ], [ 1589762.129858146887273, 2442971.13073767721653 ], [ 1590289.724868906894699, 2443744.945676162838936 ], [ 1590793.128054490545765, 2444668.058711729943752 ], [ 1590847.507328592473641, 2445136.878418192267418 ], [ 1590509.664551167283207, 2445466.488423950970173 ], [ 1589936.891797994961962, 2445631.01689668558538 ], [ 1589330.020237199496478, 2445355.991237498819828 ], [ 1588686.48009857791476, 2444986.70182228833437 ] ] ] } },
{ "type": "Feature", "properties": { "fid": 63, "FNODE_": 1218, "TNODE_": 1218, "LPOLY_": 1, "RPOLY_": 721, "LENGTH": 0.337, "BOU2_4M_": 1247, "BOU2_4M_ID": 26010, "GBCODE": 26010 }, "geometry": { "type": "MultiLineString", "coordinates": [ [ [ 1716694.667038737563416, 2429719.722090121358633 ], [ 1715142.614330392330885, 2429323.271425837650895 ], [ 1713661.961277073249221, 2430465.884093724191189 ], [ 1712409.329728963552043, 2430823.40524884313345 ], [ 1711651.564081960357726, 2431500.126103237271309 ], [ 1711546.326184818521142, 2432685.09426136687398 ], [ 1711203.415324526606128, 2433696.188772361725569 ], [ 1709927.959881868213415, 2434693.094520755112171 ], [ 1710399.555072462186217, 2435836.589976815506816 ], [ 1712264.34110122313723, 2435568.630714317783713 ], [ 1713946.82784872292541, 2435628.872239163145423 ], [ 1716186.000794398598373, 2435954.866772094741464 ], [ 1717347.596592230955139, 2436519.506689112633467 ], [ 1717756.595573249505833, 2435564.984946440905333 ], [ 1718513.136993361404166, 2434232.255577191710472 ], [ 1717809.182161458767951, 2433739.716107537969947 ], [ 1717644.550434001721442, 2432797.105226429179311 ], [ 1718205.994177383370697, 2431866.673965316265821 ], [ 1720087.217420032713562, 2431169.260855974629521 ], [ 1722276.25498115317896, 2430494.846919538453221 ], [ 1722220.793803042033687, 2429518.478613212704659 ], [ 1721536.995107265887782, 2428239.757806979119778 ], [ 1720086.94124585064128, 2428011.86314763687551 ], [ 1719520.643059867667034, 2427642.866594953462481 ], [ 1718608.124026528559625, 2428314.2205950319767 ], [ 1717707.401549725560471, 2429242.155049558728933 ], [ 1716694.667038737563416, 2429719.722090121358633 ] ] ] } },
{ "type": "Feature", "properties": { "fid": 64, "FNODE_": 1256, "TNODE_": 1256, "LPOLY_": 1, "RPOLY_": 770, "LENGTH": 0.012, "BOU2_4M_": 1286, "BOU2_4M_ID": 26010, "GBCODE": 26010 }, "geometry": { "type": "MultiLineString", "coordinates": [ [ [ 1646368.789209171198308, 2389078.194649022072554 ], [ 1646680.600419858004898, 2389103.32364440523088 ], [ 1646679.261315341340378, 2388895.495799791067839 ], [ 1646598.089617463294417, 2388797.376300970092416 ], [ 1646429.597635107580572, 2388729.882431855425239 ], [ 1646323.326474707806483, 2388833.227101350203156 ], [ 1646339.408675724640489, 2388999.614269303157926 ], [ 1646368.789209171198308, 2389078.194649022072554 ] ] ] } },
{ "type": "Feature", "properties": { "fid": 65, "FNODE_": 1257, "TNODE_": 1257, "LPOLY_": 1, "RPOLY_": 771, "LENGTH": 0.013, "BOU2_4M_": 1287, "BOU2_4M_ID": 26010, "GBCODE": 26010 }, "geometry": { "type": "MultiLineString", "coordinates": [ [ [ 1646476.900850795675069, 2388118.679630883038044 ], [ 1646658.346795779652894, 2388241.371742689982057 ], [ 1646820.966501251561567, 2388229.83292480558157 ], [ 1646944.761133172549307, 2388052.701485777273774 ], [ 1646825.735653560375795, 2387893.477792607620358 ], [ 1646563.662485438166186, 2387880.361135160550475 ], [ 1646433.26883155060932, 2387977.922257820144296 ], [ 1646476.900850795675069, 2388118.679630883038044 ] ] ] } },
{ "type": "Feature", "properties": { "fid": 66, "FNODE_": 1305, "TNODE_": 1306, "LPOLY_": 1, "RPOLY_": 1, "LENGTH": 1.141, "BOU2_4M_": 1337, "BOU2_4M_ID": 1001, "GBCODE": 61010 }, "geometry": { "type": "MultiLineString", "coordinates": [ [ [ 1699971.250016851350665, 2293749.230152893811464 ], [ 1760626.106014468241483, 2400520.746680429205298 ] ] ] } },
{ "type": "Feature", "properties": { "fid": 67, "FNODE_": 1307, "TNODE_": 1308, "LPOLY_": 1, "RPOLY_": 1, "LENGTH": 0.102, "BOU2_4M_": 1338, "BOU2_4M_ID": 8, "GBCODE": 26100 }, "geometry": { "type": "MultiLineString", "coordinates": [ [ [ 1240093.821983784204349, 2222093.374061390757561 ], [ 1241134.414507411187515, 2222487.96662319265306 ], [ 1241812.00811128411442, 2223060.752119360491633 ], [ 1242536.686103655723855, 2223285.977068819105625 ], [ 1243061.449284516042098, 2223635.604092380031943 ], [ 1243569.564628530293703, 2223730.237307282164693 ], [ 1244417.453600832726806, 2223820.424282073974609 ], [ 1245456.917336382204667, 2223835.68958256021142 ], [ 1246334.124223514925689, 2223904.801930878311396 ], [ 1247089.541500238003209, 2223906.569618286564946 ], [ 1248663.538833382772282, 2224019.942495202645659 ], [ 1249507.633129058172926, 2224135.249636169523001 ], [ 1250379.643172694835812, 2224051.871255854144692 ], [ 1250376.66489511099644, 2224076.67213792912662 ] ] ] } },
{ "type": "Feature", "properties": { "fid": 68, "FNODE_": 1309, "TNODE_": 1310, "LPOLY_": 1, "RPOLY_": 1, "LENGTH": 0.032, "BOU2_4M_": 1339, "BOU2_4M_ID": 5, "GBCODE": 26100 }, "geometry": { "type": "MultiLineString", "coordinates": [ [ [ 1235882.914587323786691, 2216690.394247975200415 ], [ 1236032.253123204456642, 2217115.31768860667944 ], [ 1235774.076628976967186, 2217484.781679993495345 ], [ 1235368.394961300771683, 2217783.739656636491418 ], [ 1234908.185846565058455, 2217721.007276555523276 ], [ 1234595.890910760499537, 2217526.81024856492877 ], [ 1234385.330360716674477, 2216967.228997260332108 ], [ 1234554.161093631759286, 2216686.701637277379632 ], [ 1234732.228834026725963, 2216533.855419302359223 ], [ 1234780.449306185822934, 2216510.648582709953189 ] ] ] } },
{ "type": "Feature", "properties": { "fid": 69, "FNODE_": 1311, "TNODE_": 1312, "LPOLY_": 1, "RPOLY_": 1, "LENGTH": 0.011, "BOU2_4M_": 1340, "BOU2_4M_ID": 3, "GBCODE": 26100 }, "geometry": { "type": "MultiLineString", "coordinates": [ [ [ 1240999.427767183631659, 2217386.361657844856381 ], [ 1241270.166867568623275, 2217322.20219305716455 ], [ 1241634.085545337060466, 2217321.131384273990989 ], [ 1241956.551921141333878, 2217061.530015297234058 ], [ 1241992.618509843247011, 2216990.587370676919818 ] ] ] } },
{ "type": "Feature", "properties": { "fid": 70, "FNODE_": 1313, "TNODE_": 1314, "LPOLY_": 1, "RPOLY_": 1, "LENGTH": 0.022, "BOU2_4M_": 1341, "BOU2_4M_ID": 2, "GBCODE": 26100 }, "geometry": { "type": "MultiLineString", "coordinates": [ [ [ 1244639.451018284773454, 2217831.679267819970846 ], [ 1244452.328490495448932, 2218058.95746530406177 ], [ 1244062.816554335877299, 2218233.56457837484777 ], [ 1243703.293196367099881, 2218007.45007667131722 ], [ 1243628.769822345580906, 2217795.035931201651692 ], [ 1243662.47250258596614, 2217546.707035716623068 ], [ 1243909.044067445211112, 2217453.949502017349005 ], [ 1244170.716943218139932, 2217261.977436494082212 ], [ 1244249.157544517191127, 2217149.15250919945538 ] ] ] } },
{ "type": "Feature", "properties": { "fid": 71, "FNODE_": 1315, "TNODE_": 1316, "LPOLY_": 1, "RPOLY_": 1, "LENGTH": 0.011, "BOU2_4M_": 1342, "BOU2_4M_ID": 4, "GBCODE": 26100 }, "geometry": { "type": "MultiLineString", "coordinates": [ [ [ 1241579.966256481828168, 2216378.255768930539489 ], [ 1241122.097241609357297, 2216492.840737985447049 ], [ 1240929.638782986672595, 2216567.793079018592834 ], [ 1240761.429925018921494, 2216848.303444487974048 ], [ 1240777.512974777026102, 2216999.652440380305052 ] ] ] } },
{ "type": "Feature", "properties": { "fid": 72, "FNODE_": 1317, "TNODE_": 1318, "LPOLY_": 1, "RPOLY_": 1, "LENGTH": 0.016, "BOU2_4M_": 1343, "BOU2_4M_ID": 6, "GBCODE": 26100 }, "geometry": { "type": "MultiLineString", "coordinates": [ [ [ 1234552.477254119236022, 2216214.336956219747663 ], [ 1234177.004771945765242, 2215826.377106517553329 ], [ 1234106.431097839027643, 2215386.944623554125428 ], [ 1234319.325116273481399, 2215365.216863887384534 ], [ 1234479.0639755546581, 2215134.130680484697223 ], [ 1234637.069972637342289, 2215130.216441351920366 ], [ 1234658.884253724711016, 2215158.576979503035545 ] ] ] } },
{ "type": "Feature", "properties": { "fid": 73, "FNODE_": 1319, "TNODE_": 1320, "LPOLY_": 1, "RPOLY_": 1, "LENGTH": 0.021, "BOU2_4M_": 1344, "BOU2_4M_ID": 1, "GBCODE": 26100 }, "geometry": { "type": "MultiLineString", "coordinates": [ [ [ 1244450.254887257935479, 2216743.719062726944685 ], [ 1244249.21963778254576, 2216488.955120231956244 ], [ 1244176.313635851722211, 2216276.532651714980602 ], [ 1244239.360570608871058, 2216006.991357674822211 ], [ 1244312.888427293859422, 2215840.14156986400485 ], [ 1244563.289128941716626, 2215722.499878585338593 ], [ 1244669.355134764686227, 2215711.695173176005483 ], [ 1245004.20262486487627, 2215934.242094164714217 ], [ 1245082.487031168071553, 2216121.951552361249924 ], [ 1245001.395666666561738, 2216338.404982568696141 ], [ 1244993.844035762129351, 2216388.013009548187256 ] ] ] } },
{ "type": "Feature", "properties": { "fid": 74, "FNODE_": 1321, "TNODE_": 1321, "LPOLY_": 1, "RPOLY_": 809, "LENGTH": 0.056, "BOU2_4M_": 1345, "BOU2_4M_ID": 26010, "GBCODE": 26010 }, "geometry": { "type": "MultiLineString", "coordinates": [ [ [ 1235607.293102425290272, 2215412.860023746266961 ], [ 1236141.228839146671817, 2215299.937978470697999 ], [ 1236769.74094672058709, 2215047.170432789251208 ], [ 1237180.688190757064149, 2214869.20052395388484 ], [ 1237356.904617246473208, 2214486.295463189482689 ], [ 1237261.268147892784327, 2214197.275309287011623 ], [ 1236739.907750962534919, 2214210.416625965386629 ], [ 1236096.338071228936315, 2214158.375914715230465 ], [ 1235360.283014181768522, 2214221.98354752920568 ], [ 1235303.023914065444842, 2214492.64937105961144 ], [ 1235441.220283359522, 2214635.394495910033584 ], [ 1235662.976857991656289, 2214737.755295353010297 ], [ 1235916.263279072474688, 2214793.356465036049485 ], [ 1235754.879573577083647, 2215051.67819513566792 ], [ 1235597.243324181996286, 2215285.300928274169564 ], [ 1235607.293102425290272, 2215412.860023746266961 ] ] ] } },
{ "type": "Feature", "properties": { "fid": 75, "FNODE_": 1322, "TNODE_": 1323, "LPOLY_": 1, "RPOLY_": 1, "LENGTH": 0.031, "BOU2_4M_": 1346, "BOU2_4M_ID": 7, "GBCODE": 26100 }, "geometry": { "type": "MultiLineString", "coordinates": [ [ [ 1233746.062646897509694, 2214781.815623134374619 ], [ 1233838.155571610433981, 2214490.95693077892065 ], [ 1234044.217982354573905, 2213937.196257069706917 ], [ 1234506.591378041543067, 2213797.908397130668163 ], [ 1234917.864802486263216, 2213651.3287402857095 ], [ 1235387.897772706113756, 2213639.555400250479579 ], [ 1235779.075243616476655, 2213642.132413402199745 ], [ 1236309.524438779102638, 2213764.762284874916077 ], [ 1236353.977897158591077, 2213821.376039292663336 ] ] ] } },
{ "type": "Feature", "properties": { "fid": 76, "FNODE_": 1332, "TNODE_": 1333, "LPOLY_": 1, "RPOLY_": 1, "LENGTH": 0.631, "BOU2_4M_": 1355, "BOU2_4M_ID": 402, "GBCODE": 26100 }, "geometry": { "type": "MultiLineString", "coordinates": [ [ [ 1242288.054300711490214, 2202519.156901624053717 ], [ 1242608.979176804190502, 2202398.591258550062776 ], [ 1242772.71379471430555, 2202321.106119893491268 ], [ 1243083.332915692357346, 2202341.769149439409375 ], [ 1243400.734277299139649, 2202489.77239515632391 ], [ 1243821.173076980747283, 2202475.994646379724145 ], [ 1244143.08534418954514, 2202422.414980275556445 ], [ 1244874.150402030907571, 2202429.383899707347155 ], [ 1245576.702415434177965, 2202457.299244295805693 ], [ 1246157.33428752864711, 2202593.664108067750931 ], [ 1246723.65395389823243, 2202829.323078872635961 ], [ 1247311.768507724395022, 2203093.388782892376184 ], [ 1248023.947941922349855, 2203401.032455815002322 ], [ 1248506.804887597914785, 2203497.770215418189764 ], [ 1249105.376634130720049, 2203687.573212660849094 ], [ 1249503.959452216513455, 2203822.453177094459534 ], [ 1249880.749363904120401, 2203928.761166553944349 ], [ 1250395.823285078862682, 2204156.825285466387868 ], [ 1251122.09185278066434, 2204542.650447266176343 ], [ 1251746.851713550742716, 2204913.420794496312737 ], [ 1252429.475428959587589, 2205242.158670671284199 ], [ 1253036.034234387567267, 2205736.754430590197444 ], [ 1253542.304528074571863, 2206368.523050183430314 ], [ 1253691.777335767867044, 2206592.867695176973939 ], [ 1253986.69762234040536, 2207243.908829908818007 ], [ 1254245.943421767558903, 2207434.116478273645043 ], [ 1254777.799916151445359, 2207892.435556208714843 ], [ 1255311.011435925494879, 2208528.22628141567111 ], [ 1255744.143657656153664, 2209123.722250940278172 ], [ 1256101.131197953596711, 2209885.264315560460091 ], [ 1256383.397143956040964, 2210787.464199749752879 ], [ 1256500.364606346702203, 2211057.853426098823547 ], [ 1256597.528497490333393, 2211452.017861917614937 ], [ 1256787.129952741088346, 2211935.502689752727747 ], [ 1256916.964130853768438, 2212638.133810315281153 ], [ 1257101.671762258280069, 2213323.512209825217724 ], [ 1257165.40109947277233, 2213940.456315524876118 ], [ 1257186.439568716334179, 2214500.287363927811384 ], [ 1257200.096802431158721, 2214932.64531659334898 ], [ 1257209.716525584226474, 2215566.784704394638538 ], [ 1257107.724995945114642, 2216412.168765900656581 ], [ 1256819.660616294713691, 2217635.072301466017962 ], [ 1256728.703264369163662, 2218254.415715856477618 ], [ 1256638.335337188327685, 2218848.689773581922054 ], [ 1256469.449587924173102, 2219279.22075061313808 ], [ 1256189.809315055375919, 2219921.126483168452978 ], [ 1255709.483139410149306, 2220685.391269635409117 ], [ 1255173.339611292816699, 2221643.804402699694037 ], [ 1254549.075196298537776, 2222842.397030724212527 ], [ 1253776.287585811689496, 2223461.932667965069413 ], [ 1253312.067750906338915, 2223595.78520511649549 ], [ 1253110.87633027555421, 2223540.751808479428291 ], [ 1252775.536939535057172, 2223338.968479694798589 ], [ 1252228.4099763170816, 2223156.592914082109928 ], [ 1252107.777987311128527, 2222910.844307087361813 ], [ 1252296.394638696452603, 2222179.430343961343169 ], [ 1252585.763854469172657, 2221994.316108865663409 ], [ 1253366.554481496103108, 2220970.879359815269709 ], [ 1253637.433792650699615, 2220555.283454041928053 ], [ 1253946.23437867150642, 2219892.291417429223657 ], [ 1254206.779916729545221, 2219374.021225273609161 ], [ 1254508.267958028707653, 2218583.370247868821025 ], [ 1254647.978247035061941, 2217996.501884646713734 ], [ 1254762.714905932080001, 2217583.340344553813338 ], [ 1255056.683408075245097, 2216842.150635290890932 ], [ 1255090.81701249605976, 2216619.470516668632627 ], [ 1255086.673183831619099, 2216289.686716062948108 ], [ 1255178.148428035899997, 2215341.379247318953276 ], [ 1255256.40040202671662, 2214644.48383890837431 ], [ 1255286.37392603023909, 2214092.062669858336449 ], [ 1255160.070678159827366, 2213541.789914734661579 ], [ 1254993.237725771963596, 2212909.527673073112965 ], [ 1254779.842566033359617, 2212245.273905772715807 ], [ 1254543.654287666780874, 2211729.604820249602199 ], [ 1254453.214645932661369, 2211285.765783073380589 ], [ 1253825.662922791903839, 2210408.300829948857427 ], [ 1253502.152724566170946, 2209955.538555594161153 ], [ 1252994.647736561717466, 2209146.46274128369987 ], [ 1252787.480549557833001, 2208786.935318682342768 ], [ 1252510.42032014997676, 2208366.219860300421715 ], [ 1252026.10915360506624, 2207586.01733541674912 ], [ 1251770.723123000469059, 2207194.137441009283066 ], [ 1251359.003236292395741, 2206804.045429907739162 ], [ 1250847.953277917578816, 2206374.198723312467337 ], [ 1250362.328229134203866, 2206125.311429308727384 ], [ 1249730.871706638950855, 2205804.084822999313474 ], [ 1248795.554709975374863, 2205412.789265861734748 ], [ 1248400.021719821263105, 2205252.93930540792644 ], [ 1247943.601440369617194, 2205160.194990791380405 ], [ 1247585.693997328402475, 2205107.116892401129007 ], [ 1246993.91904039401561, 2204867.918964933604002 ], [ 1246551.778157501015812, 2204675.967735325917602 ], [ 1245992.286823387956247, 2204390.831662606447935 ], [ 1244959.075047331862152, 2203959.73512427508831 ], [ 1244161.095554427010939, 2204044.278559831902385 ], [ 1243569.303830130258575, 2204159.114669864997268 ], [ 1242866.923247931757942, 2204308.361423131078482 ], [ 1242120.999254280235618, 2204577.744200427085161 ], [ 1241432.267031146911904, 2204981.775702126324177 ], [ 1240700.735015075886622, 2205329.228181404992938 ], [ 1240185.68769955332391, 2205278.453952077776194 ], [ 1239951.774210328236222, 2205092.060832260176539 ], [ 1239811.060075236018747, 2204641.274831650778651 ], [ 1239744.639293514657766, 2204201.422755181789398 ], [ 1239864.054928758181632, 2203586.542854439467192 ], [ 1240423.278692639665678, 2202986.042361786589026 ], [ 1240884.174196295440197, 2202700.033780191093683 ], [ 1241273.026279659243301, 2202555.038719383999705 ], [ 1241473.847951877163723, 2202609.933893624693155 ], [ 1241879.213644934119657, 2202695.252107933163643 ], [ 1241954.137951390584931, 2202673.796559052541852 ] ] ] } },
{ "type": "Feature", "properties": { "fid": 77, "FNODE_": 1358, "TNODE_": 1359, "LPOLY_": 1, "RPOLY_": 1, "LENGTH": 1.148, "BOU2_4M_": 1378, "BOU2_4M_ID": 1001, "GBCODE": 61010 }, "geometry": { "type": "MultiLineString", "coordinates": [ [ [ 1566849.810199384344742, 1964305.504709241911769 ], [ 1568016.336093426682055, 1968168.153777360916138 ], [ 1569012.353948017349467, 1971514.33730267174542 ], [ 1570246.661774526583031, 1974896.235199972987175 ], [ 1571410.459866462508217, 1978760.791645931079984 ], [ 1572778.928579536033794, 1982902.620261754840612 ], [ 1574452.105002254247665, 1988322.107975764200091 ], [ 1576059.158181897830218, 1992501.529232863336802 ], [ 1577835.771400450961664, 1997200.159092497080564 ], [ 1579160.617525975918397, 2001586.405226236209273 ], [ 1580629.682592587545514, 2005009.239045295864344 ], [ 1582023.241010534577072, 2008914.638819118961692 ], [ 1584092.840978743275627, 2014584.380193296819925 ], [ 1586263.291876166593283, 2019247.248486144468188 ], [ 1587731.971899722469971, 2023625.405759464949369 ], [ 1588987.562957692658529, 2026727.453252222388983 ], [ 1590053.896540686488152, 2030507.585790043696761 ], [ 1591295.107034059008583, 2033259.545605516061187 ], [ 1593684.017785362666473, 2039773.841793162748218 ], [ 1595941.695770307676867, 2046040.052518790587783 ], [ 1597932.82236315170303, 2050786.413038730621338 ], [ 1599441.83000357192941, 2055461.341667924076319 ], [ 1601429.237782998709008, 2060209.722501695156097 ], [ 1603783.564159416826442, 2065756.85802149772644 ], [ 1605379.324420515913516, 2071438.119996514171362 ], [ 1607562.371913273818791, 2076468.480050185695291 ], [ 1609096.93421508744359, 2080906.786221800372005 ] ] ] } },
{ "type": "Feature", "properties": { "fid": 78, "FNODE_": 1360, "TNODE_": 1361, "LPOLY_": 1, "RPOLY_": 1, "LENGTH": 0.053, "BOU2_4M_": 1379, "BOU2_4M_ID": 337, "GBCODE": 26100 }, "geometry": { "type": "MultiLineString", "coordinates": [ [ [ 708114.494332759059034, 1772015.333239672705531 ], [ 708273.137017764267512, 1771986.869353966787457 ], [ 708618.899117506924085, 1771879.039290161803365 ], [ 708941.879313131561503, 1771696.436005977913737 ], [ 709244.408694764017127, 1771364.88779734633863 ], [ 709364.638470141100697, 1771000.301789728924632 ], [ 709157.904388003982604, 1770300.672187430784106 ], [ 708428.481283455039375, 1770144.281496655195951 ], [ 707641.099286848329939, 1770774.584147777408361 ], [ 707553.122698420309462, 1770992.434807697311044 ], [ 707387.319698378094472, 1771182.226072924211621 ], [ 707265.633667772752233, 1771596.01490406692028 ], [ 707757.203472739085555, 1772030.035291790962219 ] ] ] } },
{ "type": "Feature", "properties": { "fid": 79, "FNODE_": 1362, "TNODE_": 1363, "LPOLY_": 1, "RPOLY_": 1, "LENGTH": 0.423, "BOU2_4M_": 1380, "BOU2_4M_ID": 335, "GBCODE": 26100 }, "geometry": { "type": "MultiLineString", "coordinates": [ [ [ 707351.461815722985193, 1771913.271093986928463 ], [ 707097.484721313463524, 1771834.938099857419729 ], [ 706696.791672379942611, 1772014.183182585984468 ], [ 706155.419243570999242, 1772384.48525208607316 ], [ 706078.609971763682552, 1772972.875420374795794 ], [ 706162.068226441391744, 1773494.494147656485438 ], [ 706363.258253723266535, 1773700.79148224554956 ], [ 707450.751920828013681, 1774070.530193561688066 ], [ 708403.059095785836689, 1774532.801146414130926 ], [ 708948.324177303351462, 1774680.699144534766674 ], [ 710444.18358791526407, 1775340.473160825669765 ], [ 711361.603361210669391, 1775973.868576491251588 ], [ 712411.82731879549101, 1776638.252897031605244 ], [ 713603.323156348080374, 1777013.029827887192369 ], [ 715010.862636349862441, 1777249.579681534320116 ], [ 716035.196208231616765, 1777247.044085154309869 ], [ 717050.389726758352481, 1776824.63843802921474 ], [ 718024.262868430814706, 1776153.781362118199468 ], [ 718509.725168363656849, 1775214.135949084535241 ], [ 718487.528597553959116, 1774497.843411331996322 ], [ 718144.629593077115715, 1773914.78257336653769 ], [ 717279.918957911781035, 1773234.242953738197684 ], [ 716690.059125284547918, 1772935.975248448550701 ], [ 716015.886215631850064, 1772707.95357864163816 ], [ 714750.902918533771299, 1772181.764697501435876 ], [ 713933.79243787843734, 1771626.849904965609312 ], [ 713269.835174095933326, 1771177.536516761407256 ], [ 712084.770252462243661, 1770630.464827055111527 ], [ 711178.58553910581395, 1770318.17843565531075 ], [ 710342.28572561009787, 1770206.195042718201876 ], [ 709911.631963052088395, 1770482.72215361520648 ], [ 709671.14900090941228, 1771211.667330959811807 ], [ 709513.975170489051379, 1771820.836256738752127 ], [ 709760.734463425702415, 1772202.011497164145112 ], [ 710424.031907402793877, 1772059.550399139523506 ], [ 711053.476075216429308, 1772063.155175756663084 ], [ 711920.261068216874264, 1772053.190890377387404 ], [ 712277.762907585129142, 1772291.390655547380447 ], [ 712530.032147420570254, 1772574.239431440830231 ], [ 712917.939294572686777, 1773306.84366749599576 ], [ 713528.319798917276785, 1773778.534233313053846 ], [ 714224.406293159350753, 1774106.21183561719954 ], [ 714798.73813013266772, 1774181.568891584873199 ], [ 715322.011972321197391, 1774230.185140522196889 ], [ 715812.221649852814153, 1774449.752863267436624 ], [ 715944.615869222325273, 1775022.979041276499629 ], [ 715554.645046456367709, 1775572.676883902400732 ], [ 714664.500507444259711, 1775482.647455349564552 ], [ 714117.764732700888999, 1775383.846994664520025 ], [ 713395.071260521071963, 1775079.665545623749495 ], [ 712780.817032652441412, 1774706.47005988098681 ], [ 711929.203725518891588, 1774347.325954897329211 ], [ 711072.073714127764106, 1774135.738439567387104 ], [ 710163.79768230766058, 1773872.623523088172078 ], [ 709210.725845067179762, 1773434.801060702651739 ], [ 708806.825851787463762, 1773046.648509940132499 ], [ 708174.213257910683751, 1772475.447291115298867 ], [ 707636.240521414205432, 1772097.918175105005503 ] ] ] } },
{ "type": "Feature", "properties": { "fid": 80, "FNODE_": 1364, "TNODE_": 1364, "LPOLY_": 1, "RPOLY_": 832, "LENGTH": 0.01, "BOU2_4M_": 1381, "BOU2_4M_ID": 26010, "GBCODE": 26010 }, "geometry": { "type": "MultiLineString", "coordinates": [ [ [ 796948.827511643758044, 1767902.144081208854914 ], [ 796929.362842970178463, 1768053.081438856199384 ], [ 797150.01020060479641, 1768044.211008593440056 ], [ 797249.971707034274004, 1767940.65778867714107 ], [ 797247.766412974568084, 1767799.015079399570823 ], [ 797138.139850601786748, 1767713.765752520412207 ], [ 796979.252415731782094, 1767807.864301824942231 ], [ 796948.827511643758044, 1767902.144081208854914 ] ] ] } },
{ "type": "Feature", "properties": { "fid": 81, "FNODE_": 1365, "TNODE_": 1365, "LPOLY_": 1, "RPOLY_": 833, "LENGTH": 0.019, "BOU2_4M_": 1382, "BOU2_4M_ID": 26010, "GBCODE": 26010 }, "geometry": { "type": "MultiLineString", "coordinates": [ [ [ 789790.665115841547959, 1767222.135981768369675 ], [ 789956.63853850250598, 1767399.284645300358534 ], [ 790190.138121846830472, 1767432.890041336417198 ], [ 790423.81614751520101, 1767267.751194383949041 ], [ 790433.535254845977761, 1766903.175101337954402 ], [ 790011.053892396274023, 1766846.999360581859946 ], [ 789730.512704440159723, 1767056.170191336423159 ], [ 789790.665115841547959, 1767222.135981768369675 ] ] ] } },
{ "type": "Feature", "properties": { "fid": 82, "FNODE_": 1366, "TNODE_": 1366, "LPOLY_": 1, "RPOLY_": 834, "LENGTH": 0.017, "BOU2_4M_": 1383, "BOU2_4M_ID": 26010, "GBCODE": 26010 }, "geometry": { "type": "MultiLineString", "coordinates": [ [ [ 801054.916512070107274, 1766673.192364739254117 ], [ 801100.096172179793939, 1766880.625487938523293 ], [ 801342.5208238059422, 1766964.203291343525052 ], [ 801540.086685977177694, 1766881.646202366799116 ], [ 801669.484713820042089, 1766550.537801887840033 ], [ 801382.625495222979225, 1766363.270918073132634 ], [ 801119.717228895402513, 1766466.269206447526813 ], [ 801054.916512070107274, 1766673.192364739254117 ] ] ] } },
{ "type": "Feature", "properties": { "fid": 83, "FNODE_": 1367, "TNODE_": 1368, "LPOLY_": 1, "RPOLY_": 1, "LENGTH": 0.213, "BOU2_4M_": 1384, "BOU2_4M_ID": 339, "GBCODE": 26100 }, "geometry": { "type": "MultiLineString", "coordinates": [ [ [ 794545.799729548045434, 1769404.707828788086772 ], [ 794758.627111870679073, 1769421.913900796324015 ], [ 795024.723704019677825, 1769422.485758554190397 ], [ 795246.731657852651551, 1769383.079084720462561 ], [ 796120.130990547593683, 1769253.585945438593626 ], [ 797187.282705098157749, 1768886.817197563126683 ], [ 798059.099146461812779, 1768757.158366160467267 ], [ 798889.324495020322502, 1768428.402938220649958 ], [ 799352.323857753304765, 1768081.322522446513176 ], [ 799586.175042790593579, 1767550.667622806504369 ], [ 799378.797819894156419, 1766899.275847006589174 ], [ 798399.230470921378583, 1766481.293860824778676 ], [ 797565.479714649263769, 1766341.444987902417779 ], [ 796200.545497010811232, 1766298.872873978689313 ], [ 795436.055467682308517, 1766359.939266005530953 ], [ 794836.448439147090539, 1766256.533371878787875 ], [ 794248.921797237242572, 1765907.244889907538891 ], [ 793649.40152534795925, 1765779.275525165721774 ], [ 792919.34233967657201, 1765644.692389832809567 ], [ 791956.95854023040738, 1765425.066638531163335 ], [ 791007.423301311791874, 1765501.70777458883822 ], [ 790348.38503075146582, 1765568.134421423077583 ], [ 789653.335356220486574, 1765829.911140087991953 ], [ 789352.542416321230121, 1766086.478275611996651 ], [ 789284.890839688596316, 1766428.355048283934593 ], [ 789101.634617416071706, 1766986.267020491883159 ], [ 789439.174886777298525, 1767668.455890631303191 ], [ 790148.580790636944585, 1768270.108290309086442 ], [ 790745.338668171782047, 1768422.7535066511482 ], [ 791462.253389968420379, 1768827.517759358510375 ], [ 792674.943126403493807, 1769306.069797273725271 ], [ 793859.919139452395029, 1769450.275408927351236 ] ] ] } },
{ "type": "Feature", "properties": { "fid": 84, "FNODE_": 1369, "TNODE_": 1369, "LPOLY_": 1, "RPOLY_": 835, "LENGTH": 0.016, "BOU2_4M_": 1385, "BOU2_4M_ID": 26010, "GBCODE": 26010 }, "geometry": { "type": "MultiLineString", "coordinates": [ [ [ 802914.44317950506229, 1765784.757652686908841 ], [ 802958.29779808211606, 1766009.752138195559382 ], [ 803189.172773301252164, 1766090.666503129526973 ], [ 803418.687956410110928, 1765962.664296986535192 ], [ 803451.157951639615931, 1765761.993850782513618 ], [ 803379.704628906096332, 1765580.95286562666297 ], [ 803050.104331581038423, 1765608.341574262827635 ], [ 802914.44317950506229, 1765784.757652686908841 ] ] ] } },
{ "type": "Feature", "properties": { "fid": 85, "FNODE_": 1370, "TNODE_": 1370, "LPOLY_": 1, "RPOLY_": 836, "LENGTH": 0.018, "BOU2_4M_": 1386, "BOU2_4M_ID": 26010, "GBCODE": 26010 }, "geometry": { "type": "MultiLineString", "coordinates": [ [ [ 803904.834430130431429, 1765147.116290435194969 ], [ 803993.21889131993521, 1765292.245973223820329 ], [ 804192.686620226595551, 1765355.045953387394547 ], [ 804390.73828449822031, 1765334.79365867190063 ], [ 804478.185939862509258, 1765231.416040666401386 ], [ 804520.827301847166382, 1765086.533480757847428 ], [ 804475.842122416011989, 1764899.852033654227853 ], [ 804320.421639697626233, 1764775.220644244924188 ], [ 804013.033549975138158, 1764774.452335249632597 ], [ 803927.020979901542887, 1764960.681996891275048 ], [ 803904.834430130431429, 1765147.116290435194969 ] ] ] } },
{ "type": "Feature", "properties": { "fid": 86, "FNODE_": 1371, "TNODE_": 1371, "LPOLY_": 1, "RPOLY_": 837, "LENGTH": 0.015, "BOU2_4M_": 1387, "BOU2_4M_ID": 26010, "GBCODE": 26010 }, "geometry": { "type": "MultiLineString", "coordinates": [ [ [ 804757.544561140239239, 1764237.607308104634285 ], [ 804890.86675548076164, 1764445.196399711072445 ], [ 805110.190114554134198, 1764342.146910293027759 ], [ 805219.453894194564782, 1764114.536581361666322 ], [ 805063.30883002828341, 1763886.162354797124863 ], [ 804821.845004360657185, 1763947.741394450888038 ], [ 804735.26780605467502, 1764175.390467496588826 ], [ 804757.544561140239239, 1764237.607308104634285 ] ] ] } },
{ "type": "Feature", "properties": { "fid": 87, "FNODE_": 1372, "TNODE_": 1372, "LPOLY_": 1, "RPOLY_": 838, "LENGTH": 0.015, "BOU2_4M_": 1388, "BOU2_4M_ID": 26010, "GBCODE": 26010 }, "geometry": { "type": "MultiLineString", "coordinates": [ [ [ 805259.389821756165475, 1763700.093681091442704 ], [ 805458.476631696335971, 1763825.092857861891389 ], [ 805678.689339626696892, 1763846.336485557258129 ], [ 805764.859786457614973, 1763556.458186050876975 ], [ 805698.181844605132937, 1763390.554648000746965 ], [ 805411.74695758020971, 1763389.863995097577572 ], [ 805259.348384178127162, 1763575.877900417894125 ], [ 805259.389821756165475, 1763700.093681091442704 ] ] ] } },
{ "type": "Feature", "properties": { "fid": 88, "FNODE_": 1373, "TNODE_": 1373, "LPOLY_": 1, "RPOLY_": 839, "LENGTH": 0.016, "BOU2_4M_": 1389, "BOU2_4M_ID": 26010, "GBCODE": 26010 }, "geometry": { "type": "MultiLineString", "coordinates": [ [ [ 805452.769695553346537, 1762892.777530528604984 ], [ 805674.710668838932179, 1763038.356794493272901 ], [ 805827.730162581428885, 1763059.550812942907214 ], [ 805936.181535599171184, 1762831.899163046851754 ], [ 806000.69270917843096, 1762687.015060195699334 ], [ 805912.607015585759655, 1762583.173105996102095 ], [ 805582.185229855007492, 1762540.827547488734126 ], [ 805451.318736408604309, 1762685.519552828744054 ], [ 805452.769695553346537, 1762892.777530528604984 ] ] ] } },
{ "type": "Feature", "properties": { "fid": 89, "FNODE_": 1374, "TNODE_": 1375, "LPOLY_": 1, "RPOLY_": 1, "LENGTH": 0.167, "BOU2_4M_": 1390, "BOU2_4M_ID": 340, "GBCODE": 26100 }, "geometry": { "type": "MultiLineString", "coordinates": [ [ [ 800628.408584611606784, 1767024.924774633720517 ], [ 800781.2361155601684, 1767264.519581029191613 ], [ 801843.893497021403164, 1767021.096479028463364 ], [ 802805.215344803174958, 1766649.555151050910354 ], [ 803691.431841118494049, 1766249.756870290264487 ], [ 805123.888404330122285, 1764792.398271042853594 ], [ 805616.136118395719677, 1764373.055869912728667 ], [ 806309.971041551441886, 1763569.563138859346509 ], [ 806904.211415199446492, 1762637.618890140205622 ], [ 806682.649673535255715, 1761739.423912255093455 ], [ 806045.515326360007748, 1761288.781725155189633 ], [ 805195.134370962274261, 1761493.072895539924502 ], [ 804656.698978186585009, 1762353.639759592711926 ], [ 804343.834909574710764, 1762880.286994926631451 ], [ 803967.622712790500373, 1763650.487642671912909 ], [ 803471.654322843067348, 1764143.527778716757894 ], [ 802984.234866855898872, 1764464.559364853426814 ], [ 802339.509340711403638, 1764777.701225329190493 ], [ 801839.757130191545002, 1765369.316124754026532 ], [ 801212.441589935682714, 1765880.520761277526617 ], [ 800649.430440270691179, 1766123.828104376792908 ], [ 800547.465450188377872, 1766550.388118827715516 ], [ 800549.108032583026215, 1766767.547103827819228 ] ] ] } },
{ "type": "Feature", "properties": { "fid": 90, "FNODE_": 1376, "TNODE_": 1376, "LPOLY_": 1, "RPOLY_": 840, "LENGTH": 0.018, "BOU2_4M_": 1391, "BOU2_4M_ID": 26010, "GBCODE": 26010 }, "geometry": { "type": "MultiLineString", "coordinates": [ [ [ 806122.985746223945171, 1753969.934459106996655 ], [ 806309.751960811088793, 1754184.275822564959526 ], [ 806559.185441761394031, 1754165.614553116261959 ], [ 806722.763670745422132, 1754068.765041572973132 ], [ 806742.716503257746808, 1753913.042281316593289 ], [ 806720.15762640023604, 1753718.255263470113277 ], [ 806554.174083121237345, 1753620.580175444483757 ], [ 806224.24148397857789, 1753658.725046064704657 ], [ 806142.32989469205495, 1753833.662651229649782 ], [ 806122.985746223945171, 1753969.934459106996655 ] ] ] } },
{ "type": "Feature", "properties": { "fid": 91, "FNODE_": 1377, "TNODE_": 1377, "LPOLY_": 841, "RPOLY_": 1, "LENGTH": 0.042, "BOU2_4M_": 1392, "BOU2_4M_ID": 26010, "GBCODE": 26010 }, "geometry": { "type": "MultiLineString", "coordinates": [ [ [ 805534.356319595477544, 1752482.033510772511363 ], [ 806521.220173778012395, 1752646.848062206059694 ], [ 805559.907929444103502, 1753272.970713898539543 ], [ 804672.110513469902799, 1753213.448937429115176 ], [ 804636.574672906892374, 1752545.316243739798665 ], [ 805534.356319595477544, 1752482.033510772511363 ] ] ] } },
{ "type": "Feature", "properties": { "fid": 92, "FNODE_": 1378, "TNODE_": 1379, "LPOLY_": 1, "RPOLY_": 1, "LENGTH": 0.097, "BOU2_4M_": 1393, "BOU2_4M_ID": 341, "GBCODE": 26100 }, "geometry": { "type": "MultiLineString", "coordinates": [ [ [ 804388.080336875631474, 1751777.124704975634813 ], [ 803800.989943447289988, 1752848.437613606452942 ], [ 804158.374899600050412, 1753679.285486087203026 ], [ 805098.924751124694012, 1754366.345758367329836 ], [ 806037.31840807676781, 1754536.170142566785216 ], [ 806908.450603949953802, 1754456.250506507232785 ], [ 807396.38619584927801, 1754135.551638269796968 ], [ 807692.320732321823016, 1753411.115381188690662 ], [ 807514.583601668826304, 1752712.502471541985869 ], [ 806896.089829834992997, 1751844.153383210301399 ], [ 806235.983837927691638, 1751343.177465135231614 ], [ 805846.05156265408732, 1751225.246184952557087 ], [ 805262.804880255716853, 1751344.189833207055926 ], [ 804889.066252834629267, 1751473.525031885132194 ] ] ] } },
{ "type": "Feature", "properties": { "fid": 93, "FNODE_": 1380, "TNODE_": 1381, "LPOLY_": 1, "RPOLY_": 1, "LENGTH": 0.062, "BOU2_4M_": 1394, "BOU2_4M_ID": 61112, "GBCODE": 26100 }, "geometry": { "type": "MultiLineString", "coordinates": [ [ [ 791700.894777076435275, 1746062.739663667976856 ], [ 791779.117578607401811, 1746248.131784021854401 ], [ 791936.420244073844515, 1746618.574587238952518 ], [ 792393.332807872677222, 1746651.812559030950069 ], [ 793511.616906219976954, 1746463.88364976644516 ], [ 794289.4452537545003, 1745892.230273373425007 ], [ 794721.145529467845336, 1745026.24255770817399 ], [ 794969.608450012165122, 1744146.722016142681241 ], [ 794727.620518386713229, 1743680.455570667982101 ], [ 794190.700533107854426, 1743461.609041536226869 ], [ 793719.792955171782523, 1743606.971097374334931 ], [ 793713.295747088734061, 1743696.135800719261169 ] ] ] } },
{ "type": "Feature", "properties": { "fid": 94, "FNODE_": 1382, "TNODE_": 1382, "LPOLY_": 1, "RPOLY_": 842, "LENGTH": 0.063, "BOU2_4M_": 1395, "BOU2_4M_ID": 26010, "GBCODE": 26010 }, "geometry": { "type": "MultiLineString", "coordinates": [ [ [ 849068.774323380901478, 1740901.393290327861905 ], [ 850248.442444091895595, 1741026.415422355756164 ], [ 851392.846291978028603, 1739597.379774237051606 ], [ 851335.918028396205045, 1739193.757909039035439 ], [ 850800.231185417855158, 1738954.388271877542138 ], [ 850022.691967900027521, 1739071.755290171131492 ], [ 849250.671648321673274, 1740221.189616031944752 ], [ 849068.774323380901478, 1740901.393290327861905 ] ] ] } },
{ "type": "Feature", "properties": { "fid": 95, "FNODE_": 1383, "TNODE_": 1384, "LPOLY_": 1, "RPOLY_": 1, "LENGTH": 0.088, "BOU2_4M_": 1396, "BOU2_4M_ID": 342, "GBCODE": 26100 }, "geometry": { "type": "MultiLineString", "coordinates": [ [ [ 849153.864368141512387, 1741106.59860410168767 ], [ 849202.367721180082299, 1741132.739189615473151 ], [ 849770.992274469346739, 1741359.034718926995993 ], [ 850403.193755153915845, 1741342.512061905115843 ], [ 850966.836545904749073, 1741125.375871935859323 ], [ 851402.019506442593411, 1740827.663151014596224 ], [ 851864.305539351888001, 1740506.857954828068614 ], [ 852083.778787114308216, 1740296.52425891160965 ], [ 852236.859245202504098, 1739836.487113071605563 ], [ 852159.287413372658193, 1739266.319865271449089 ], [ 851737.188805655576289, 1738727.283700937405229 ], [ 851060.561489249346778, 1738544.580993428826332 ], [ 850396.797829001094215, 1738682.703387346118689 ], [ 849731.750392565852962, 1738869.994756069034338 ], [ 849127.471447201212868, 1739380.61692675575614 ], [ 848833.383242279640399, 1740030.313443096354604 ], [ 848758.26213831093628, 1740518.828427759930491 ], [ 848895.027748389635235, 1740969.089224793016911 ] ] ] } },
{ "type": "Feature", "properties": { "fid": 96, "FNODE_": 1385, "TNODE_": 1385, "LPOLY_": 1, "RPOLY_": 843, "LENGTH": 0.008, "BOU2_4M_": 1397, "BOU2_4M_ID": 26010, "GBCODE": 26010 }, "geometry": { "type": "MultiLineString", "coordinates": [ [ [ 737656.196812592563219, 1721068.23355576582253 ], [ 737681.167700445395894, 1721160.067800149321556 ], [ 737754.674093036679551, 1721194.538499392569065 ], [ 737912.656098217354156, 1721126.134256837889552 ], [ 737925.184646782232448, 1720965.742004154250026 ], [ 737801.913572953897528, 1720919.506722472608089 ], [ 737691.881428120424971, 1720976.606212273240089 ], [ 737656.196812592563219, 1721068.23355576582253 ] ] ] } },
{ "type": "Feature", "properties": { "fid": 97, "FNODE_": 1386, "TNODE_": 1386, "LPOLY_": 1, "RPOLY_": 844, "LENGTH": 0.009, "BOU2_4M_": 1398, "BOU2_4M_ID": 26010, "GBCODE": 26010 }, "geometry": { "type": "MultiLineString", "coordinates": [ [ [ 738324.632850220659748, 1720554.11412100866437 ], [ 738387.513206719653681, 1720646.053766928613186 ], [ 738557.650283633149229, 1720634.822873748838902 ], [ 738641.430346654960886, 1720554.854162614792585 ], [ 738604.269485959666781, 1720394.17725176922977 ], [ 738421.371909243636765, 1720382.213095730170608 ], [ 738312.36926892446354, 1720473.793627647683024 ], [ 738324.632850220659748, 1720554.11412100866437 ] ] ] } },
{ "type": "Feature", "properties": { "fid": 98, "FNODE_": 1387, "TNODE_": 1387, "LPOLY_": 1, "RPOLY_": 845, "LENGTH": 0.008, "BOU2_4M_": 1399, "BOU2_4M_ID": 26010, "GBCODE": 26010 }, "geometry": { "type": "MultiLineString", "coordinates": [ [ [ 733895.935627191793174, 1719709.907480565831065 ], [ 733912.974618259235285, 1719845.034154325723648 ], [ 733984.345228163641877, 1719899.000263737514615 ], [ 734185.117027194239199, 1719845.715325327590108 ], [ 734169.825479633058421, 1719697.184625416994095 ], [ 734069.101316219079308, 1719616.045801106840372 ], [ 733954.317416007397696, 1719656.265908299013972 ], [ 733895.935627191793174, 1719709.907480565831065 ] ] ] } },
{ "type": "Feature", "properties": { "fid": 99, "FNODE_": 1388, "TNODE_": 1388, "LPOLY_": 1, "RPOLY_": 847, "LENGTH": 0.009, "BOU2_4M_": 1400, "BOU2_4M_ID": 26010, "GBCODE": 26010 }, "geometry": { "type": "MultiLineString", "coordinates": [ [ [ 735920.415483406628482, 1719067.924304006621242 ], [ 736007.380791926989332, 1719203.053390387445688 ], [ 736164.249260206590407, 1719176.345696879550815 ], [ 736250.082947613438591, 1719028.284452324733138 ], [ 736133.61735542723909, 1718893.213832572102547 ], [ 735975.8514801209094, 1718933.177025157958269 ], [ 735919.0655092287343, 1719000.434789208695292 ], [ 735920.415483406628482, 1719067.924304006621242 ] ] ] } },
{ "type": "Feature", "properties": { "fid": 100, "FNODE_": 1389, "TNODE_": 1389, "LPOLY_": 1, "RPOLY_": 846, "LENGTH": 0.028, "BOU2_4M_": 1401, "BOU2_4M_ID": 26010, "GBCODE": 26010 }, "geometry": { "type": "MultiLineString", "coordinates": [ [ [ 840247.945772826322354, 1727004.877399876713753 ], [ 840593.818427982041612, 1727145.710360739380121 ], [ 840935.962304103886709, 1727039.440662309527397 ], [ 841195.641538566211239, 1726963.723720289766788 ], [ 841291.60813833004795, 1726780.0603979062289 ], [ 841340.670045504113659, 1726581.301903773099184 ], [ 840995.149791649193503, 1726381.026568405330181 ], [ 840335.963670189026743, 1726486.23710398003459 ], [ 840247.945772826322354, 1727004.877399876713753 ] ] ] } },
{ "type": "Feature", "properties": { "fid": 101, "FNODE_": 1390, "TNODE_": 1391, "LPOLY_": 1, "RPOLY_": 1, "LENGTH": 0.106, "BOU2_4M_": 1402, "BOU2_4M_ID": 343, "GBCODE": 26100 }, "geometry": { "type": "MultiLineString", "coordinates": [ [ [ 735939.460358544602059, 1721772.690328428521752 ], [ 736427.73250542243477, 1722066.033727897331119 ], [ 737053.536118096322753, 1722168.924091286957264 ], [ 737793.413361966959201, 1722104.791951613500714 ], [ 738690.703996821423061, 1721433.019136937335134 ], [ 739021.375976438168436, 1721104.032044718042016 ], [ 739440.901851619360968, 1720508.59322065487504 ], [ 739927.436845767311752, 1719571.704700661823153 ], [ 740082.455083848559298, 1719037.889356598258018 ], [ 739369.602473759325221, 1718487.890402285382152 ], [ 739025.180244838120416, 1718545.694009032100439 ], [ 738435.600872413720936, 1718788.913316497579217 ], [ 737622.848555098520592, 1719317.001719929277897 ], [ 737283.184506115852855, 1719891.442473808303475 ], [ 736986.793953649583273, 1720050.073319755494595 ], [ 736518.58064527309034, 1720544.785146156325936 ], [ 736269.422729798476212, 1720853.111601119861007 ], [ 735953.419725309824571, 1721478.191288955509663 ] ] ] } },
{ "type": "Feature", "properties": { "fid": 102, "FNODE_": 1392, "TNODE_": 1393, "LPOLY_": 1, "RPOLY_": 1, "LENGTH": 0.072, "BOU2_4M_": 1403, "BOU2_4M_ID": 344, "GBCODE": 26100 }, "geometry": { "type": "MultiLineString", "coordinates": [ [ [ 731974.658129310235381, 1718464.858547940850258 ], [ 732009.715708512812853, 1718884.699227696284652 ], [ 732352.495151383802295, 1719490.918356793001294 ], [ 732916.677539659081958, 1719861.273429969325662 ], [ 733564.619421041221358, 1720088.149874586611986 ], [ 734057.884735855157487, 1720233.98568276502192 ], [ 734534.069201577687636, 1720157.642051292583346 ], [ 734792.216343594016507, 1719677.600682727992535 ], [ 734637.648851037374698, 1718981.529767271131277 ], [ 734031.989786219433881, 1718363.10287513397634 ], [ 733289.495261111413129, 1717886.099851185455918 ], [ 732792.023889946751297, 1717813.779910374432802 ], [ 732390.638570427778177, 1717967.522446673363447 ], [ 732252.263352292007767, 1718133.180858112871647 ], [ 732130.40277692116797, 1718278.850014062598348 ] ] ] } },
{ "type": "Feature", "properties": { "fid": 103, "FNODE_": 1394, "TNODE_": 1394, "LPOLY_": 1, "RPOLY_": 848, "LENGTH": 0.01, "BOU2_4M_": 1404, "BOU2_4M_ID": 26010, "GBCODE": 26010 }, "geometry": { "type": "MultiLineString", "coordinates": [ [ [ 738794.176292264135554, 1717114.139685841277242 ], [ 738833.197281592991203, 1717272.46125571615994 ], [ 738908.00387496210169, 1717325.456990655511618 ], [ 739057.676169979153201, 1717343.370770663022995 ], [ 739170.167959926882759, 1717238.11586850322783 ], [ 739112.608338347985409, 1717079.767349591478705 ], [ 738925.006951958523132, 1717061.744462313130498 ], [ 738794.176292264135554, 1717114.139685841277242 ] ] ] } },
{ "type": "Feature", "properties": { "fid": 104, "FNODE_": 1395, "TNODE_": 1395, "LPOLY_": 1, "RPOLY_": 849, "LENGTH": 0.015, "BOU2_4M_": 1405, "BOU2_4M_ID": 26010, "GBCODE": 26010 }, "geometry": { "type": "MultiLineString", "coordinates": [ [ [ 742859.785862532327883, 1717089.67481560446322 ], [ 742898.395703601301648, 1717265.601637985557318 ], [ 743011.045175681822002, 1717406.41770843975246 ], [ 743255.317694783792831, 1717372.035481045022607 ], [ 743403.683359625865705, 1717161.514999739825726 ], [ 743308.96484463789966, 1716967.837865589186549 ], [ 743083.777082614717074, 1716932.231437098234892 ], [ 742971.81973102001939, 1716967.015861114487052 ], [ 742859.785862532327883, 1717089.67481560446322 ] ] ] } },
{ "type": "Feature", "properties": { "fid": 105, "FNODE_": 1396, "TNODE_": 1396, "LPOLY_": 1, "RPOLY_": 850, "LENGTH": 0.01, "BOU2_4M_": 1406, "BOU2_4M_ID": 26010, "GBCODE": 26010 }, "geometry": { "type": "MultiLineString", "coordinates": [ [ [ 739747.737631723051891, 1716800.355502042919397 ], [ 739880.303466053679585, 1716958.871518690139055 ], [ 740067.765852521290071, 1716941.668357027694583 ], [ 740122.653958859387785, 1716766.152176858857274 ], [ 740009.12261129473336, 1716625.311612188816071 ], [ 739822.15911708411295, 1716659.96088445186615 ], [ 739747.737631723051891, 1716800.355502042919397 ] ] ] } },
{ "type": "Feature", "properties": { "fid": 106, "FNODE_": 1397, "TNODE_": 1397, "LPOLY_": 1, "RPOLY_": 851, "LENGTH": 0.02, "BOU2_4M_": 1407, "BOU2_4M_ID": 26010, "GBCODE": 26010 }, "geometry": { "type": "MultiLineString", "coordinates": [ [ [ 727073.276727874879725, 1715021.266850091516972 ], [ 726868.243649588664994, 1715214.074541451409459 ], [ 727135.406046013347805, 1715518.811624377965927 ], [ 727430.384968578349799, 1715519.612603126093745 ], [ 727605.928022944601253, 1715326.691247591748834 ], [ 727632.086343745235354, 1715022.640500152483582 ], [ 727338.552195332595147, 1714911.330085108056664 ], [ 727073.276727874879725, 1715021.266850091516972 ] ] ] } },
{ "type": "Feature", "properties": { "fid": 107, "FNODE_": 1398, "TNODE_": 1399, "LPOLY_": 1, "RPOLY_": 1, "LENGTH": 0.079, "BOU2_4M_": 1408, "BOU2_4M_ID": 345, "GBCODE": 26100 }, "geometry": { "type": "MultiLineString", "coordinates": [ [ [ 726049.709844022640027, 1714643.69838853366673 ], [ 725973.86648255342152, 1714744.749721905216575 ], [ 725955.45818867359776, 1715186.541392540559173 ], [ 726326.325303265359253, 1715744.756687257438898 ], [ 726970.620216308627278, 1716069.466617304831743 ], [ 727901.506317370571196, 1716456.74435206875205 ], [ 728450.405396515037864, 1716580.40034868568182 ], [ 729065.027066791662946, 1716338.13769761659205 ], [ 729213.876563315396197, 1715926.745429277420044 ], [ 728953.020621200441383, 1715250.619819352403283 ], [ 728552.129723198828287, 1714764.873479695990682 ], [ 727964.804101928835735, 1714368.926344243809581 ], [ 727291.108089569024742, 1714091.995400818064809 ], [ 726790.271445690188557, 1714118.256078308448195 ], [ 726470.255144920665771, 1714201.82778369449079 ], [ 726224.444019172457047, 1714411.999791771173477 ] ] ] } },
{ "type": "Feature", "properties": { "fid": 108, "FNODE_": 1400, "TNODE_": 1400, "LPOLY_": 1, "RPOLY_": 852, "LENGTH": 0.02, "BOU2_4M_": 1409, "BOU2_4M_ID": 26010, "GBCODE": 26010 }, "geometry": { "type": "MultiLineString", "coordinates": [ [ [ 724875.778166735894047, 1712224.445093780755997 ], [ 724994.450032232329249, 1712418.270117182284594 ], [ 725436.73939714813605, 1712474.665502518415451 ], [ 725582.688479704083875, 1712143.382109150290489 ], [ 725492.823087845463306, 1711922.181266589090228 ], [ 725197.504536920459941, 1711810.828706497326493 ], [ 724874.278518778271973, 1712031.025103010237217 ], [ 724875.778166735894047, 1712224.445093780755997 ] ] ] } },
{ "type": "Feature", "properties": { "fid": 109, "FNODE_": 1401, "TNODE_": 1401, "LPOLY_": 1, "RPOLY_": 853, "LENGTH": 0.008, "BOU2_4M_": 1410, "BOU2_4M_ID": 26010, "GBCODE": 26010 }, "geometry": { "type": "MultiLineString", "coordinates": [ [ [ 742627.34883817343507, 1708912.060101242735982 ], [ 742660.183955295709893, 1709037.154445573687553 ], [ 742782.035622317576781, 1709056.494356608018279 ], [ 742925.961321267415769, 1708999.318246621638536 ], [ 742923.295832128962502, 1708864.807168124243617 ], [ 742831.05729477875866, 1708806.934452222660184 ], [ 742698.173242494347505, 1708825.750740051269531 ], [ 742627.34883817343507, 1708912.060101242735982 ] ] ] } },
{ "type": "Feature", "properties": { "fid": 110, "FNODE_": 1402, "TNODE_": 1403, "LPOLY_": 1, "RPOLY_": 1, "LENGTH": 0.258, "BOU2_4M_": 1411, "BOU2_4M_ID": 346, "GBCODE": 26100 }, "geometry": { "type": "MultiLineString", "coordinates": [ [ [ 741626.040669348323718, 1718002.398057775571942 ], [ 741785.83248149137944, 1718119.367347784340382 ], [ 741911.748189184698276, 1718114.607326213270426 ], [ 742363.738519318052568, 1718012.58484853990376 ], [ 743579.234004091937095, 1717282.242281999439001 ], [ 744122.748530053067952, 1716889.501019531860948 ], [ 744989.779424422653392, 1716290.461624903604388 ], [ 745666.172017449978739, 1715879.428515259176493 ], [ 746156.873212698148564, 1715484.430742491036654 ], [ 746469.416756522725336, 1714957.866735432296991 ], [ 746604.582926852046512, 1714251.036624275147915 ], [ 746485.869581915088929, 1713359.952212933450937 ], [ 746226.766589311882854, 1712634.628169136121869 ], [ 745776.62533315224573, 1711457.818933214992285 ], [ 745588.123251436976716, 1710957.13423565402627 ], [ 744858.562303520389833, 1709570.53843161277473 ], [ 744306.590639302856289, 1708880.9231824465096 ], [ 743877.495300604146905, 1708467.352456912398338 ], [ 743322.959758276236244, 1707900.507155068218708 ], [ 742602.805691754445434, 1707522.704001955688 ], [ 742253.869922532117926, 1707654.001654993742704 ], [ 741943.062386948382482, 1708155.856174994260073 ], [ 742121.869088583160192, 1708877.104991851374507 ], [ 742446.748491012491286, 1709310.356602061539888 ], [ 743214.775148040149361, 1709813.48786716721952 ], [ 743669.917361785424873, 1710252.790942786261439 ], [ 743991.385485979146324, 1710759.405296422541142 ], [ 744270.909473064704798, 1711584.097438555210829 ], [ 744325.817145274253562, 1712152.26400725916028 ], [ 744465.566713449894451, 1712576.718822555616498 ], [ 744601.361523195984773, 1713689.903598582372069 ], [ 744541.163932572584599, 1714498.727872958406806 ], [ 744116.173076460137963, 1715191.980081312358379 ], [ 743713.672535100835375, 1715370.006850693374872 ], [ 742853.29687387123704, 1715797.10492979362607 ], [ 742178.67752340354491, 1716159.061654964461923 ], [ 741499.980457966448739, 1716668.681904131546617 ], [ 741229.913200358627364, 1717443.092818094417453 ], [ 741358.534510384895839, 1717746.19337422773242 ] ] ] } },
{ "type": "Feature", "properties": { "fid": 111, "FNODE_": 1404, "TNODE_": 1405, "LPOLY_": 1, "RPOLY_": 1, "LENGTH": 0.073, "BOU2_4M_": 1412, "BOU2_4M_ID": 347, "GBCODE": 26100 }, "geometry": { "type": "MultiLineString", "coordinates": [ [ [ 724791.985976243391633, 1708911.37027189694345 ], [ 725007.255581058678217, 1708921.146122802048922 ], [ 725490.253872701548971, 1708722.234595611691475 ], [ 725790.715084719122387, 1708465.355074618011713 ], [ 725982.00450404046569, 1708277.606322467327118 ], [ 726433.744659517309628, 1707585.263038521632552 ], [ 726721.006208864389919, 1707032.915329435840249 ], [ 726872.194565371028148, 1706548.109813252463937 ], [ 726575.235278253443539, 1706116.639303013682365 ], [ 725994.098886665538885, 1706114.466880617663264 ], [ 725275.520532610127702, 1706327.389152215793729 ], [ 724922.053654966992326, 1706581.563061866909266 ], [ 724632.531083652051166, 1707207.501783546060324 ], [ 724501.124356864369474, 1707840.874423118308187 ], [ 724476.424121899530292, 1708429.741550212725997 ], [ 724489.770018088980578, 1708750.045880390331149 ] ] ] } },
{ "type": "Feature", "properties": { "fid": 112, "FNODE_": 1406, "TNODE_": 1406, "LPOLY_": 1, "RPOLY_": 856, "LENGTH": 0.016, "BOU2_4M_": 1413, "BOU2_4M_ID": 26010, "GBCODE": 26010 }, "geometry": { "type": "MultiLineString", "coordinates": [ [ [ 739189.461425385787152, 1707107.027251059189439 ], [ 739189.737343707703985, 1707265.115022856742144 ], [ 739458.990689901635051, 1707388.163629120215774 ], [ 739634.360493200598285, 1707352.527616424486041 ], [ 739711.081352101755328, 1707216.235093189403415 ], [ 739740.737618079176173, 1707014.923167260363698 ], [ 739648.2356915588025, 1706935.566492652520537 ], [ 739447.97528984292876, 1706877.584819281473756 ], [ 739218.361583304591477, 1706941.700139500200748 ], [ 739189.461425385787152, 1707107.027251059189439 ] ] ] } },
{ "type": "Feature", "properties": { "fid": 113, "FNODE_": 1407, "TNODE_": 1407, "LPOLY_": 1, "RPOLY_": 855, "LENGTH": 0.018, "BOU2_4M_": 1414, "BOU2_4M_ID": 26010, "GBCODE": 26010 }, "geometry": { "type": "MultiLineString", "coordinates": [ [ [ 716966.144463083823211, 1705620.312212796881795 ], [ 716967.359299719333649, 1705756.124465255066752 ], [ 717034.39631519431714, 1705904.444358354434371 ], [ 717257.934169161482714, 1705917.472956554964185 ], [ 717468.561903424328193, 1705831.594522031024098 ], [ 717586.248943428741768, 1705683.728387389332056 ], [ 717519.05833319213707, 1705473.569790910929441 ], [ 717320.570105578866787, 1705374.354244394227862 ], [ 716991.641033729189076, 1705385.938803588971496 ], [ 716966.144463083823211, 1705620.312212796881795 ] ] ] } },
{ "type": "Feature", "properties": { "fid": 114, "FNODE_": 1408, "TNODE_": 1408, "LPOLY_": 1, "RPOLY_": 854, "LENGTH": 0.021, "BOU2_4M_": 1415, "BOU2_4M_ID": 26010, "GBCODE": 26010 }, "geometry": { "type": "MultiLineString", "coordinates": [ [ [ 737685.274207800393924, 1707117.394875856116414 ], [ 737734.081165046314709, 1707369.258631648495793 ], [ 738269.425353553262539, 1707262.69593490101397 ], [ 738429.318667007493787, 1707068.950755331665277 ], [ 738411.13351503002923, 1706726.199788523837924 ], [ 737867.475569208036177, 1706880.51341500878334 ], [ 737685.274207800393924, 1707117.394875856116414 ] ] ] } },
{ "type": "Feature", "properties": { "fid": 115, "FNODE_": 1409, "TNODE_": 1409, "LPOLY_": 1, "RPOLY_": 857, "LENGTH": 0.012, "BOU2_4M_": 1416, "BOU2_4M_ID": 26010, "GBCODE": 26010 }, "geometry": { "type": "MultiLineString", "coordinates": [ [ [ 727293.664011335116811, 1706134.938147146254778 ], [ 727295.859101385693066, 1706304.810556501150131 ], [ 727385.575149186537601, 1706401.888966087251902 ], [ 727528.054622090305202, 1706377.999641735106707 ], [ 727630.777244250057265, 1706317.683707904070616 ], [ 727681.721138678491116, 1706148.072820926085114 ], [ 727616.28895038831979, 1705990.370267510414124 ], [ 727408.671731473412365, 1705953.416481019929051 ], [ 727293.664011335116811, 1706134.938147146254778 ] ] ] } },
{ "type": "Feature", "properties": { "fid": 116, "FNODE_": 1410, "TNODE_": 1411, "LPOLY_": 1, "RPOLY_": 1, "LENGTH": 0.079, "BOU2_4M_": 1417, "BOU2_4M_ID": 348, "GBCODE": 26100 }, "geometry": { "type": "MultiLineString", "coordinates": [ [ [ 738387.738380803260952, 1705910.965475620701909 ], [ 737929.257818077341653, 1705952.890603493899107 ], [ 737310.555382407037541, 1706243.638312989845872 ], [ 736942.910204165731557, 1706865.839627351611853 ], [ 736965.599084265413694, 1707555.334622608497739 ], [ 737447.141826195642352, 1707995.693754950538278 ], [ 738284.038948850822635, 1708132.875849241390824 ], [ 738922.171469923225231, 1707990.492269398644567 ], [ 739749.437179454253055, 1707733.996664702892303 ], [ 740104.064848731737584, 1707430.8052728921175 ], [ 740235.548689906252548, 1706822.380156410858035 ], [ 739534.136936644092202, 1705978.232288325205445 ], [ 738643.294878478045575, 1705887.693619173020124 ] ] ] } },
{ "type": "Feature", "properties": { "fid": 117, "FNODE_": 1412, "TNODE_": 1413, "LPOLY_": 1, "RPOLY_": 1, "LENGTH": 0.139, "BOU2_4M_": 1418, "BOU2_4M_ID": 350, "GBCODE": 26100 }, "geometry": { "type": "MultiLineString", "coordinates": [ [ [ 714907.87705368315801, 1704199.885181147605181 ], [ 714817.69009697495494, 1704546.910271177068353 ], [ 714932.58493119571358, 1704970.200128389522433 ], [ 715408.705583188566379, 1705532.598344799131155 ], [ 716653.87466777197551, 1705982.671066336333752 ], [ 717117.968487740959972, 1706225.004034055396914 ], [ 717688.712647368316539, 1706422.974690219387412 ], [ 718313.186881276546046, 1706598.916850591078401 ], [ 719016.687469604890794, 1706778.662120254710317 ], [ 719618.157716766581871, 1706855.100192328915 ], [ 720305.832026351126842, 1706788.203802283853292 ], [ 720739.783211267204024, 1706488.415318001061678 ], [ 720994.355598570080474, 1706082.022549588233232 ], [ 721096.30800211452879, 1705521.240730978548527 ], [ 721086.07176595274359, 1705152.061858104541898 ], [ 720967.451918821083382, 1704827.124855017289519 ], [ 720718.450843335711397, 1704496.054040415212512 ], [ 720120.722329511889257, 1704296.780695274472237 ], [ 719751.509209497715347, 1704304.40119644254446 ], [ 719326.969772431300953, 1704383.523554684594274 ], [ 718621.837343559833243, 1704277.576596634462476 ], [ 718171.178554659592919, 1704330.665571670979261 ], [ 717252.508606156799942, 1704264.415939765051007 ], [ 716675.37942758621648, 1704213.464118195697665 ], [ 716208.12260192388203, 1704069.432723667472601 ], [ 715634.03944946534466, 1703920.271574007347226 ], [ 714974.679736196761951, 1703939.565479623153806 ] ] ] } },
{ "type": "Feature", "properties": { "fid": 118, "FNODE_": 1414, "TNODE_": 1415, "LPOLY_": 1, "RPOLY_": 1, "LENGTH": 0.14, "BOU2_4M_": 1419, "BOU2_4M_ID": 349, "GBCODE": 26100 }, "geometry": { "type": "MultiLineString", "coordinates": [ [ [ 724851.768515771953389, 1709891.854123027995229 ], [ 724889.955708155641332, 1709850.157607305794954 ], [ 725457.512301890761591, 1709507.573676008731127 ], [ 726054.400171185843647, 1709092.233917724341154 ], [ 726626.833241396700032, 1708626.779042642563581 ], [ 727088.571389735676348, 1708279.101494964212179 ], [ 727479.340103093534708, 1707756.165540177375078 ], [ 727744.534320109058172, 1707079.932469002902508 ], [ 727956.019182209391147, 1706450.513488175347447 ], [ 728127.395312124863267, 1705524.244008699432015 ], [ 727731.642511479090899, 1704891.282498246058822 ], [ 726872.359610322280787, 1704655.184231409803033 ], [ 725915.668195534846745, 1704881.704170810058713 ], [ 725486.277336534811184, 1705058.53601735457778 ], [ 724875.142109694192186, 1705202.654746230691671 ], [ 724388.816883967258036, 1705475.253117153421044 ], [ 723989.409479727386497, 1706219.192852713167667 ], [ 723661.113708595745265, 1707138.427993657067418 ], [ 723631.696268104948103, 1707850.223170796409249 ], [ 723783.198723532026634, 1708619.273417493328452 ], [ 723888.126915851142257, 1709263.433650469407439 ], [ 724208.792846013442613, 1709769.768784401938319 ], [ 724669.380499053397216, 1710085.958437971770763 ] ] ] } },
{ "type": "Feature", "properties": { "fid": 119, "FNODE_": 1416, "TNODE_": 1417, "LPOLY_": 1, "RPOLY_": 1, "LENGTH": 0.296, "BOU2_4M_": 1420, "BOU2_4M_ID": 351, "GBCODE": 26100 }, "geometry": { "type": "MultiLineString", "coordinates": [ [ [ 768407.126578910509124, 1694855.351389126852155 ], [ 767811.191179646761157, 1695219.970438815653324 ], [ 767742.444133587414399, 1696199.59105434641242 ], [ 767939.887763767503202, 1697093.756527796387672 ], [ 768534.659221907844767, 1698572.016348065808415 ], [ 769162.507393064443022, 1699241.08940988406539 ], [ 769842.348100713803433, 1699986.347197463735938 ], [ 770867.355334061547183, 1700649.959366470575333 ], [ 771806.419176851981319, 1700842.505213966593146 ], [ 772762.164781020605005, 1700667.20858458429575 ], [ 773398.744892888353206, 1700574.846853546798229 ], [ 774767.48536579683423, 1700591.484581634402275 ], [ 775511.994538960512727, 1700430.738009609282017 ], [ 776394.911979071679525, 1700129.198595577850938 ], [ 777042.294781756820157, 1699767.187249252572656 ], [ 777521.568959732889198, 1699667.37006226554513 ], [ 777734.720773334149271, 1699603.917500929906964 ], [ 778374.959651952725835, 1699438.410603189840913 ], [ 779149.342868885607459, 1699180.758125320076942 ], [ 780165.615931397653185, 1698836.83321874961257 ], [ 780575.670002240221947, 1698512.569020332768559 ], [ 781057.699867277988233, 1697724.914269294589758 ], [ 781013.443547724629752, 1696936.56289392337203 ], [ 780498.578466456849128, 1696076.175780320540071 ], [ 779572.597247038153, 1695564.371581967920065 ], [ 778631.389960120199248, 1695396.035093046724796 ], [ 777755.119133789790794, 1695550.250239472836256 ], [ 776906.773055363679305, 1695656.783156655728817 ], [ 776356.931022841250524, 1695605.6765569858253 ], [ 775626.236937986221164, 1695447.627091631293297 ], [ 775099.918177565326914, 1695422.19843334890902 ], [ 774669.088555220980197, 1695647.316921532154083 ], [ 773637.225427499273792, 1695745.202485505491495 ], [ 772713.277966491295956, 1695799.024647349491715 ], [ 771658.913760005962104, 1695797.469614429399371 ], [ 771206.551377497962676, 1695874.047744337469339 ], [ 770536.752825917326845, 1695547.07213282212615 ], [ 770007.060699237859808, 1695005.693154217675328 ], [ 769673.008010375313461, 1694817.642131991684437 ], [ 768963.92113676678855, 1694783.748207580298185 ] ] ] } },
{ "type": "Feature", "properties": { "fid": 120, "FNODE_": 1418, "TNODE_": 1419, "LPOLY_": 1, "RPOLY_": 1, "LENGTH": 0.072, "BOU2_4M_": 1421, "BOU2_4M_ID": 61066, "GBCODE": 26080 }, "geometry": { "type": "MultiLineString", "coordinates": [ [ [ 1075736.93107841652818, 1711078.348735604435205 ], [ 1076912.03763655689545, 1711360.41921797953546 ], [ 1078192.534256081329659, 1712317.845548383891582 ], [ 1079011.238513789605349, 1712731.103301450610161 ], [ 1079998.605730224167928, 1713161.10770926810801 ], [ 1081682.924032867886126, 1713494.092633767053485 ], [ 1082889.49176539760083, 1713447.322130797430873 ], [ 1083076.198233745759353, 1713299.716329656541348 ] ] ] } },
{ "type": "Feature", "properties": { "fid": 121, "FNODE_": 1420, "TNODE_": 1421, "LPOLY_": 1, "RPOLY_": 1, "LENGTH": 0.035, "BOU2_4M_": 1422, "BOU2_4M_ID": 61065, "GBCODE": 26080 }, "geometry": { "type": "MultiLineString", "coordinates": [ [ [ 1068477.253412434831262, 1708039.284749677404761 ], [ 1069433.155240741325542, 1708797.681946950033307 ], [ 1070592.492377144983038, 1709243.559476032853127 ], [ 1071937.51629822445102, 1709541.502341924235225 ] ] ] } },
{ "type": "Feature", "properties": { "fid": 122, "FNODE_": 1422, "TNODE_": 1423, "LPOLY_": 1, "RPOLY_": 1, "LENGTH": 0.079, "BOU2_4M_": 1423, "BOU2_4M_ID": 61069, "GBCODE": 26080 }, "geometry": { "type": "MultiLineString", "coordinates": [ [ [ 1083677.39812882640399, 1710699.572403408586979 ], [ 1083710.046437638578936, 1710370.412910476326942 ], [ 1083006.310963687952608, 1708804.813713543117046 ], [ 1081848.13232864625752, 1708357.7263900693506 ], [ 1080266.709781451383606, 1708699.928483743220568 ], [ 1078719.595764527097344, 1708713.175276018679142 ], [ 1077342.115804704139009, 1708743.567620677873492 ], [ 1076491.447552824625745, 1708659.734449068084359 ] ] ] } },
{ "type": "Feature", "properties": { "fid": 123, "FNODE_": 1424, "TNODE_": 1425, "LPOLY_": 1, "RPOLY_": 1, "LENGTH": 0.029, "BOU2_4M_": 1424, "BOU2_4M_ID": 61068, "GBCODE": 26080 }, "geometry": { "type": "MultiLineString", "coordinates": [ [ [ 1072317.922438982408494, 1707418.451227709650993 ], [ 1071329.765822884393856, 1706989.212927514687181 ], [ 1070169.355000991839916, 1706543.208448799327016 ], [ 1069350.718903283355758, 1706130.772212596610188 ] ] ] } },
{ "type": "Feature", "properties": { "fid": 124, "FNODE_": 1426, "TNODE_": 1427, "LPOLY_": 1, "RPOLY_": 1, "LENGTH": 0.599, "BOU2_4M_": 1425, "BOU2_4M_ID": 352, "GBCODE": 26100 }, "geometry": { "type": "MultiLineString", "coordinates": [ [ [ 734706.67877622670494, 1686930.891301497817039 ], [ 735023.636581677594222, 1687535.180131357163191 ], [ 735777.230357464519329, 1687791.18721978366375 ], [ 736611.645094686071388, 1688026.297421120107174 ], [ 738742.308364118682221, 1688076.162644425407052 ], [ 739828.95067405840382, 1687954.781288765370846 ], [ 740531.801412536413409, 1688134.865466287359595 ], [ 741867.344383406918496, 1688319.799659034237266 ], [ 742894.347518590162508, 1688343.205237612128258 ], [ 743814.389836741378531, 1688386.035351362079382 ], [ 744659.367657416616566, 1688352.027972107753158 ], [ 745943.456161265727133, 1688510.231615601107478 ], [ 747043.838335332111456, 1688660.142395718023181 ], [ 747889.677957463078201, 1688601.482792008668184 ], [ 748369.840609296225011, 1688452.008031368255615 ], [ 748741.365693298284896, 1688395.780823139473796 ], [ 749548.3747007221682, 1688016.054283190518618 ], [ 750659.523283620481379, 1687282.246059266850352 ], [ 750861.650560608017258, 1686898.819239040836692 ], [ 751340.116480958182365, 1686184.546567555516958 ], [ 751705.629485322861001, 1685047.305692929774523 ], [ 751801.620560143375769, 1684634.351161824539304 ], [ 751951.564537856495008, 1684223.881792476400733 ], [ 751973.238969650235958, 1683095.259014209732413 ], [ 752060.732726154499687, 1682313.597078612074256 ], [ 751570.69335624598898, 1681431.172342797741294 ], [ 751042.734181946259923, 1680841.530324276536703 ], [ 750253.326839502551593, 1680215.005037972703576 ], [ 748460.415523207630031, 1679590.720174521207809 ], [ 747679.470182601246051, 1679357.64277327992022 ], [ 746949.123502194066532, 1679176.131214503198862 ], [ 746212.970835478045046, 1679141.718817241489887 ], [ 745294.622368296957575, 1679025.023342637345195 ], [ 744292.079983334522694, 1679051.764813179150224 ], [ 743519.08290131855756, 1679261.246411612257361 ], [ 742793.478566598612815, 1679595.674249555915594 ], [ 741939.643229401670396, 1679825.966141883283854 ], [ 741245.178931778180413, 1680039.08954175375402 ], [ 740335.056534478790127, 1680365.090691426768899 ], [ 740090.788276495295577, 1680525.486312260851264 ], [ 739946.198129218071699, 1680838.027111439034343 ], [ 740000.096802394487895, 1681429.849808998405933 ], [ 740360.320889901951887, 1681643.163513438776135 ], [ 741124.916664893156849, 1681654.165451502427459 ], [ 741792.301758580026217, 1681439.802386065945029 ], [ 742411.60265242762398, 1681149.210146715864539 ], [ 742889.455037397099659, 1681024.331444723531604 ], [ 743690.118429401423782, 1680791.516437603160739 ], [ 744459.731592728639953, 1680680.176404980942607 ], [ 745204.056358047761023, 1680543.037785954773426 ], [ 745940.07934684981592, 1680553.04204449057579 ], [ 746491.533537547453307, 1680627.824099330231547 ], [ 747176.129737814655527, 1680635.430063877254725 ], [ 747777.350169443408959, 1680761.732692552730441 ], [ 748400.521841563982889, 1680987.532876953482628 ], [ 748945.265293852542527, 1681184.898789744824171 ], [ 749453.845781587646343, 1681626.270830614492297 ], [ 749932.071276129572652, 1682139.842601504176855 ], [ 750067.995887821307406, 1682637.366962198168039 ], [ 749806.925685296533629, 1683239.034931419417262 ], [ 749106.621942113619298, 1683574.426113167777658 ], [ 748584.282283556298353, 1684065.618964664638042 ], [ 748358.581063618883491, 1684423.494622791185975 ], [ 747983.111702631693333, 1685191.714252591133118 ], [ 747820.020904086297378, 1685920.877604335546494 ], [ 747457.093175600166433, 1686395.032594922930002 ], [ 746840.402402601786889, 1686636.484691107645631 ], [ 746229.569879433838651, 1686755.221027567982674 ], [ 745885.800277947913855, 1686788.259171180427074 ], [ 745361.619678309303708, 1686689.966234231367707 ], [ 744365.561986082815565, 1686594.182358359917998 ], [ 743446.993834667257033, 1686477.566456673666835 ], [ 742787.25292949937284, 1686520.551123866811395 ], [ 741761.735876637045294, 1686472.716315809637308 ], [ 740974.636004057480022, 1686386.899525726214051 ], [ 740243.895738153369166, 1686230.080342922359705 ], [ 739454.347867369186133, 1686217.850681610405445 ], [ 738877.882582075428218, 1686142.116706933826208 ], [ 738036.05676059378311, 1686102.937751792371273 ], [ 737669.427937357919291, 1686036.708105329424143 ], [ 736937.828692341572605, 1685904.602762123569846 ], [ 736411.162636016495526, 1685880.013398472219706 ], [ 735753.09785278479103, 1685898.781534317880869 ], [ 735243.614337732782587, 1686071.571559388190508 ], [ 734890.996177066117525, 1686325.48521731980145 ], [ 734617.569921883638017, 1686558.336938757449389 ], [ 734663.709729676716961, 1686752.492962202057242 ] ] ] } },
{ "type": "Feature", "properties": { "fid": 125, "FNODE_": 1428, "TNODE_": 1429, "LPOLY_": 1, "RPOLY_": 1, "LENGTH": 0.113, "BOU2_4M_": 1426, "BOU2_4M_ID": 353, "GBCODE": 26100 }, "geometry": { "type": "MultiLineString", "coordinates": [ [ [ 735032.231912048882805, 1678007.305422183126211 ], [ 734911.479046010877937, 1678369.935106327757239 ], [ 735025.228008435922675, 1678792.67361469194293 ], [ 735305.57349232211709, 1679026.606732519343495 ], [ 736067.238703966606408, 1679700.229987783357501 ], [ 736417.037513255607337, 1680158.50360905751586 ], [ 736958.90500925341621, 1681067.571709308773279 ], [ 737381.306000028154813, 1681652.069772945716977 ], [ 738181.029034278588369, 1682057.499606868252158 ], [ 738759.361649700906128, 1682108.758803110569715 ], [ 739324.550871656392701, 1681815.974769741296768 ], [ 739524.689931300585158, 1681456.851693360134959 ], [ 739373.544952335883863, 1680663.978852096945047 ], [ 739047.57759729004465, 1680280.620717829093337 ], [ 738742.004440330783837, 1680020.947127368301153 ], [ 738285.283650893950835, 1679606.72313866019249 ], [ 737595.642723834840581, 1679083.595954341813922 ], [ 737185.395341147319414, 1678794.646953834220767 ], [ 736826.657863542670384, 1678557.031481936573982 ], [ 736105.099112083553337, 1678179.722799884155393 ], [ 735828.756599074346013, 1678062.397657053545117 ] ] ] } },
{ "type": "Feature", "properties": { "fid": 126, "FNODE_": 1430, "TNODE_": 1431, "LPOLY_": 1, "RPOLY_": 1, "LENGTH": 0.06, "BOU2_4M_": 1427, "BOU2_4M_ID": 61064, "GBCODE": 26080 }, "geometry": { "type": "MultiLineString", "coordinates": [ [ [ 1060845.211293565575033, 1703474.186241950839758 ], [ 1061308.081102714175358, 1704017.604910349473357 ], [ 1062128.809823143528774, 1704429.582775369286537 ], [ 1063101.473526519490406, 1705022.651137746870518 ], [ 1063904.356847388669848, 1705599.300512509420514 ], [ 1064520.626333616208285, 1706323.900929011404514 ], [ 1065169.729541329666972, 1706719.449001282453537 ], [ 1066143.708794124191627, 1707312.994863148778677 ] ] ] } },
{ "type": "Feature", "properties": { "fid": 127, "FNODE_": 1432, "TNODE_": 1433, "LPOLY_": 1, "RPOLY_": 1, "LENGTH": 0.056, "BOU2_4M_": 1428, "BOU2_4M_ID": 61067, "GBCODE": 26080 }, "geometry": { "type": "MultiLineString", "coordinates": [ [ [ 1066505.240457620471716, 1705354.211948748677969 ], [ 1066197.141249139094725, 1704991.86582151427865 ], [ 1065054.075539296958596, 1704381.913204221054912 ], [ 1063430.423615186475217, 1703393.082924218848348 ], [ 1061483.837534175021574, 1702207.178396746516228 ], [ 1061330.090346303768456, 1702026.032859588041902 ] ] ] } },
{ "type": "Feature", "properties": { "fid": 128, "FNODE_": 1434, "TNODE_": 1435, "LPOLY_": 1, "RPOLY_": 1, "LENGTH": 0.505, "BOU2_4M_": 1429, "BOU2_4M_ID": 354, "GBCODE": 26100 }, "geometry": { "type": "MultiLineString", "coordinates": [ [ [ 733344.168087949045002, 1686578.122295930981636 ], [ 732929.180989737506025, 1686603.113293297588825 ], [ 732003.078068910748698, 1686093.592968415468931 ], [ 731152.826706940541044, 1685636.889627277851105 ], [ 730412.593969107605517, 1685037.874763589352369 ], [ 729176.076574541977607, 1683753.001475522294641 ], [ 728331.094779175356962, 1683149.258124521002173 ], [ 727532.01345387508627, 1682744.169049026444554 ], [ 726498.361263393308036, 1682254.665666310116649 ], [ 725530.382115277810954, 1681448.952494248747826 ], [ 724973.474715707125142, 1680907.774574033915997 ], [ 724191.447966406703927, 1680061.5781483463943 ], [ 723717.666393923922442, 1679450.540635833516717 ], [ 723481.381355402059853, 1678776.904003469273448 ], [ 723352.868430351023562, 1678058.879663532599807 ], [ 723386.782841840875335, 1677250.389383183792233 ], [ 723718.687478637555614, 1676258.982419341802597 ], [ 724335.999766254448332, 1675378.896380802616477 ], [ 725089.652863603201695, 1674971.576829044148326 ], [ 725646.924923962214962, 1674898.870496964082122 ], [ 726549.832698529819027, 1674768.544357789680362 ], [ 727261.548504510428756, 1674727.624686045572162 ], [ 727997.211821197532117, 1674810.396532835438848 ], [ 728960.239024612936191, 1675100.110690917819738 ], [ 729739.338780562044121, 1675381.552604038268328 ], [ 730258.465332683990709, 1675577.23772438056767 ], [ 731035.086495344759896, 1675907.685073494911194 ], [ 731599.239805296761915, 1676277.374237056821585 ], [ 732060.3635696178535, 1676593.189928736537695 ], [ 732599.089431329863146, 1676937.322713293135166 ], [ 733058.522886664839461, 1677277.615499453619123 ], [ 733494.25760328117758, 1677592.423612952232361 ], [ 733925.093547801487148, 1678005.281490975990891 ], [ 734405.801157834008336, 1678493.895331222563982 ], [ 734857.029742145328782, 1679030.461193725466728 ], [ 735289.406635586754419, 1679418.762481791898608 ], [ 735616.311499334988184, 1679777.716395972296596 ], [ 735486.624408474657685, 1680336.296083653345704 ], [ 734820.120863923686557, 1680526.548303415998816 ], [ 734020.993331846548244, 1680096.490075135603547 ], [ 733611.545552969444543, 1679807.716851066797972 ], [ 733049.250440551317297, 1679388.698290549218655 ], [ 732536.799153317231685, 1679045.848329836502671 ], [ 732129.670741425128654, 1678683.277574261650443 ], [ 731777.26545356225688, 1678298.822714565321803 ], [ 731294.129427108680829, 1677908.319954950362444 ], [ 730678.564789864234626, 1677511.674159049987793 ], [ 730264.118052363861352, 1677320.674512702971697 ], [ 729696.004270336241461, 1677048.917753487825394 ], [ 729147.543528941925615, 1676900.978180119767785 ], [ 728339.209661851171404, 1676691.833847139030695 ], [ 727950.175016805296764, 1676575.817879451438785 ], [ 727191.686397361103445, 1676418.122020898386836 ], [ 726744.630729207652621, 1676373.134228913113475 ], [ 726055.923268002923578, 1676464.272910825908184 ], [ 725619.218967227381654, 1676812.381499420851469 ], [ 725359.310666466131806, 1677365.231067378073931 ], [ 725468.674931244342588, 1678524.075652802363038 ], [ 725806.210423152078874, 1679276.232824329286814 ], [ 726257.002797929919325, 1679837.165941830724478 ], [ 726843.233369473484345, 1680306.095571104437113 ], [ 727718.650147369131446, 1680812.678746402263641 ], [ 728618.414940839866176, 1681320.760872548446059 ], [ 729235.437858149642125, 1681692.919647693634033 ], [ 729978.355818564305082, 1682218.103026824072003 ], [ 730819.273020896711387, 1682895.510455286130309 ], [ 731348.88860593829304, 1683460.176802981644869 ], [ 731727.283293636282906, 1683870.583826571702957 ], [ 732447.776366704842076, 1684272.182537464424968 ], [ 733183.899886750848964, 1684944.676894411444664 ], [ 733605.512694344157353, 1685553.623339220881462 ], [ 733869.498794681509025, 1686155.312013069167733 ], [ 733853.350977089372464, 1686547.595091650262475 ] ] ] } },
{ "type": "Feature", "properties": { "fid": 129, "FNODE_": 1436, "TNODE_": 1437, "LPOLY_": 1, "RPOLY_": 1, "LENGTH": 0.199, "BOU2_4M_": 1430, "BOU2_4M_ID": 61072, "GBCODE": 26080 }, "geometry": { "type": "MultiLineString", "coordinates": [ [ [ 1032551.558970097103156, 1691964.148899495601654 ], [ 1033497.383578154724091, 1692883.652358185499907 ], [ 1034441.360544241615571, 1693803.108633747324347 ], [ 1036315.703288851887919, 1693980.45963292196393 ], [ 1038222.083152895560488, 1693829.094116164371371 ], [ 1039739.396668619825505, 1694139.101698683574796 ], [ 1041955.069157179445028, 1694349.8635492362082 ], [ 1044665.366071605007164, 1694774.443715473636985 ], [ 1046848.580544515512884, 1695315.219905136153102 ], [ 1048521.288991078617983, 1695807.515435665845871 ], [ 1050331.233496719039977, 1696645.599002758041024 ], [ 1051818.0037719856482, 1697286.563835635781288 ], [ 1053133.115994123974815, 1697911.433557447046041 ] ] ] } },
{ "type": "Feature", "properties": { "fid": 130, "FNODE_": 1438, "TNODE_": 1439, "LPOLY_": 1, "RPOLY_": 1, "LENGTH": 0.202, "BOU2_4M_": 1431, "BOU2_4M_ID": 61073, "GBCODE": 26080 }, "geometry": { "type": "MultiLineString", "coordinates": [ [ [ 1053493.072594719706103, 1695953.007839608937502 ], [ 1052688.912419172935188, 1695377.310625551268458 ], [ 1052071.164899343624711, 1694653.660847177729011 ], [ 1051143.537910380400717, 1693568.206857262179255 ], [ 1049997.642499967711046, 1692959.964305562898517 ], [ 1048293.842513118404895, 1692796.621651582419872 ], [ 1046946.34618717583362, 1692501.69399150647223 ], [ 1046125.886877471697517, 1692090.965392095968127 ], [ 1045166.8780770447338, 1691335.229379195719957 ], [ 1044360.276082601863891, 1690760.066803066059947 ], [ 1043384.494147699675523, 1690169.059906827285886 ], [ 1042021.781589872320183, 1690039.252326935529709 ], [ 1040796.845620810636319, 1690254.739646488800645 ], [ 1038890.633079772233032, 1690405.681163055822253 ], [ 1036642.996630862588063, 1690524.611158853396773 ], [ 1034225.540263809380122, 1690627.95187141187489 ], [ 1033188.008814038475975, 1690696.081690663471818 ] ] ] } },
{ "type": "Feature", "properties": { "fid": 131, "FNODE_": 1440, "TNODE_": 1441, "LPOLY_": 1, "RPOLY_": 1, "LENGTH": 0.122, "BOU2_4M_": 1432, "BOU2_4M_ID": 61070, "GBCODE": 26080 }, "geometry": { "type": "MultiLineString", "coordinates": [ [ [ 1016169.795145151438192, 1686944.997882485389709 ], [ 1017317.048795444774441, 1687549.556301763281226 ], [ 1018836.387758707045577, 1687856.914937453344464 ], [ 1020665.734389673103578, 1688525.153414256870747 ], [ 1021688.753054630244151, 1688620.577752262353897 ], [ 1023052.483635559212416, 1688747.932700114324689 ], [ 1024896.86185707419645, 1689252.638077434152365 ], [ 1026044.32133740815334, 1689858.019078180193901 ], [ 1026881.006739138858393, 1690102.580434778705239 ], [ 1028073.794868791941553, 1690214.543025821447372 ], [ 1028973.152851497055963, 1689800.936049750074744 ] ] ] } },
{ "type": "Feature", "properties": { "fid": 132, "FNODE_": 1442, "TNODE_": 1442, "LPOLY_": 1, "RPOLY_": 858, "LENGTH": 0.034, "BOU2_4M_": 1433, "BOU2_4M_ID": 26010, "GBCODE": 26010 }, "geometry": { "type": "MultiLineString", "coordinates": [ [ [ 747637.041219999548048, 1664549.643110001459718 ], [ 748073.887834583641961, 1664689.777314309030771 ], [ 748547.689895430929027, 1664710.239396084100008 ], [ 749073.668426217511296, 1664735.714724078774452 ], [ 748979.24428850680124, 1664356.913347797468305 ], [ 748784.768090824014507, 1664190.366948200389743 ], [ 748450.603065197356045, 1664084.596232362091541 ], [ 748083.655812309472822, 1664049.558025542646646 ], [ 747816.040309366537258, 1664073.413704536855221 ], [ 747617.516164646251127, 1664227.052752941846848 ], [ 747573.847159463795833, 1664395.537910675629973 ], [ 747637.041219999548048, 1664549.643110001459718 ] ] ] } },
{ "type": "Feature", "properties": { "fid": 133, "FNODE_": 1443, "TNODE_": 1444, "LPOLY_": 1, "RPOLY_": 1, "LENGTH": 0.12, "BOU2_4M_": 1434, "BOU2_4M_ID": 61071, "GBCODE": 26080 }, "geometry": { "type": "MultiLineString", "coordinates": [ [ [ 1029359.664646279416047, 1687513.162504369392991 ], [ 1028879.867385039571673, 1687136.099427433684468 ], [ 1027886.758640238083899, 1686710.866536075249314 ], [ 1026212.824443712132052, 1686221.908897195011377 ], [ 1024677.115348307066597, 1686078.09540050663054 ], [ 1023470.190823924727738, 1686131.090741280466318 ], [ 1022120.640954206348397, 1685839.172854408621788 ], [ 1019919.420818120590411, 1685467.868551023304462 ], [ 1018058.065173957147636, 1685128.81230872310698 ], [ 1017004.15902123041451, 1685362.805665139108896 ], [ 1016632.781401125015691, 1685660.243158746510744 ] ] ] } },
{ "type": "Feature", "properties": { "fid": 134, "FNODE_": 1445, "TNODE_": 1446, "LPOLY_": 1, "RPOLY_": 1, "LENGTH": 0.211, "BOU2_4M_": 1435, "BOU2_4M_ID": 355, "GBCODE": 26100 }, "geometry": { "type": "MultiLineString", "coordinates": [ [ [ 746226.975426925695501, 1663586.552000030875206 ], [ 746113.889424133929424, 1664140.846232334151864 ], [ 746262.532425830024295, 1665006.630129164084792 ], [ 746593.525672972202301, 1665905.501336041837931 ], [ 747148.728712785523385, 1666495.740491483360529 ], [ 747921.527144151041284, 1666949.20361172221601 ], [ 748259.272048074286431, 1667038.459131967276335 ], [ 749648.044237067806534, 1667250.806371103972197 ], [ 750536.184206240577623, 1667439.898945430293679 ], [ 751699.363276135642081, 1667371.977581271901727 ], [ 752624.544384943437763, 1667341.806522849947214 ], [ 753786.097775409696624, 1667298.316834537312388 ], [ 754552.586201294558123, 1667236.350875245407224 ], [ 755221.134310658904724, 1667022.575022481381893 ], [ 755642.30743296421133, 1666453.53264587931335 ], [ 755650.626830628258176, 1665644.130455980077386 ], [ 755111.743254477856681, 1664661.789003923535347 ], [ 754215.665311157121323, 1664055.310439275577664 ], [ 753042.640603022067808, 1663730.119774252176285 ], [ 752213.237884261645377, 1663396.73222123645246 ], [ 751360.103029778809287, 1662988.630414349958301 ], [ 750713.871239844360389, 1662663.82697538100183 ], [ 749957.91645664034877, 1662481.150541575625539 ], [ 749093.040201857918873, 1662342.383564002811909 ], [ 748354.936456810100935, 1662332.280760543420911 ], [ 747612.6994098352734, 1662420.235928479582071 ], [ 747367.973981098271906, 1662605.051664933562279 ], [ 747093.749739311868325, 1662837.522520557045937 ], [ 746817.900622901041061, 1663118.935995114967227 ] ] ] } },
{ "type": "Feature", "properties": { "fid": 135, "FNODE_": 1447, "TNODE_": 1448, "LPOLY_": 1, "RPOLY_": 1, "LENGTH": 0.106, "BOU2_4M_": 1436, "BOU2_4M_ID": 61109, "GBCODE": 26080 }, "geometry": { "type": "MultiLineString", "coordinates": [ [ [ 1092566.143629797268659, 1699121.464855581521988 ], [ 1093093.607168559450656, 1699007.946453841403127 ], [ 1094675.193860853323713, 1698667.872807774692774 ], [ 1096137.41817171103321, 1697817.415610471740365 ], [ 1096918.074815500993282, 1696899.016060555353761 ], [ 1097714.51461328449659, 1695816.086476413533092 ], [ 1098154.900164605816826, 1694863.507221605628729 ], [ 1098132.730279411189258, 1693366.411435376852751 ], [ 1097582.64849692559801, 1691982.634209476411343 ], [ 1097340.948641483206302, 1690961.805153539404273 ] ] ] } },
{ "type": "Feature", "properties": { "fid": 136, "FNODE_": 1449, "TNODE_": 1450, "LPOLY_": 1, "RPOLY_": 1, "LENGTH": 0.103, "BOU2_4M_": 1437, "BOU2_4M_ID": 61108, "GBCODE": 26080 }, "geometry": { "type": "MultiLineString", "coordinates": [ [ [ 1095904.660729859955609, 1689821.575050504878163 ], [ 1095465.246681568911299, 1690773.91706907004118 ], [ 1095213.065553768072277, 1691579.086916282773018 ], [ 1094383.800197670701891, 1692990.853378355503082 ], [ 1093416.875978370197117, 1694056.840809451416135 ], [ 1091872.403219444677234, 1695729.871133431792259 ], [ 1090736.095182068180293, 1696779.298938881605864 ], [ 1090280.860025982139632, 1697896.747641893103719 ], [ 1090522.898994208313525, 1698917.549185030162334 ] ] ] } },
{ "type": "Feature", "properties": { "fid": 137, "FNODE_": 1451, "TNODE_": 1452, "LPOLY_": 1, "RPOLY_": 1, "LENGTH": 0.319, "BOU2_4M_": 1438, "BOU2_4M_ID": 356, "GBCODE": 26100 }, "geometry": { "type": "MultiLineString", "coordinates": [ [ [ 841345.635995562653989, 1672656.625791050493717 ], [ 840686.217279460397549, 1672082.929355576634407 ], [ 840325.162995082442649, 1671917.215789949521422 ], [ 839685.643827758147381, 1671491.952309237793088 ], [ 837931.025859431480058, 1670052.711092662066221 ], [ 836915.174675057409331, 1669780.068072158843279 ], [ 835946.499866207945161, 1669043.704403780400753 ], [ 835397.24080427235458, 1668353.092060258612037 ], [ 834974.391434004646726, 1667816.293516429141164 ], [ 833865.551231122808531, 1667269.267531188204885 ], [ 832724.690357710118406, 1666818.89083987288177 ], [ 832049.339954947354272, 1666612.881465034559369 ], [ 831342.063907924224623, 1666503.445546390488744 ], [ 830631.926134218461812, 1666442.904710875824094 ], [ 830000.177488117478788, 1666410.829087821766734 ], [ 829336.21093770628795, 1666524.571588652208447 ], [ 828497.177042196388356, 1666408.426578171551228 ], [ 827468.157757189008407, 1666405.582352578639984 ], [ 826432.181686467141844, 1666574.036630492657423 ], [ 826050.30459830746986, 1666849.272658806294203 ], [ 825848.736229133792222, 1667206.995272509753704 ], [ 825706.184613586170599, 1667445.275697380304337 ], [ 825694.135705498280004, 1668303.461286667734385 ], [ 826069.000136640621349, 1668739.575865052640438 ], [ 826939.710862007574178, 1669298.759149046614766 ], [ 827976.08523652353324, 1669694.488612685352564 ], [ 829287.373717023641802, 1669883.535824086517096 ], [ 830537.713956841034815, 1670216.778475495055318 ], [ 831632.971040698699653, 1670493.219288779422641 ], [ 832577.224841009126976, 1670614.763909097760916 ], [ 834059.762255948036909, 1671058.07548107765615 ], [ 835486.793690389604308, 1671572.418541939929128 ], [ 836591.863669967162423, 1672217.605350157245994 ], [ 837738.16419684025459, 1672521.287376511842012 ], [ 838991.974401982151903, 1672781.582821363583207 ], [ 840087.877966509549879, 1673034.015614563599229 ], [ 840773.320900538237765, 1673068.973243230953813 ], [ 840876.368006251985207, 1673029.226191520690918 ] ] ] } },
{ "type": "Feature", "properties": { "fid": 138, "FNODE_": 1453, "TNODE_": 1454, "LPOLY_": 1, "RPOLY_": 1, "LENGTH": 0.386, "BOU2_4M_": 1439, "BOU2_4M_ID": 357, "GBCODE": 26100 }, "geometry": { "type": "MultiLineString", "coordinates": [ [ [ 842330.965084921102971, 1673201.015687776729465 ], [ 842544.346379323047586, 1672938.666905857622623 ], [ 842465.098241803003475, 1671830.309147039428353 ], [ 841968.335677330265753, 1671191.348719954490662 ], [ 841405.477097207447514, 1670794.37849004752934 ], [ 840785.067397934617475, 1670517.358869485557079 ], [ 840033.9426329866983, 1670209.099031012505293 ], [ 839338.886549111222848, 1669854.477376980707049 ], [ 838490.148382307612337, 1669369.562162891030312 ], [ 837832.053658821387216, 1668796.2372075188905 ], [ 837190.401446892064996, 1668395.357862453907728 ], [ 836549.530441272770986, 1667994.789097342640162 ], [ 835632.010943483444862, 1667285.524239310994744 ], [ 835036.449405171093531, 1667034.495071770623326 ], [ 834605.573153144796379, 1666669.070917848497629 ], [ 833890.029892597231083, 1666166.520071307197213 ], [ 832774.236156820203178, 1665741.784894935786724 ], [ 831858.433195605641231, 1665597.278346076607704 ], [ 831019.324090144364163, 1665481.14630519784987 ], [ 830727.587978659779765, 1665515.474384563043714 ], [ 829834.100212030345574, 1665445.605827698484063 ], [ 828860.360319806844927, 1665371.791370425373316 ], [ 827721.514838514383882, 1665485.944216987118125 ], [ 826822.189143078168854, 1665538.741314707323909 ], [ 825791.129846418392844, 1665584.76145726442337 ], [ 824960.595157739357091, 1665862.035643249750137 ], [ 824677.525624999194406, 1666289.274409724399447 ], [ 824541.769304377958179, 1666944.91754967533052 ], [ 824411.833271838491783, 1667478.147654002532363 ], [ 824587.794027676689439, 1668272.160323474556208 ], [ 825142.72333272441756, 1669379.729782098904252 ], [ 826165.145098950364627, 1670118.562393242493272 ], [ 827017.710740996524692, 1670456.000707231462002 ], [ 827724.578262357623316, 1670589.896908592432737 ], [ 828323.055104519706219, 1670767.384511778131127 ], [ 829133.579663142911159, 1670931.084549715742469 ], [ 830020.595478217233904, 1671147.667076878249645 ], [ 830904.889823212870397, 1671388.656559374183416 ], [ 831790.654280992224813, 1671654.575827594846487 ], [ 832753.041581521276385, 1671948.884630097076297 ], [ 833296.183717554435134, 1672172.762557959184051 ], [ 834540.095140473800711, 1672653.055409306660295 ], [ 835318.330644190311432, 1672938.091036612167954 ], [ 836283.441130352206528, 1673183.451060030609369 ], [ 837694.008600855828263, 1673476.222464546561241 ], [ 838709.49132273264695, 1673748.968961607664824 ], [ 839882.588856880320236, 1674054.340797143056989 ], [ 840937.37915211264044, 1674034.58306322991848 ], [ 841873.369264839217067, 1673763.450863597914577 ], [ 841961.177828896557912, 1673657.302562890574336 ] ] ] } },
{ "type": "Feature", "properties": { "fid": 139, "FNODE_": 1455, "TNODE_": 1456, "LPOLY_": 1, "RPOLY_": 1, "LENGTH": 0.084, "BOU2_4M_": 1440, "BOU2_4M_ID": 61074, "GBCODE": 26080 }, "geometry": { "type": "MultiLineString", "coordinates": [ [ [ 1000751.817521507851779, 1676896.781378543004394 ], [ 1001840.750896202283911, 1678157.602270416915417 ], [ 1003129.633790623629466, 1679105.0095707885921 ], [ 1004605.970114737632684, 1679903.997824363410473 ], [ 1005910.361247644177638, 1680687.33211524784565 ], [ 1007089.041550145717338, 1680961.639368874952197 ], [ 1008625.468339475803077, 1681102.986295606940985 ] ] ] } },
{ "type": "Feature", "properties": { "fid": 140, "FNODE_": 1457, "TNODE_": 1458, "LPOLY_": 1, "RPOLY_": 1, "LENGTH": 0.088, "BOU2_4M_": 1441, "BOU2_4M_ID": 61075, "GBCODE": 26080 }, "geometry": { "type": "MultiLineString", "coordinates": [ [ [ 1010715.298507603583857, 1678972.572762876749039 ], [ 1010387.758455301751383, 1678776.459649892523885 ], [ 1009720.872584986966103, 1678548.879101485013962 ], [ 1008200.055887521593831, 1678243.050151953473687 ], [ 1007161.798800602322444, 1678313.371029468253255 ], [ 1005966.871887692133896, 1678203.609942611306906 ], [ 1005113.826541425427422, 1678125.333078859373927 ], [ 1004135.039852122194134, 1677538.023707203567028 ], [ 1003512.31061549379956, 1676817.430956795811653 ], [ 1003074.693623139639385, 1675947.859493026509881 ], [ 1002238.199237127089873, 1675705.460725912824273 ] ] ] } },
{ "type": "Feature", "properties": { "fid": 141, "FNODE_": 1459, "TNODE_": 1460, "LPOLY_": 1, "RPOLY_": 1, "LENGTH": 0.028, "BOU2_4M_": 1442, "BOU2_4M_ID": 61111, "GBCODE": 26080 }, "geometry": { "type": "MultiLineString", "coordinates": [ [ [ 1089399.813918424770236, 1682531.152348825708032 ], [ 1089944.323124872986227, 1682253.237011440098286 ], [ 1090196.987443199148402, 1681448.450182493776083 ], [ 1090107.869132666150108, 1680609.581594098359346 ], [ 1089832.295515897683799, 1679918.169081440195441 ] ] ] } },
{ "type": "Feature", "properties": { "fid": 142, "FNODE_": 1461, "TNODE_": 1462, "LPOLY_": 1, "RPOLY_": 1, "LENGTH": 0.029, "BOU2_4M_": 1443, "BOU2_4M_ID": 61110, "GBCODE": 26080 }, "geometry": { "type": "MultiLineString", "coordinates": [ [ [ 1088312.025892126141116, 1679601.086941 ], [ 1087752.819868307793513, 1680043.564132938161492 ], [ 1087515.80282932613045, 1680683.925380347296596 ], [ 1087605.952596614835784, 1681522.868499878793955 ], [ 1087573.316317989025265, 1681851.593807158991694 ], [ 1088050.802836091024801, 1682230.981573902070522 ] ] ] } },
{ "type": "Feature", "properties": { "fid": 143, "FNODE_": 1463, "TNODE_": 1464, "LPOLY_": 1, "RPOLY_": 1, "LENGTH": 0.044, "BOU2_4M_": 1444, "BOU2_4M_ID": 61076, "GBCODE": 26080 }, "geometry": { "type": "MultiLineString", "coordinates": [ [ [ 991856.196302990545519, 1666800.470202751457691 ], [ 992495.193507401971146, 1667355.780185155570507 ], [ 993200.12795867677778, 1669077.818808890879154 ], [ 993452.050674424273893, 1670095.678747158497572 ], [ 994076.692477652919479, 1670815.606470929458737 ] ] ] } },
{ "type": "Feature", "properties": { "fid": 144, "FNODE_": 1465, "TNODE_": 1466, "LPOLY_": 1, "RPOLY_": 1, "LENGTH": 0.052, "BOU2_4M_": 1445, "BOU2_4M_ID": 61077, "GBCODE": 26080 }, "geometry": { "type": "MultiLineString", "coordinates": [ [ [ 995717.402212892659009, 1669803.549459872767329 ], [ 995279.641666179639287, 1668934.697553601115942 ], [ 995213.015727449674159, 1667767.843600625172257 ], [ 995130.586729133268818, 1666765.422005688771605 ], [ 994679.394987283507362, 1666061.198867741972208 ], [ 993201.250294712837785, 1665264.104340065270662 ] ] ] } },
{ "type": "Feature", "properties": { "fid": 145, "FNODE_": 1467, "TNODE_": 1468, "LPOLY_": 1, "RPOLY_": 1, "LENGTH": 0.027, "BOU2_4M_": 1446, "BOU2_4M_ID": 61078, "GBCODE": 26080 }, "geometry": { "type": "MultiLineString", "coordinates": [ [ [ 986789.513394395820796, 1661867.237766481935978 ], [ 986730.372021747520193, 1662524.969796266406775 ], [ 987510.629466727958061, 1663424.104145323857665 ], [ 988491.550432006595656, 1664009.753309976309538 ] ] ] } },
{ "type": "Feature", "properties": { "fid": 146, "FNODE_": 1469, "TNODE_": 1470, "LPOLY_": 1, "RPOLY_": 1, "LENGTH": 0.076, "BOU2_4M_": 1447, "BOU2_4M_ID": 61105, "GBCODE": 26080 }, "geometry": { "type": "MultiLineString", "coordinates": [ [ [ 1083664.510587183758616, 1677812.709068700671196 ], [ 1084226.140864631161094, 1677370.414437470957637 ], [ 1085128.069363833637908, 1676961.741669312119484 ], [ 1085819.191696946043521, 1675204.764251999557018 ], [ 1085965.695699419593439, 1673725.838110813871026 ], [ 1085632.4618213144131, 1671867.582937935367227 ], [ 1085576.12206045887433, 1670700.590568881481886 ] ] ] } },
{ "type": "Feature", "properties": { "fid": 147, "FNODE_": 1471, "TNODE_": 1472, "LPOLY_": 1, "RPOLY_": 1, "LENGTH": 0.028, "BOU2_4M_": 1448, "BOU2_4M_ID": 61079, "GBCODE": 26080 }, "geometry": { "type": "MultiLineString", "coordinates": [ [ [ 990289.724586835945956, 1663177.139481652528048 ], [ 989666.006791079533286, 1662457.793218029662967 ], [ 988854.505979141802527, 1661887.24677393399179 ], [ 987874.233390691573732, 1661301.688472460955381 ] ] ] } },
{ "type": "Feature", "properties": { "fid": 148, "FNODE_": 1473, "TNODE_": 1474, "LPOLY_": 1, "RPOLY_": 1, "LENGTH": 0.071, "BOU2_4M_": 1449, "BOU2_4M_ID": 61104, "GBCODE": 26080 }, "geometry": { "type": "MultiLineString", "coordinates": [ [ [ 1083404.351900840410963, 1669988.130842842161655 ], [ 1082559.522550385445356, 1671563.755094636231661 ], [ 1082072.304515808122233, 1673008.924478851258755 ], [ 1081414.153690880862996, 1674437.443627102300525 ], [ 1081129.678221303736791, 1675570.973069606348872 ], [ 1081495.827239472186193, 1677100.634393408894539 ] ] ] } },
{ "type": "Feature", "properties": { "fid": 149, "FNODE_": 1475, "TNODE_": 1476, "LPOLY_": 1, "RPOLY_": 1, "LENGTH": 0.029, "BOU2_4M_": 1450, "BOU2_4M_ID": 61107, "GBCODE": 26080 }, "geometry": { "type": "MultiLineString", "coordinates": [ [ [ 1078071.270791214657947, 1671619.347786901518703 ], [ 1078493.334377140970901, 1670831.270737217739224 ], [ 1078949.458958856761456, 1669714.814558764919639 ], [ 1079215.858821677276865, 1668745.636877704411745 ] ] ] } },
{ "type": "Feature", "properties": { "fid": 150, "FNODE_": 1477, "TNODE_": 1478, "LPOLY_": 1, "RPOLY_": 1, "LENGTH": 0.043, "BOU2_4M_": 1451, "BOU2_4M_ID": 61106, "GBCODE": 26080 }, "geometry": { "type": "MultiLineString", "coordinates": [ [ [ 1077962.66134735988453, 1667461.192993136122823 ], [ 1077760.106871310854331, 1667773.024486646056175 ], [ 1076979.711009879363701, 1668691.704234816133976 ], [ 1076370.50870968378149, 1669627.272980062291026 ], [ 1075932.45619610673748, 1670579.702193489298224 ], [ 1076022.046094265999272, 1671418.05779386125505 ] ] ] } },
{ "type": "Feature", "properties": { "fid": 151, "FNODE_": 1479, "TNODE_": 1479, "LPOLY_": 1, "RPOLY_": 859, "LENGTH": 0.044, "BOU2_4M_": 1452, "BOU2_4M_ID": 26010, "GBCODE": 26010 }, "geometry": { "type": "MultiLineString", "coordinates": [ [ [ 687223.000095349387266, 1631817.359897127375007 ], [ 687532.060961239272729, 1632564.022487781941891 ], [ 688099.492552177980542, 1633101.210362954065204 ], [ 688839.318132364656776, 1632836.24517222866416 ], [ 688741.254214869695716, 1632097.330976445227861 ], [ 688170.729903182480484, 1631609.111342437565327 ], [ 687484.914997219690122, 1631728.851436076685786 ], [ 687223.000095349387266, 1631817.359897127375007 ] ] ] } },
{ "type": "Feature", "properties": { "fid": 152, "FNODE_": 1480, "TNODE_": 1481, "LPOLY_": 1, "RPOLY_": 1, "LENGTH": 0.021, "BOU2_4M_": 1453, "BOU2_4M_ID": 61080, "GBCODE": 26080 }, "geometry": { "type": "MultiLineString", "coordinates": [ [ [ 987201.655433138250373, 1653451.448333593085408 ], [ 986658.126587262842804, 1653733.999465195462108 ], [ 986444.193935589632019, 1654211.880219355225563 ], [ 986183.446725026704371, 1655182.792644070461392 ], [ 986355.594880098011345, 1655198.254093743860722 ] ] ] } },
{ "type": "Feature", "properties": { "fid": 153, "FNODE_": 1482, "TNODE_": 1483, "LPOLY_": 1, "RPOLY_": 1, "LENGTH": 0.023, "BOU2_4M_": 1454, "BOU2_4M_ID": 61081, "GBCODE": 26080 }, "geometry": { "type": "MultiLineString", "coordinates": [ [ [ 987506.139665004680865, 1655798.898652318865061 ], [ 987893.947284711408429, 1655336.541664451360703 ], [ 988153.157874377560802, 1654365.517992600798607 ], [ 988227.1076624362031, 1653543.669809812679887 ] ] ] } },
{ "type": "Feature", "properties": { "fid": 154, "FNODE_": 1484, "TNODE_": 1485, "LPOLY_": 1, "RPOLY_": 1, "LENGTH": 0.039, "BOU2_4M_": 1455, "BOU2_4M_ID": 61102, "GBCODE": 26080 }, "geometry": { "type": "MultiLineString", "coordinates": [ [ [ 1072369.76064519956708, 1652321.143849967047572 ], [ 1072413.686678157420829, 1653651.54753366112709 ], [ 1072828.874934333842248, 1654686.868232099339366 ], [ 1073262.565340412082151, 1655558.089308641850948 ], [ 1073914.794435729738325, 1655953.406191732734442 ] ] ] } },
{ "type": "Feature", "properties": { "fid": 155, "FNODE_": 1486, "TNODE_": 1487, "LPOLY_": 1, "RPOLY_": 1, "LENGTH": 0.042, "BOU2_4M_": 1456, "BOU2_4M_ID": 61103, "GBCODE": 26080 }, "geometry": { "type": "MultiLineString", "coordinates": [ [ [ 1075753.018914078129455, 1654807.057995069772005 ], [ 1075662.969818321987987, 1653969.311407038941979 ], [ 1075384.635825553908944, 1653278.917279517278075 ], [ 1075091.021951317321509, 1652752.911724736914039 ], [ 1074455.517776765162125, 1652193.479562994092703 ], [ 1073990.462553003570065, 1651650.765349380671978 ], [ 1073337.958679438335821, 1651255.405987298116088 ] ] ] } },
{ "type": "Feature", "properties": { "fid": 156, "FNODE_": 1488, "TNODE_": 1489, "LPOLY_": 1, "RPOLY_": 1, "LENGTH": 0.039, "BOU2_4M_": 1457, "BOU2_4M_ID": 61082, "GBCODE": 26080 }, "geometry": { "type": "MultiLineString", "coordinates": [ [ [ 987164.87864435906522, 1642348.449783261865377 ], [ 986806.277624086127616, 1642481.867326991632581 ], [ 986218.918272254988551, 1643257.2315125297755 ], [ 985817.834648714051582, 1643883.835191896185279 ], [ 985729.424393524648622, 1644869.658864106982946 ], [ 986712.260746394982561, 1645454.844564497470856 ] ] ] } },
{ "type": "Feature", "properties": { "fid": 157, "FNODE_": 1490, "TNODE_": 1491, "LPOLY_": 1, "RPOLY_": 1, "LENGTH": 0.028, "BOU2_4M_": 1458, "BOU2_4M_ID": 61083, "GBCODE": 26080 }, "geometry": { "type": "MultiLineString", "coordinates": [ [ [ 987627.748544691014104, 1644874.539380587637424 ], [ 987812.299345313804224, 1644725.39133208617568 ], [ 988228.242700089584105, 1643934.645850025117397 ], [ 988316.872220035642385, 1642948.792271947488189 ], [ 988220.910141397500411, 1642111.99937441945076 ] ] ] } },
{ "type": "Feature", "properties": { "fid": 158, "FNODE_": 1492, "TNODE_": 1493, "LPOLY_": 1, "RPOLY_": 1, "LENGTH": 0.046, "BOU2_4M_": 1459, "BOU2_4M_ID": 61100, "GBCODE": 26080 }, "geometry": { "type": "MultiLineString", "coordinates": [ [ [ 1063144.292723206104711, 1645955.473405031487346 ], [ 1063921.224390225019306, 1646859.132275523617864 ], [ 1065055.071034042863175, 1647631.87418838404119 ], [ 1066050.057592785218731, 1648059.771910270676017 ], [ 1067434.787554181180894, 1648028.491750314831734 ] ] ] } },
{ "type": "Feature", "properties": { "fid": 159, "FNODE_": 1494, "TNODE_": 1495, "LPOLY_": 1, "RPOLY_": 1, "LENGTH": 0.044, "BOU2_4M_": 1460, "BOU2_4M_ID": 61101, "GBCODE": 26080 }, "geometry": { "type": "MultiLineString", "coordinates": [ [ [ 1068076.67837345181033, 1646765.118244104087353 ], [ 1067904.397990545257926, 1646748.375695554539561 ], [ 1067284.1039022882469, 1646025.329587981104851 ], [ 1066165.277042768662795, 1645088.187047597020864 ], [ 1064329.405286845052615, 1644413.113002868369222 ], [ 1063987.304602252086625, 1644379.993387829512358 ] ] ] } },
{ "type": "Feature", "properties": { "fid": 160, "FNODE_": 1496, "TNODE_": 1497, "LPOLY_": 1, "RPOLY_": 1, "LENGTH": 0.04, "BOU2_4M_": 1461, "BOU2_4M_ID": 61086, "GBCODE": 26080 }, "geometry": { "type": "MultiLineString", "coordinates": [ [ [ 968918.340377078740858, 1637910.241093590855598 ], [ 969789.002391152083874, 1637821.412531184032559 ], [ 971388.669671288691461, 1637300.323116987943649 ], [ 971975.162384012481198, 1636524.237368788570166 ], [ 972219.356707171420567, 1635717.949959667399526 ] ] ] } },
{ "type": "Feature", "properties": { "fid": 161, "FNODE_": 1498, "TNODE_": 1499, "LPOLY_": 1, "RPOLY_": 1, "LENGTH": 0.035, "BOU2_4M_": 1462, "BOU2_4M_ID": 61098, "GBCODE": 26080 }, "geometry": { "type": "MultiLineString", "coordinates": [ [ [ 1043088.122966401046142, 1642542.822163913398981 ], [ 1043756.850738979992457, 1642771.943225109949708 ], [ 1044457.593184280325659, 1642672.843041753396392 ], [ 1045516.975573917734437, 1642442.134292272850871 ], [ 1046590.337681846227497, 1642047.310996713116765 ], [ 1046775.786826239200309, 1641899.317637398838997 ] ] ] } },
{ "type": "Feature", "properties": { "fid": 162, "FNODE_": 1500, "TNODE_": 1501, "LPOLY_": 1, "RPOLY_": 1, "LENGTH": 0.033, "BOU2_4M_": 1463, "BOU2_4M_ID": 61099, "GBCODE": 26080 }, "geometry": { "type": "MultiLineString", "coordinates": [ [ [ 1046684.108431680477224, 1641062.264198308810592 ], [ 1045999.697505628457293, 1640997.133955806493759 ], [ 1044971.383595971041359, 1640899.357864717021585 ], [ 1043912.734107398078777, 1641130.076142985373735 ], [ 1043056.802628630190156, 1641048.845548562705517 ] ] ] } },
{ "type": "Feature", "properties": { "fid": 163, "FNODE_": 1502, "TNODE_": 1503, "LPOLY_": 1, "RPOLY_": 1, "LENGTH": 0.06, "BOU2_4M_": 1464, "BOU2_4M_ID": 61087, "GBCODE": 26080 }, "geometry": { "type": "MultiLineString", "coordinates": [ [ [ 970850.511614038376138, 1633610.368993163108826 ], [ 970165.637047023861669, 1633549.959031922742724 ], [ 969109.373385343817063, 1633788.040344571694732 ], [ 967680.160493638017215, 1634324.383204326033592 ], [ 966595.164607419748791, 1634891.360377816483378 ], [ 965867.109585504978895, 1635323.937796769663692 ], [ 965622.536505201947875, 1636130.297992086037993 ], [ 965593.693950512446463, 1636458.866345129907131 ] ] ] } },
{ "type": "Feature", "properties": { "fid": 164, "FNODE_": 1504, "TNODE_": 1505, "LPOLY_": 1, "RPOLY_": 1, "LENGTH": 0.029, "BOU2_4M_": 1465, "BOU2_4M_ID": 61097, "GBCODE": 26080 }, "geometry": { "type": "MultiLineString", "coordinates": [ [ [ 1029133.059622502536513, 1634768.47584168612957 ], [ 1029305.527806242578663, 1634784.61058970913291 ], [ 1030223.426571367192082, 1634208.209205122664571 ], [ 1030611.977129777544178, 1633747.770126746967435 ], [ 1031187.574351435643621, 1633139.41324626468122 ], [ 1031233.728205784922466, 1632646.933713531121612 ] ] ] } },
{ "type": "Feature", "properties": { "fid": 165, "FNODE_": 1506, "TNODE_": 1507, "LPOLY_": 1, "RPOLY_": 1, "LENGTH": 0.029, "BOU2_4M_": 1466, "BOU2_4M_ID": 61096, "GBCODE": 26080 }, "geometry": { "type": "MultiLineString", "coordinates": [ [ [ 1030423.241393679636531, 1632074.319498540833592 ], [ 1029893.730649260105565, 1632190.310403825715184 ], [ 1028804.892968149040826, 1632750.810277264565229 ], [ 1028243.914071236969903, 1633195.072716198861599 ], [ 1028355.023116113501601, 1633867.943151185289025 ] ] ] } },
{ "type": "Feature", "properties": { "fid": 166, "FNODE_": 1508, "TNODE_": 1509, "LPOLY_": 1, "RPOLY_": 1, "LENGTH": 0.044, "BOU2_4M_": 1467, "BOU2_4M_ID": 61088, "GBCODE": 26080 }, "geometry": { "type": "MultiLineString", "coordinates": [ [ [ 973915.768747049267404, 1628253.342176301404834 ], [ 974444.630874996306375, 1628134.651237666606903 ], [ 975486.997757754405029, 1628061.477380072697997 ], [ 976403.048745244508609, 1627480.621513810008764 ], [ 977175.748242991277948, 1626556.160906586796045 ], [ 977591.291297456831671, 1625765.650711992755532 ] ] ] } },
{ "type": "Feature", "properties": { "fid": 167, "FNODE_": 1510, "TNODE_": 1511, "LPOLY_": 1, "RPOLY_": 1, "LENGTH": 0.045, "BOU2_4M_": 1468, "BOU2_4M_ID": 61089, "GBCODE": 26080 }, "geometry": { "type": "MultiLineString", "coordinates": [ [ [ 976179.780192136764526, 1624151.196638680994511 ], [ 975651.569468960165977, 1624269.747193846851587 ], [ 974563.569284991943277, 1624835.266512149944901 ], [ 973648.287720427033491, 1625416.276510139927268 ], [ 972874.996674670488574, 1626340.872995469719172 ], [ 972802.450872096116655, 1627161.869026836007833 ] ] ] } },
{ "type": "Feature", "properties": { "fid": 168, "FNODE_": 1512, "TNODE_": 1513, "LPOLY_": 1, "RPOLY_": 1, "LENGTH": 0.037, "BOU2_4M_": 1469, "BOU2_4M_ID": 61090, "GBCODE": 26080 }, "geometry": { "type": "MultiLineString", "coordinates": [ [ [ 983381.993928800104186, 1624792.013384114950895 ], [ 984240.03723644092679, 1624868.674281794577837 ], [ 985326.93038879672531, 1624303.78190110065043 ], [ 986085.88071186223533, 1623544.273395193740726 ], [ 986502.990145317628048, 1622754.316932583227754 ] ] ] } },
{ "type": "Feature", "properties": { "fid": 169, "FNODE_": 1514, "TNODE_": 1515, "LPOLY_": 1, "RPOLY_": 1, "LENGTH": 0.05, "BOU2_4M_": 1470, "BOU2_4M_ID": 61091, "GBCODE": 26080 }, "geometry": { "type": "MultiLineString", "coordinates": [ [ [ 986321.051810226985253, 1620917.845869520679116 ], [ 986335.747918829321861, 1620753.717432642355561 ], [ 984592.212332983966917, 1620928.625641634687781 ], [ 983488.734561387915164, 1621657.379289636388421 ], [ 983101.972720947465859, 1622119.203310100361705 ], [ 982827.600369746563956, 1623253.012874173000455 ], [ 983141.040326355490834, 1623612.016257768496871 ] ] ] } },
{ "type": "Feature", "properties": { "fid": 170, "FNODE_": 1516, "TNODE_": 1517, "LPOLY_": 1, "RPOLY_": 1, "LENGTH": 0.033, "BOU2_4M_": 1471, "BOU2_4M_ID": 61094, "GBCODE": 26080 }, "geometry": { "type": "MultiLineString", "coordinates": [ [ [ 1019388.794491564040072, 1622439.313739815726876 ], [ 1020432.343196573667228, 1622370.469445694237947 ], [ 1021506.355073704617098, 1621973.490940457209945 ], [ 1022269.772530262358487, 1621216.947604795917869 ], [ 1022471.225703248172067, 1620904.603194657713175 ] ] ] } },
{ "type": "Feature", "properties": { "fid": 171, "FNODE_": 1518, "TNODE_": 1519, "LPOLY_": 1, "RPOLY_": 1, "LENGTH": 0.067, "BOU2_4M_": 1472, "BOU2_4M_ID": 61092, "GBCODE": 26080 }, "geometry": { "type": "MultiLineString", "coordinates": [ [ [ 998148.800201784004457, 1620163.208520587533712 ], [ 998321.497343643568456, 1620178.857542175799608 ], [ 999692.907110653817654, 1620303.22529736533761 ], [ 1001624.608193266671151, 1619982.24453211016953 ], [ 1004414.034762108465657, 1619739.870557516813278 ], [ 1005160.504776531946845, 1619146.066938338801265 ], [ 1005331.524599735159427, 1619161.671366337686777 ] ] ] } },
{ "type": "Feature", "properties": { "fid": 172, "FNODE_": 1520, "TNODE_": 1521, "LPOLY_": 1, "RPOLY_": 1, "LENGTH": 0.032, "BOU2_4M_": 1473, "BOU2_4M_ID": 61095, "GBCODE": 26080 }, "geometry": { "type": "MultiLineString", "coordinates": [ [ [ 1022219.728288413141854, 1619888.473876489326358 ], [ 1021518.78748531115707, 1619988.916372187435627 ], [ 1020428.567816180642694, 1620549.72607821598649 ], [ 1019495.1015457843896, 1621290.731179973110557 ], [ 1019292.903227826929651, 1621602.960307184606791 ] ] ] } },
{ "type": "Feature", "properties": { "fid": 173, "FNODE_": 1522, "TNODE_": 1523, "LPOLY_": 1, "RPOLY_": 1, "LENGTH": 0.066, "BOU2_4M_": 1474, "BOU2_4M_ID": 61093, "GBCODE": 26080 }, "geometry": { "type": "MultiLineString", "coordinates": [ [ [ 1004966.42132903682068, 1617473.889838621020317 ], [ 1003093.909716158756055, 1617137.842197133228183 ], [ 1001534.446718305000104, 1617161.418572802096605 ], [ 999273.38673479994759, 1617286.992653660476208 ], [ 997984.318284826236777, 1618162.834880214184523 ] ] ] } },
{ "type": "Feature", "properties": { "fid": 174, "FNODE_": 1525, "TNODE_": 1526, "LPOLY_": 1, "RPOLY_": 1, "LENGTH": 1.195, "BOU2_4M_": 1476, "BOU2_4M_ID": 1001, "GBCODE": 61010 }, "geometry": { "type": "MultiLineString", "coordinates": [ [ [ 475619.216375375923235, 1665105.188238814473152 ], [ 478779.008504546829499, 1660772.673494093120098 ], [ 482918.034816645027604, 1656181.515855306759477 ], [ 487119.591628854512237, 1651344.511692505329847 ], [ 490412.605158806138206, 1647473.720843758434057 ], [ 492597.03868376876926, 1645064.117759320884943 ], [ 496531.260622294212226, 1640932.464435460045934 ], [ 501350.63956885074731, 1636158.696164766326547 ], [ 504300.056175496254582, 1632206.565806621685624 ], [ 508330.44210093584843, 1627709.043561931699514 ], [ 510762.955032533674967, 1623975.643585693091154 ], [ 513726.238004939747043, 1620100.980274174362421 ], [ 516154.187789467920084, 1616536.886912962421775 ], [ 518781.631002976151649, 1612482.010203314945102 ], [ 521055.52254903037101, 1608578.708828428760171 ], [ 523330.016728037619032, 1604676.771746441721916 ], [ 525739.947459627990611, 1600318.811475351452827 ], [ 529079.377516204724088, 1593760.629316918551922 ], [ 532010.415698192897253, 1587223.33461712859571 ], [ 533801.294484266778454, 1582636.20168043859303 ], [ 535049.197733598412015, 1578524.588224235922098 ], [ 537009.35770762746688, 1574114.850023606792092 ], [ 539043.808268717140891, 1568208.874489039182663 ], [ 540310.030153934494592, 1563767.901522371917963 ], [ 541201.95996018673759, 1559809.921084696426988 ], [ 541823.901442071073689, 1557839.83306267298758 ], [ 542212.795751830446534, 1557025.340987803414464 ] ] ] } },
{ "type": "Feature", "properties": { "fid": 175, "FNODE_": 1536, "TNODE_": 1537, "LPOLY_": 1, "RPOLY_": 1, "LENGTH": 1.022, "BOU2_4M_": 1482, "BOU2_4M_ID": 1001, "GBCODE": 61010 }, "geometry": { "type": "MultiLineString", "coordinates": [ [ [ 1567789.985943472012877, 1638986.287589402869344 ], [ 1567268.878756029997021, 1640851.567937346175313 ], [ 1567044.672682636417449, 1644214.342281017452478 ], [ 1566051.21318207681179, 1647514.432274773716927 ], [ 1565653.572758568217978, 1651918.229948673397303 ], [ 1564694.450594540219754, 1656551.454192301258445 ], [ 1564165.074068498099223, 1660248.090607736259699 ], [ 1563675.925693457247689, 1667313.760968016460538 ], [ 1562889.65204948396422, 1673257.530348405241966 ], [ 1561939.929069268982857, 1679678.442967461422086 ], [ 1560369.85363061982207, 1685928.103974113240838 ], [ 1560190.161362404935062, 1692145.321025243028998 ], [ 1559675.455025626346469, 1696640.304068623110652 ], [ 1558721.758021659916267, 1702175.055884195491672 ], [ 1557331.181273950496688, 1709639.958555186167359 ], [ 1556494.291724001057446, 1715091.265667423605919 ], [ 1555478.478277097688988, 1720224.973188204690814 ], [ 1555048.382616572780535, 1730486.547715038061142 ], [ 1554339.495528263738379, 1736650.868885021656752 ], [ 1552688.124252270208672, 1746692.200422666966915 ] ] ] } },
{ "type": "Feature", "properties": { "fid": 176, "FNODE_": 1538, "TNODE_": 1539, "LPOLY_": 1, "RPOLY_": 1, "LENGTH": 0.041, "BOU2_4M_": 1483, "BOU2_4M_ID": 165, "GBCODE": 26100 }, "geometry": { "type": "MultiLineString", "coordinates": [ [ [ 1082694.297080401331186, 1205040.876193545758724 ], [ 1083302.011112005682662, 1204903.908116307109594 ], [ 1083949.762882239185274, 1204915.125439859926701 ], [ 1084282.272950285114348, 1205138.103804325684905 ], [ 1084429.929690773133188, 1205609.086377484723926 ], [ 1084051.147714589023963, 1205911.572495236992836 ], [ 1083438.065253645414487, 1206096.18656774610281 ], [ 1082735.788991618668661, 1205791.201178066432476 ], [ 1082567.613668936304748, 1205246.115319523960352 ] ] ] } },
{ "type": "Feature", "properties": { "fid": 177, "FNODE_": 1540, "TNODE_": 1540, "LPOLY_": 1, "RPOLY_": 862, "LENGTH": 0.014, "BOU2_4M_": 1484, "BOU2_4M_ID": 26010, "GBCODE": 26010 }, "geometry": { "type": "MultiLineString", "coordinates": [ [ [ 1079629.179019096540287, 1203907.875411972403526 ], [ 1079711.271160046104342, 1204202.425370952114463 ], [ 1079981.841692422749475, 1204256.27271731197834 ], [ 1080173.793553406605497, 1204119.661830831319094 ], [ 1079997.343601587926969, 1203876.373249184340239 ], [ 1079802.076896770857275, 1203822.841649835929275 ], [ 1079629.179019096540287, 1203907.875411972403526 ] ] ] } },
{ "type": "Feature", "properties": { "fid": 178, "FNODE_": 1541, "TNODE_": 1542, "LPOLY_": 1, "RPOLY_": 1, "LENGTH": 0.058, "BOU2_4M_": 1485, "BOU2_4M_ID": 164, "GBCODE": 26100 }, "geometry": { "type": "MultiLineString", "coordinates": [ [ [ 1078847.402579156449065, 1203269.094805561006069 ], [ 1079538.453844649950042, 1203404.296699091792107 ], [ 1080461.629795011132956, 1203681.3308543600142 ], [ 1080908.37357619474642, 1204131.412140330299735 ], [ 1081359.597705274354666, 1204533.762638013809919 ], [ 1081245.776184390066192, 1204884.381674261763692 ], [ 1080651.129811550024897, 1204902.329850962385535 ], [ 1079835.245274500455707, 1204635.292482642456889 ], [ 1079329.202742248540744, 1204540.918925462290645 ], [ 1078790.099659794243053, 1203913.93632672727108 ], [ 1078832.518470770213753, 1203436.223002849146724 ] ] ] } },
{ "type": "Feature", "properties": { "fid": 179, "FNODE_": 1543, "TNODE_": 1543, "LPOLY_": 863, "RPOLY_": 1, "LENGTH": 0.016, "BOU2_4M_": 1486, "BOU2_4M_ID": 26010, "GBCODE": 26010 }, "geometry": { "type": "MultiLineString", "coordinates": [ [ [ 1077602.72086423728615, 1201662.490762323141098 ], [ 1077328.865437566302717, 1201539.334862064570189 ], [ 1077228.362370999762788, 1201279.294494515284896 ], [ 1077361.263557245023549, 1201073.129304734990001 ], [ 1077575.047367744380608, 1201109.464077292010188 ], [ 1077811.094076039269567, 1201370.486198121681809 ], [ 1077602.72086423728615, 1201662.490762323141098 ] ] ] } },
{ "type": "Feature", "properties": { "fid": 180, "FNODE_": 1544, "TNODE_": 1545, "LPOLY_": 1, "RPOLY_": 1, "LENGTH": 0.045, "BOU2_4M_": 1487, "BOU2_4M_ID": 163, "GBCODE": 26100 }, "geometry": { "type": "MultiLineString", "coordinates": [ [ [ 1077427.10383333126083, 1202359.601275362074375 ], [ 1076921.888125679921359, 1201954.1751300226897 ], [ 1076769.191191987367347, 1201683.520423218607903 ], [ 1076714.147638316266239, 1201100.633832659572363 ], [ 1077157.682670030510053, 1200683.751160262152553 ], [ 1077664.400761142605916, 1200753.979154283180833 ], [ 1078022.142788626486436, 1201003.181842783465981 ], [ 1078179.626787998480722, 1201354.554082931950688 ], [ 1078115.874164303066209, 1201758.038453862071037 ], [ 1078053.898535567568615, 1202161.499548546969891 ], [ 1077752.955813983688131, 1202495.163435226306319 ], [ 1077681.084377867169678, 1202392.432568874210119 ] ] ] } },
{ "type": "Feature", "properties": { "fid": 181, "FNODE_": 1546, "TNODE_": 1547, "LPOLY_": 1, "RPOLY_": 1, "LENGTH": 0.044, "BOU2_4M_": 1488, "BOU2_4M_ID": 162, "GBCODE": 26100 }, "geometry": { "type": "MultiLineString", "coordinates": [ [ [ 1074560.067086834227666, 1196115.158025421202183 ], [ 1074534.93905984912999, 1196401.566569564864039 ], [ 1074486.025969693204388, 1196950.641507893800735 ], [ 1074429.152157449396327, 1197282.345377698540688 ], [ 1074070.987462417921051, 1197659.007848219946027 ], [ 1073562.375095078954473, 1197588.678297612816095 ], [ 1073237.056024881312624, 1197294.346394013613462 ], [ 1073134.338287050370127, 1196924.083348551765084 ], [ 1073130.821488979971036, 1196659.058824291452765 ], [ 1073182.786660535261035, 1196086.195014236494899 ], [ 1073257.058492887998, 1195852.260106993839145 ], [ 1073745.299103171331808, 1195535.675075186416507 ], [ 1073743.058904936304316, 1195559.544549515470862 ] ] ] } },
{ "type": "Feature", "properties": { "fid": 182, "FNODE_": 1548, "TNODE_": 1549, "LPOLY_": 1, "RPOLY_": 1, "LENGTH": 1.043, "BOU2_4M_": 1489, "BOU2_4M_ID": 1001, "GBCODE": 61010 }, "geometry": { "type": "MultiLineString", "coordinates": [ [ [ 610972.726020941045135, 1251860.920120047405362 ], [ 611060.714262865367346, 1246819.444481901824474 ], [ 611528.962219717795961, 1242674.46319661475718 ], [ 611866.998480856535025, 1238831.212423453107476 ], [ 611887.242423076415434, 1233625.156943053007126 ], [ 612203.76461180287879, 1227726.698101613670588 ], [ 611678.067514307447709, 1222967.491825638338923 ], [ 611645.842655299347825, 1218708.895963065326214 ], [ 611157.693263121531345, 1213244.836123431101441 ], [ 610657.006344391731545, 1208018.021231411024928 ], [ 609461.44642052357085, 1201101.839998323470354 ], [ 608264.756463954690844, 1194188.317942455410957 ], [ 606730.766193755203858, 1188676.15319406054914 ], [ 605666.201334465411492, 1184134.795986112207174 ], [ 603820.515128429047763, 1179553.372301669791341 ], [ 602467.162156654288992, 1175471.121228534728289 ], [ 601014.877650962211192, 1173271.735269522294402 ], [ 599400.425614978768863, 1169177.686132907867432 ], [ 597984.280932052526623, 1166273.970224546268582 ], [ 596305.48084463539999, 1163357.246167903766036 ], [ 594363.82587448367849, 1160427.629438711330295 ], [ 592708.2390794637613, 1157042.318278402090073 ], [ 590293.038750253384933, 1153147.340789999812841 ], [ 588859.211941931629553, 1150482.201198723167181 ], [ 587637.908660143380985, 1148770.592085756361485 ], [ 586675.79204046993982, 1147072.511436853557825 ] ] ] } },
{ "type": "Feature", "properties": { "fid": 183, "FNODE_": 1550, "TNODE_": 1551, "LPOLY_": 1, "RPOLY_": 1, "LENGTH": 0.066, "BOU2_4M_": 1490, "BOU2_4M_ID": 150, "GBCODE": 26100 }, "geometry": { "type": "MultiLineString", "coordinates": [ [ [ 1134151.611216715769842, 1176121.187103601172566 ], [ 1134552.778561817482114, 1176183.156840547919273 ], [ 1135173.62413081433624, 1176217.982636019587517 ], [ 1135877.020391944563016, 1176236.465903816744685 ], [ 1136451.22333414060995, 1176194.661375094205141 ], [ 1136496.251376495463774, 1176583.572619374841452 ], [ 1136402.625780258793384, 1177007.560307731851935 ], [ 1135325.198584640398622, 1177506.559968676418066 ], [ 1133921.01830905652605, 1177157.372732933610678 ], [ 1133186.488907884107903, 1176294.452796624973416 ], [ 1133677.330092893680558, 1175980.22320924885571 ] ] ] } },
{ "type": "Feature", "properties": { "fid": 184, "FNODE_": 1552, "TNODE_": 1553, "LPOLY_": 1, "RPOLY_": 1, "LENGTH": 0.092, "BOU2_4M_": 1491, "BOU2_4M_ID": 61135, "GBCODE": 26080 }, "geometry": { "type": "MultiLineString", "coordinates": [ [ [ 1373729.249060455011204, 1202739.064224883913994 ], [ 1374817.707968558883294, 1202730.408775683492422 ], [ 1377027.794799452181906, 1202438.335517268627882 ], [ 1378674.457295273896307, 1201660.203912321478128 ], [ 1379911.520080087473616, 1200414.390722589567304 ], [ 1380265.286532603902742, 1198783.241291381418705 ], [ 1379818.497171190334484, 1197334.540346339344978 ] ] ] } },
{ "type": "Feature", "properties": { "fid": 185, "FNODE_": 1554, "TNODE_": 1555, "LPOLY_": 1, "RPOLY_": 1, "LENGTH": 0.06, "BOU2_4M_": 1492, "BOU2_4M_ID": 61136, "GBCODE": 26080 }, "geometry": { "type": "MultiLineString", "coordinates": [ [ [ 1377842.229003893677145, 1196956.889843132346869 ], [ 1376447.287583380704746, 1196928.399032451212406 ], [ 1374017.231877703918144, 1197751.984058598056436 ], [ 1372506.922901002457365, 1198686.535359406843781 ], [ 1372254.126818443881348, 1199493.022941099479795 ], [ 1372237.631567409262061, 1199630.500830506905913 ] ] ] } },
{ "type": "Feature", "properties": { "fid": 186, "FNODE_": 1556, "TNODE_": 1556, "LPOLY_": 864, "RPOLY_": 1, "LENGTH": 0.025, "BOU2_4M_": 1493, "BOU2_4M_ID": 26010, "GBCODE": 26010 }, "geometry": { "type": "MultiLineString", "coordinates": [ [ [ 1161465.140517999883741, 1172123.85660638473928 ], [ 1161675.063999852864072, 1172353.440761104226112 ], [ 1161747.432513846084476, 1172903.980818135663867 ], [ 1161301.694253376219422, 1172928.989715874195099 ], [ 1160836.93179859733209, 1172799.167406504973769 ], [ 1161143.208820409374312, 1172305.847753513604403 ], [ 1161465.140517999883741, 1172123.85660638473928 ] ] ] } },
{ "type": "Feature", "properties": { "fid": 187, "FNODE_": 1557, "TNODE_": 1558, "LPOLY_": 1, "RPOLY_": 1, "LENGTH": 0.048, "BOU2_4M_": 1494, "BOU2_4M_ID": 151, "GBCODE": 26100 }, "geometry": { "type": "MultiLineString", "coordinates": [ [ [ 1085829.802225462859496, 1163454.421847905963659 ], [ 1086230.361131726298481, 1163827.479855755344033 ], [ 1086566.71420010086149, 1164314.675153532996774 ], [ 1086536.002821208909154, 1164648.319485923275352 ], [ 1086456.902577340370044, 1164929.406494576483965 ], [ 1086233.869969118386507, 1165293.429142599925399 ], [ 1085734.864968502894044, 1165416.067995965480804 ], [ 1085114.701555976178497, 1165070.896701542660594 ], [ 1085106.652604045113549, 1164253.286173162981868 ], [ 1085213.941076796269044, 1163974.768018957227468 ], [ 1085319.469805650878698, 1163696.088508108630776 ], [ 1085583.645992432720959, 1163480.001769324764609 ], [ 1085610.104827054776251, 1163482.405624272301793 ] ] ] } },
{ "type": "Feature", "properties": { "fid": 188, "FNODE_": 1559, "TNODE_": 1560, "LPOLY_": 1, "RPOLY_": 1, "LENGTH": 0.009, "BOU2_4M_": 1495, "BOU2_4M_ID": 155, "GBCODE": 26100 }, "geometry": { "type": "MultiLineString", "coordinates": [ [ [ 1073660.959866147954017, 1162106.18756090477109 ], [ 1073565.220303480746225, 1162578.04368818923831 ], [ 1073195.91726807365194, 1162760.717985238879919 ], [ 1073169.456876472570002, 1162758.34276195988059 ] ] ] } },
{ "type": "Feature", "properties": { "fid": 189, "FNODE_": 1561, "TNODE_": 1562, "LPOLY_": 1, "RPOLY_": 1, "LENGTH": 0.053, "BOU2_4M_": 1496, "BOU2_4M_ID": 149, "GBCODE": 26100 }, "geometry": { "type": "MultiLineString", "coordinates": [ [ [ 1161994.295366234378889, 1173418.621023032814264 ], [ 1161211.265728638507426, 1173391.180152017623186 ], [ 1160746.609981650719419, 1173418.686292465776205 ], [ 1160118.997540431562811, 1173165.891981795430183 ], [ 1159751.234603483695537, 1172745.875190980732441 ], [ 1159775.590888291830197, 1171906.897686988115311 ], [ 1160001.646831692429259, 1171519.940696937963367 ], [ 1160266.19403896224685, 1171016.621977765113115 ], [ 1160564.618513857247308, 1170732.831410067155957 ], [ 1161606.247059436747804, 1170616.842062687501311 ], [ 1161634.452299406053498, 1170619.599777024239302 ] ] ] } },
{ "type": "Feature", "properties": { "fid": 190, "FNODE_": 1563, "TNODE_": 1564, "LPOLY_": 1, "RPOLY_": 1, "LENGTH": 0.027, "BOU2_4M_": 1497, "BOU2_4M_ID": 148, "GBCODE": 26100 }, "geometry": { "type": "MultiLineString", "coordinates": [ [ [ 1162359.956537126330659, 1170689.532880857586861 ], [ 1162877.849825253710151, 1171244.184888165444136 ], [ 1163034.551385706290603, 1171884.303994815796614 ], [ 1163126.168500886997208, 1172349.853280568495393 ], [ 1163139.103568912949413, 1172783.7748978510499 ], [ 1162852.830563864205033, 1173236.961863180622458 ], [ 1162853.484299498843029, 1173212.971296878531575 ] ] ] } },
{ "type": "Feature", "properties": { "fid": 191, "FNODE_": 1565, "TNODE_": 1566, "LPOLY_": 1, "RPOLY_": 1, "LENGTH": 0.01, "BOU2_4M_": 1498, "BOU2_4M_ID": 156, "GBCODE": 26100 }, "geometry": { "type": "MultiLineString", "coordinates": [ [ [ 1072504.556845192797482, 1162602.02234997600317 ], [ 1072650.476029433542863, 1162182.820203956216574 ], [ 1072898.205311329802498, 1161844.953948253765702 ], [ 1073118.335062637692317, 1161792.835280243307352 ], [ 1073146.561236173845828, 1161795.375324608758092 ] ] ] } },
{ "type": "Feature", "properties": { "fid": 192, "FNODE_": 1567, "TNODE_": 1568, "LPOLY_": 1, "RPOLY_": 1, "LENGTH": 0.009, "BOU2_4M_": 1499, "BOU2_4M_ID": 157, "GBCODE": 26100 }, "geometry": { "type": "MultiLineString", "coordinates": [ [ [ 1070451.053490835009143, 1160998.795753913000226 ], [ 1070276.306218080222607, 1161127.097881885245442 ], [ 1069895.228978841332719, 1161140.626914093270898 ], [ 1069520.806684137089178, 1161082.787089001387358 ], [ 1069444.100604081293568, 1161027.770229382440448 ] ] ] } },
{ "type": "Feature", "properties": { "fid": 193, "FNODE_": 1569, "TNODE_": 1570, "LPOLY_": 1, "RPOLY_": 1, "LENGTH": 0.006, "BOU2_4M_": 1500, "BOU2_4M_ID": 158, "GBCODE": 26100 }, "geometry": { "type": "MultiLineString", "coordinates": [ [ [ 1068895.557598178740591, 1160786.089932586997747 ], [ 1068286.090400321176276, 1160634.900273336097598 ], [ 1068310.319140965351835, 1160661.288585593923926 ] ] ] } },
{ "type": "Feature", "properties": { "fid": 194, "FNODE_": 1571, "TNODE_": 1572, "LPOLY_": 1, "RPOLY_": 1, "LENGTH": 0.009, "BOU2_4M_": 1501, "BOU2_4M_ID": 160, "GBCODE": 26100 }, "geometry": { "type": "MultiLineString", "coordinates": [ [ [ 1069313.957883448107168, 1160343.410532584413886 ], [ 1069720.185306606348604, 1160356.139348644763231 ], [ 1070176.467777865938842, 1160709.714290779083967 ], [ 1070204.696588382823393, 1160712.247102839872241 ] ] ] } },
{ "type": "Feature", "properties": { "fid": 195, "FNODE_": 1573, "TNODE_": 1574, "LPOLY_": 1, "RPOLY_": 1, "LENGTH": 0.01, "BOU2_4M_": 1502, "BOU2_4M_ID": 159, "GBCODE": 26100 }, "geometry": { "type": "MultiLineString", "coordinates": [ [ [ 1067841.29248075094074, 1160138.277524594217539 ], [ 1068221.511479043401778, 1160124.600322930142283 ], [ 1068724.270272664958611, 1160266.142712194472551 ], [ 1068936.833300238940865, 1160333.406828802078962 ], [ 1068958.860575622878969, 1160383.42437289096415 ] ] ] } },
{ "type": "Feature", "properties": { "fid": 196, "FNODE_": 1575, "TNODE_": 1575, "LPOLY_": 1, "RPOLY_": 865, "LENGTH": 0.015, "BOU2_4M_": 1503, "BOU2_4M_ID": 26010, "GBCODE": 26010 }, "geometry": { "type": "MultiLineString", "coordinates": [ [ [ 1076241.148136854171753, 1160961.060950048267841 ], [ 1076486.944237247342244, 1160721.138597179204226 ], [ 1076418.331828102469444, 1160589.54791503585875 ], [ 1076176.288217859575525, 1160476.397414086386561 ], [ 1075938.989454822149128, 1160464.418321814388037 ], [ 1075964.885135961230844, 1160767.016940031200647 ], [ 1076241.148136854171753, 1160961.060950048267841 ] ] ] } },
{ "type": "Feature", "properties": { "fid": 197, "FNODE_": 1576, "TNODE_": 1577, "LPOLY_": 1, "RPOLY_": 1, "LENGTH": 0.059, "BOU2_4M_": 1504, "BOU2_4M_ID": 152, "GBCODE": 26100 }, "geometry": { "type": "MultiLineString", "coordinates": [ [ [ 1081894.96600849670358, 1161251.967618446797132 ], [ 1081746.43271030462347, 1161383.67025601118803 ], [ 1081353.750078646233305, 1161340.176565108820796 ], [ 1081039.430537018692121, 1161503.639005597680807 ], [ 1080901.294923355104402, 1161827.320513049140573 ], [ 1081093.585228276671842, 1162109.131256395950913 ], [ 1080663.103677537990734, 1162382.245897548273206 ], [ 1079812.606155878165737, 1162184.687622349709272 ], [ 1079520.768664393341169, 1161797.689546221867204 ], [ 1079449.685743423877284, 1161541.474587084725499 ], [ 1079416.327604077989236, 1161139.518320253118873 ], [ 1080183.949231212027371, 1161065.348530290648341 ], [ 1080514.002563853980973, 1160999.286202497780323 ], [ 1080826.090746799018234, 1160859.538137847557664 ], [ 1081229.216976972995326, 1160896.217281743884087 ], [ 1081417.978876851964742, 1160913.505443742498755 ], [ 1081575.626302834134549, 1161006.050952116027474 ], [ 1081734.981636350508779, 1161014.38975235261023 ] ] ] } },
{ "type": "Feature", "properties": { "fid": 198, "FNODE_": 1578, "TNODE_": 1579, "LPOLY_": 1, "RPOLY_": 1, "LENGTH": 0.017, "BOU2_4M_": 1505, "BOU2_4M_ID": 154, "GBCODE": 26100 }, "geometry": { "type": "MultiLineString", "coordinates": [ [ [ 1076824.941271438030526, 1160399.42599836550653 ], [ 1077260.405190466670319, 1160679.235092483460903 ], [ 1077342.953503247350454, 1160974.993361912667751 ], [ 1077106.247528578620404, 1161193.714563915506005 ], [ 1076799.573960713110864, 1161286.003119863569736 ], [ 1076389.76667014718987, 1161320.85545090585947 ] ] ] } },
{ "type": "Feature", "properties": { "fid": 199, "FNODE_": 1580, "TNODE_": 1581, "LPOLY_": 1, "RPOLY_": 1, "LENGTH": 0.012, "BOU2_4M_": 1506, "BOU2_4M_ID": 153, "GBCODE": 26100 }, "geometry": { "type": "MultiLineString", "coordinates": [ [ [ 1075618.880265966057777, 1160842.383640345185995 ], [ 1075489.173203447367996, 1160470.320949874818325 ], [ 1075591.685988606885076, 1159927.069288328289986 ], [ 1075891.670549702830613, 1159906.325051996856928 ] ] ] } },
{ "type": "Feature", "properties": { "fid": 200, "FNODE_": 1582, "TNODE_": 1583, "LPOLY_": 1, "RPOLY_": 1, "LENGTH": 0.037, "BOU2_4M_": 1507, "BOU2_4M_ID": 161, "GBCODE": 26100 }, "geometry": { "type": "MultiLineString", "coordinates": [ [ [ 1065069.583218012470752, 1159045.10316364094615 ], [ 1064737.686876334482804, 1158729.53276776894927 ], [ 1064657.891530185937881, 1158410.138731621205807 ], [ 1064778.848177879815921, 1157940.568199859932065 ], [ 1065025.066392557229847, 1157626.505368148908019 ], [ 1065498.40920971869491, 1157789.182081317529082 ], [ 1065820.803365727886558, 1158130.597075378522277 ], [ 1065846.749019304756075, 1158445.194049756973982 ], [ 1065842.687929880805314, 1158805.07095349766314 ], [ 1065712.93272717949003, 1159033.627445459365845 ], [ 1065372.222587812226266, 1159225.25402308255434 ], [ 1065288.0903467789758, 1159259.523936541751027 ] ] ] } },
{ "type": "Feature", "properties": { "fid": 201, "FNODE_": 1584, "TNODE_": 1585, "LPOLY_": 1, "RPOLY_": 1, "LENGTH": 0.007, "BOU2_4M_": 1508, "BOU2_4M_ID": 111, "GBCODE": 26100 }, "geometry": { "type": "MultiLineString", "coordinates": [ [ [ 1057725.791361008770764, 1145301.969028938561678 ], [ 1058041.414705480216071, 1145114.122349174693227 ], [ 1058302.279316241154447, 1144921.442095393314958 ], [ 1058390.545836032135412, 1144833.326531074941158 ] ] ] } },
{ "type": "Feature", "properties": { "fid": 202, "FNODE_": 1586, "TNODE_": 1587, "LPOLY_": 1, "RPOLY_": 1, "LENGTH": 1.165, "BOU2_4M_": 1509, "BOU2_4M_ID": 1001, "GBCODE": 61010 }, "geometry": { "type": "MultiLineString", "coordinates": [ [ [ 1568792.494907657150179, 1203308.80565226636827 ], [ 1571239.767998239723966, 1208622.257384672760963 ], [ 1573324.688309521880001, 1212702.347999379038811 ], [ 1575084.643367922864854, 1217213.345698097720742 ], [ 1576971.302082909736782, 1220794.495893552899361 ], [ 1578238.962672983529046, 1225002.897844534367323 ], [ 1580026.779564475174993, 1229284.512476790696383 ], [ 1581972.591684787301347, 1234301.582472128793597 ], [ 1584045.757495704572648, 1240288.014500122517347 ], [ 1585534.886484253685921, 1244770.340379478409886 ], [ 1587086.369374032597989, 1248787.706257157027721 ], [ 1589185.336949377786368, 1254546.021925613284111 ], [ 1590828.960512971971184, 1259767.667963724583387 ], [ 1592019.205795848509297, 1264451.909623704850674 ], [ 1593495.123890118673444, 1270842.885199852287769 ], [ 1594779.901409131241962, 1274829.817356480285525 ], [ 1596123.9781978209503, 1280254.276737406849861 ], [ 1597498.785564227961004, 1285446.853282054886222 ], [ 1598614.383284145500511, 1290604.515734495595098 ], [ 1599695.238631330430508, 1295997.186786176636815 ], [ 1600396.449396792100742, 1298478.597725234925747 ], [ 1600707.364310057833791, 1301858.427839560434222 ], [ 1601975.969708264106885, 1307758.056943589821458 ], [ 1602410.508705240907148, 1312110.956373436376452 ], [ 1603068.502515845932066, 1316735.125820226967335 ], [ 1603680.809388071997091, 1321236.299955159425735 ] ] ] } },
{ "type": "Feature", "properties": { "fid": 203, "FNODE_": 1588, "TNODE_": 1589, "LPOLY_": 1, "RPOLY_": 1, "LENGTH": 0.008, "BOU2_4M_": 1510, "BOU2_4M_ID": 112, "GBCODE": 26100 }, "geometry": { "type": "MultiLineString", "coordinates": [ [ [ 1058323.550209899432957, 1144371.346036525443196 ], [ 1058267.710991885745898, 1144078.277298253029585 ], [ 1058244.512925572926179, 1143740.199526755139232 ], [ 1058206.392180239548907, 1143544.811075039207935 ] ] ] } },
{ "type": "Feature", "properties": { "fid": 204, "FNODE_": 1590, "TNODE_": 1591, "LPOLY_": 1, "RPOLY_": 1, "LENGTH": 0.01, "BOU2_4M_": 1511, "BOU2_4M_ID": 113, "GBCODE": 26100 }, "geometry": { "type": "MultiLineString", "coordinates": [ [ [ 1058262.919190560234711, 1142901.868486844003201 ], [ 1057916.576843158574775, 1142822.863710545003414 ], [ 1057543.724270378937945, 1142741.530203836038709 ], [ 1057119.178871287265792, 1142631.446529973298311 ] ] ] } },
{ "type": "Feature", "properties": { "fid": 205, "FNODE_": 1592, "TNODE_": 1593, "LPOLY_": 1, "RPOLY_": 1, "LENGTH": 0.037, "BOU2_4M_": 1512, "BOU2_4M_ID": 114, "GBCODE": 26100 }, "geometry": { "type": "MultiLineString", "coordinates": [ [ [ 1056339.514307430479676, 1142537.649688338860869 ], [ 1055837.882772614248097, 1142684.819002309814095 ], [ 1055542.663256927393377, 1142970.410438243299723 ], [ 1055771.439097336260602, 1143446.896257879212499 ], [ 1055789.915049362694845, 1143856.556619852781296 ], [ 1056109.977591201663017, 1144221.209244336932898 ], [ 1056376.600639931857586, 1144605.07680700160563 ], [ 1056528.414398101624101, 1145026.724839337170124 ], [ 1056706.488447139039636, 1145162.658103477209806 ], [ 1056891.128068765858188, 1145227.163814274594188 ], [ 1057180.017640971345827, 1145349.087769886478782 ] ] ] } },
{ "type": "Feature", "properties": { "fid": 206, "FNODE_": 1594, "TNODE_": 1595, "LPOLY_": 1, "RPOLY_": 1, "LENGTH": 0.012, "BOU2_4M_": 1513, "BOU2_4M_ID": 110, "GBCODE": 26100 }, "geometry": { "type": "MultiLineString", "coordinates": [ [ [ 1059073.693087680265307, 1142638.535269597545266 ], [ 1059154.723520777188241, 1142957.815491819754243 ], [ 1059193.269753666361794, 1143129.131649926304817 ], [ 1059099.448509710142389, 1143576.96266283094883 ], [ 1059074.905541184125468, 1143862.620121736079454 ], [ 1059045.333750364137813, 1143883.905096461996436 ] ] ] } },
{ "type": "Feature", "properties": { "fid": 207, "FNODE_": 1596, "TNODE_": 1597, "LPOLY_": 1, "RPOLY_": 1, "LENGTH": 0.069, "BOU2_4M_": 1514, "BOU2_4M_ID": 131, "GBCODE": 26100 }, "geometry": { "type": "MultiLineString", "coordinates": [ [ [ 1153820.618327483534813, 1151730.550109958276153 ], [ 1154023.070012714248151, 1152182.09546585381031 ], [ 1153969.239493246888742, 1152753.269419960677624 ], [ 1154057.199343848740682, 1152977.871130181476474 ], [ 1154181.212257392704487, 1153686.197190288454294 ], [ 1153813.388800299959257, 1154419.505180044099689 ], [ 1152931.613467700546607, 1154263.026280891150236 ], [ 1152588.240818339865655, 1153581.729944230988622 ], [ 1152268.311006938572973, 1152062.230142682790756 ], [ 1151665.999191121431068, 1150948.217233659699559 ], [ 1151663.623911887640134, 1150971.905626548454165 ] ] ] } },
{ "type": "Feature", "properties": { "fid": 208, "FNODE_": 1598, "TNODE_": 1599, "LPOLY_": 1, "RPOLY_": 1, "LENGTH": 0.012, "BOU2_4M_": 1515, "BOU2_4M_ID": 109, "GBCODE": 26100 }, "geometry": { "type": "MultiLineString", "coordinates": [ [ [ 1057180.017112810863182, 1141940.914919359609485 ], [ 1057405.664216332137585, 1141841.036265205591917 ], [ 1058042.310367268975824, 1142018.163161089643836 ], [ 1058466.891939883120358, 1142128.080706339329481 ], [ 1058464.699739315081388, 1142151.886547520756721 ] ] ] } },
{ "type": "Feature", "properties": { "fid": 209, "FNODE_": 1600, "TNODE_": 1601, "LPOLY_": 1, "RPOLY_": 1, "LENGTH": 0.108, "BOU2_4M_": 1516, "BOU2_4M_ID": 108, "GBCODE": 26100 }, "geometry": { "type": "MultiLineString", "coordinates": [ [ [ 1059378.208323842147365, 1144417.808489397168159 ], [ 1059372.680347824469209, 1144777.265554405748844 ], [ 1059001.570034878328443, 1145296.223784290254116 ], [ 1058446.775721432641149, 1145750.460628656670451 ], [ 1057671.245530485641211, 1146233.137088064104319 ], [ 1056893.799816973740235, 1146427.637643996626139 ], [ 1056104.708491850411519, 1145828.891416218131781 ], [ 1055816.882238246966153, 1145395.031316682696342 ], [ 1055214.481376719661057, 1144837.25089150480926 ], [ 1054307.641914135310799, 1143724.067182259634137 ], [ 1053976.69712943630293, 1143166.607088182121515 ], [ 1053563.253175438847393, 1142313.618428090587258 ], [ 1053979.310848098481074, 1141894.825197519734502 ], [ 1054485.310997628839687, 1141699.968142215162516 ], [ 1054983.454683078918606, 1141600.639758728444576 ], [ 1055768.87114951829426, 1141622.745575370267034 ], [ 1056031.797536429483443, 1141718.12163688801229 ], [ 1056429.876113769132644, 1141825.825316671282053 ], [ 1056427.688167549669743, 1141849.631397588178515 ] ] ] } },
{ "type": "Feature", "properties": { "fid": 210, "FNODE_": 1602, "TNODE_": 1603, "LPOLY_": 1, "RPOLY_": 1, "LENGTH": 0.01, "BOU2_4M_": 1517, "BOU2_4M_ID": 130, "GBCODE": 26100 }, "geometry": { "type": "MultiLineString", "coordinates": [ [ [ 1153345.414285284932703, 1150124.198568666353822 ], [ 1153393.480370798148215, 1150489.009000344201922 ], [ 1153613.319270357489586, 1150750.150213956832886 ], [ 1153654.609434311045334, 1150898.255437916144729 ], [ 1153555.149135768646374, 1151080.776228811591864 ], [ 1153552.760066234273836, 1151104.562857480719686 ] ] ] } },
{ "type": "Feature", "properties": { "fid": 211, "FNODE_": 1604, "TNODE_": 1605, "LPOLY_": 1, "RPOLY_": 1, "LENGTH": 0.029, "BOU2_4M_": 1518, "BOU2_4M_ID": 129, "GBCODE": 26100 }, "geometry": { "type": "MultiLineString", "coordinates": [ [ [ 1151165.23760402132757, 1150492.068729976192117 ], [ 1150938.538019801024348, 1150014.166645521298051 ], [ 1150971.630316213937476, 1149657.211699038743973 ], [ 1151074.056028111837804, 1149426.932928331196308 ], [ 1151514.023498282535002, 1149084.850909547880292 ], [ 1151794.433486475609243, 1148991.54878056421876 ], [ 1152117.682613895507529, 1149022.36920091509819 ], [ 1152450.089686886407435, 1149246.308683322742581 ], [ 1152840.251324111130089, 1149427.709457997232676 ], [ 1152835.487113604322076, 1149475.180283529683948 ] ] ] } },
{ "type": "Feature", "properties": { "fid": 212, "FNODE_": 1606, "TNODE_": 1607, "LPOLY_": 1, "RPOLY_": 1, "LENGTH": 0.012, "BOU2_4M_": 1519, "BOU2_4M_ID": 127, "GBCODE": 26100 }, "geometry": { "type": "MultiLineString", "coordinates": [ [ [ 1147375.245132447918877, 1148593.871524926275015 ], [ 1146749.22877273731865, 1148318.15178593993187 ], [ 1146918.210732203908265, 1147974.090738555416465 ], [ 1147075.935446026967838, 1147725.000500923022628 ] ] ] } },
{ "type": "Feature", "properties": { "fid": 213, "FNODE_": 1608, "TNODE_": 1609, "LPOLY_": 1, "RPOLY_": 1, "LENGTH": 0.013, "BOU2_4M_": 1520, "BOU2_4M_ID": 128, "GBCODE": 26100 }, "geometry": { "type": "MultiLineString", "coordinates": [ [ [ 1147499.437386356061324, 1147261.150156999006867 ], [ 1147894.485148351173848, 1147394.803805980831385 ], [ 1148036.507904777303338, 1147624.389426175504923 ], [ 1148287.765655074734241, 1147840.476971693336964 ], [ 1148228.260461034718901, 1148194.960010847076774 ], [ 1148223.505962067982182, 1148242.529456753283739 ] ] ] } },
{ "type": "Feature", "properties": { "fid": 214, "FNODE_": 1610, "TNODE_": 1611, "LPOLY_": 1, "RPOLY_": 1, "LENGTH": 0.07, "BOU2_4M_": 1521, "BOU2_4M_ID": 61131, "GBCODE": 26080 }, "geometry": { "type": "MultiLineString", "coordinates": [ [ [ 1366629.975201555993408, 1169618.781039766967297 ], [ 1367407.736160775413737, 1171137.937227541580796 ], [ 1368845.177452842704952, 1172450.752047196030617 ], [ 1372833.438281369162723, 1173783.668668698519468 ] ] ] } },
{ "type": "Feature", "properties": { "fid": 215, "FNODE_": 1612, "TNODE_": 1613, "LPOLY_": 1, "RPOLY_": 1, "LENGTH": 0.078, "BOU2_4M_": 1522, "BOU2_4M_ID": 146, "GBCODE": 26100 }, "geometry": { "type": "MultiLineString", "coordinates": [ [ [ 1257866.034835676662624, 1159299.219874767586589 ], [ 1257905.586601560935378, 1158775.452154779806733 ], [ 1258255.899298147298396, 1158258.7241540402174 ], [ 1259078.734056667191908, 1157910.569083176553249 ], [ 1259859.924009590409696, 1157438.088031286373734 ], [ 1260398.829751030774787, 1157205.13514843955636 ], [ 1261035.959224334917963, 1157654.918034737929702 ], [ 1261163.159620470833033, 1158268.503814727067947 ], [ 1260599.064578655408695, 1159291.769567653536797 ], [ 1259896.111796896671876, 1159531.87077708542347 ], [ 1259280.429378673899919, 1159709.053631227463484 ], [ 1258309.608033028896898, 1159633.303448442369699 ], [ 1258155.710646711289883, 1159612.340415526181459 ] ] ] } },
{ "type": "Feature", "properties": { "fid": 216, "FNODE_": 1614, "TNODE_": 1614, "LPOLY_": 866, "RPOLY_": 1, "LENGTH": 0.028, "BOU2_4M_": 1523, "BOU2_4M_ID": 26010, "GBCODE": 26010 }, "geometry": { "type": "MultiLineString", "coordinates": [ [ [ 1257574.53882426652126, 1156069.177577095106244 ], [ 1257534.791156750870869, 1156350.530037710443139 ], [ 1257391.40130865201354, 1156640.785834230482578 ], [ 1257077.179820194840431, 1156738.356073759496212 ], [ 1256860.897415264742449, 1156716.070908084511757 ], [ 1256369.52213406492956, 1156539.977859476581216 ], [ 1256464.831900243181735, 1156158.558520458638668 ], [ 1257336.219237262150273, 1156076.792077476158738 ], [ 1257574.53882426652126, 1156069.177577095106244 ] ] ] } },
{ "type": "Feature", "properties": { "fid": 217, "FNODE_": 1615, "TNODE_": 1616, "LPOLY_": 1, "RPOLY_": 1, "LENGTH": 0.11, "BOU2_4M_": 1524, "BOU2_4M_ID": 145, "GBCODE": 26100 }, "geometry": { "type": "MultiLineString", "coordinates": [ [ [ 1255318.499893464148045, 1157717.915951216593385 ], [ 1255000.638959711184725, 1156820.510063625872135 ], [ 1255100.553748456761241, 1156086.238371564075351 ], [ 1255525.364708474138752, 1155360.987896036356688 ], [ 1256468.106837169500068, 1154904.913400139659643 ], [ 1257529.052464210428298, 1154365.014883160591125 ], [ 1258065.420209151227027, 1154155.750211356207728 ], [ 1258611.012305208481848, 1154139.534487895667553 ], [ 1259168.87039212253876, 1154557.096954740583897 ], [ 1259402.731953987618908, 1155469.639686083421111 ], [ 1257949.510496895993128, 1157242.44152320548892 ], [ 1257296.004664762178436, 1157511.739633256569505 ], [ 1256462.470012358389795, 1157623.793181650340557 ], [ 1256025.444272468797863, 1157677.426321301609278 ], [ 1255808.087157500442117, 1157714.10269601456821 ] ] ] } },
{ "type": "Feature", "properties": { "fid": 218, "FNODE_": 1617, "TNODE_": 1618, "LPOLY_": 1, "RPOLY_": 1, "LENGTH": 0.087, "BOU2_4M_": 1525, "BOU2_4M_ID": 61132, "GBCODE": 26080 }, "geometry": { "type": "MultiLineString", "coordinates": [ [ [ 1375372.98765809298493, 1171234.792471770197153 ], [ 1375226.226297995308414, 1169790.705111527815461 ], [ 1374136.403610801324248, 1168233.700076665729284 ], [ 1371472.923401417210698, 1166488.673693874850869 ], [ 1369269.3517876570113, 1166225.405268855392933 ], [ 1368358.868499986361712, 1165831.575255831703544 ] ] ] } },
{ "type": "Feature", "properties": { "fid": 219, "FNODE_": 1619, "TNODE_": 1620, "LPOLY_": 1, "RPOLY_": 1, "LENGTH": 0.008, "BOU2_4M_": 1526, "BOU2_4M_ID": 126, "GBCODE": 26100 }, "geometry": { "type": "MultiLineString", "coordinates": [ [ [ 1112281.222659403225407, 1136649.880608227103949 ], [ 1111887.115569935413077, 1136805.196673167869449 ], [ 1111395.770746110472828, 1136831.604924904182553 ], [ 1111422.291198896244168, 1136834.068462146446109 ] ] ] } },
{ "type": "Feature", "properties": { "fid": 220, "FNODE_": 1621, "TNODE_": 1622, "LPOLY_": 1, "RPOLY_": 1, "LENGTH": 0.082, "BOU2_4M_": 1527, "BOU2_4M_ID": 61123, "GBCODE": 26080 }, "geometry": { "type": "MultiLineString", "coordinates": [ [ [ 1483179.947238464839756, 1185226.030869649723172 ], [ 1485110.827228114474565, 1184805.256302511319518 ], [ 1486715.970907280687243, 1184007.017582571133971 ], [ 1487299.813123216386884, 1182405.312677880749106 ], [ 1487513.993191940011457, 1180755.867870237678289 ], [ 1487358.364163157297298, 1179058.564145240932703 ] ] ] } },
{ "type": "Feature", "properties": { "fid": 221, "FNODE_": 1623, "TNODE_": 1624, "LPOLY_": 1, "RPOLY_": 1, "LENGTH": 0.007, "BOU2_4M_": 1528, "BOU2_4M_ID": 125, "GBCODE": 26100 }, "geometry": { "type": "MultiLineString", "coordinates": [ [ [ 1111447.398310190765187, 1136260.499677428975701 ], [ 1111725.336950128432363, 1136190.454136785119772 ], [ 1112215.303556981729344, 1136187.830518273636699 ], [ 1112210.694137427257374, 1136235.491451021283865 ] ] ] } },
{ "type": "Feature", "properties": { "fid": 222, "FNODE_": 1625, "TNODE_": 1626, "LPOLY_": 1, "RPOLY_": 1, "LENGTH": 0.071, "BOU2_4M_": 1529, "BOU2_4M_ID": 61124, "GBCODE": 26080 }, "geometry": { "type": "MultiLineString", "coordinates": [ [ [ 1483964.640979533316568, 1176270.935418667271733 ], [ 1483183.071586447535083, 1176505.104363158345222 ], [ 1482316.202855027280748, 1177399.011981235817075 ], [ 1481323.25780000211671, 1179282.893885193392634 ], [ 1481195.299023199826479, 1180272.576321868225932 ], [ 1481067.333173678023741, 1181262.313450774177909 ], [ 1481264.60361247882247, 1182629.720986992120743 ] ] ] } },
{ "type": "Feature", "properties": { "fid": 223, "FNODE_": 1627, "TNODE_": 1628, "LPOLY_": 1, "RPOLY_": 1, "LENGTH": 0.007, "BOU2_4M_": 1530, "BOU2_4M_ID": 124, "GBCODE": 26100 }, "geometry": { "type": "MultiLineString", "coordinates": [ [ [ 1111768.099271726096049, 1133939.197716496884823 ], [ 1111527.953818453243002, 1134180.792433775961399 ], [ 1111114.688729037763551, 1134238.261043701320887 ], [ 1111087.268870179541409, 1134235.811487380415201 ] ] ] } },
{ "type": "Feature", "properties": { "fid": 224, "FNODE_": 1629, "TNODE_": 1630, "LPOLY_": 1, "RPOLY_": 1, "LENGTH": 0.009, "BOU2_4M_": 1531, "BOU2_4M_ID": 123, "GBCODE": 26100 }, "geometry": { "type": "MultiLineString", "coordinates": [ [ [ 1110641.396740194875747, 1133762.534453094005585 ], [ 1110974.882325122831389, 1133385.744108606129885 ], [ 1111496.066605229163542, 1133338.201566375792027 ] ] ] } },
{ "type": "Feature", "properties": { "fid": 225, "FNODE_": 1631, "TNODE_": 1632, "LPOLY_": 1, "RPOLY_": 1, "LENGTH": 0.016, "BOU2_4M_": 1532, "BOU2_4M_ID": 115, "GBCODE": 26100 }, "geometry": { "type": "MultiLineString", "coordinates": [ [ [ 1086941.53454943629913, 1130140.798575922846794 ], [ 1086343.559176323469728, 1129822.391172204166651 ], [ 1085856.121918376768008, 1129514.053772127255797 ], [ 1085736.459144346415997, 1129023.612336367368698 ] ] ] } },
{ "type": "Feature", "properties": { "fid": 226, "FNODE_": 1633, "TNODE_": 1634, "LPOLY_": 1, "RPOLY_": 1, "LENGTH": 0.01, "BOU2_4M_": 1533, "BOU2_4M_ID": 122, "GBCODE": 26100 }, "geometry": { "type": "MultiLineString", "coordinates": [ [ [ 1107377.829681476810947, 1130797.284839181229472 ], [ 1106823.183453189209104, 1130913.778876401484013 ], [ 1106424.958048884756863, 1130804.98254114203155 ], [ 1106290.518164173699915, 1130792.552914993837476 ], [ 1106263.099673580843955, 1130790.016171157360077 ] ] ] } },
{ "type": "Feature", "properties": { "fid": 227, "FNODE_": 1635, "TNODE_": 1635, "LPOLY_": 867, "RPOLY_": 1, "LENGTH": 0.027, "BOU2_4M_": 1534, "BOU2_4M_ID": 26010, "GBCODE": 26010 }, "geometry": { "type": "MultiLineString", "coordinates": [ [ [ 1255797.919596462277696, 1146094.975500404834747 ], [ 1255909.248715755529702, 1146343.535414477810264 ], [ 1255733.806734700454399, 1146673.420094180852175 ], [ 1255339.91235932870768, 1146860.295320982113481 ], [ 1254996.692867878824472, 1146673.344342637807131 ], [ 1254822.368423361098394, 1146543.335092078894377 ], [ 1255122.276962700998411, 1146104.403218325227499 ], [ 1255459.073958840453997, 1145916.872183443978429 ], [ 1255797.919596462277696, 1146094.975500404834747 ] ] ] } },
{ "type": "Feature", "properties": { "fid": 228, "FNODE_": 1636, "TNODE_": 1637, "LPOLY_": 1, "RPOLY_": 1, "LENGTH": 0.014, "BOU2_4M_": 1535, "BOU2_4M_ID": 116, "GBCODE": 26100 }, "geometry": { "type": "MultiLineString", "coordinates": [ [ [ 1086514.318343180697411, 1128542.92961809784174 ], [ 1086962.196242318721488, 1128703.689450329169631 ], [ 1087262.120451267343014, 1128994.938282981514931 ], [ 1087513.936401830986142, 1129209.775684885680676 ], [ 1087600.264178398763761, 1129457.462137021124363 ], [ 1087592.15783823817037, 1129552.667151914909482 ] ] ] } },
{ "type": "Feature", "properties": { "fid": 229, "FNODE_": 1638, "TNODE_": 1639, "LPOLY_": 1, "RPOLY_": 1, "LENGTH": 0.012, "BOU2_4M_": 1536, "BOU2_4M_ID": 121, "GBCODE": 26100 }, "geometry": { "type": "MultiLineString", "coordinates": [ [ [ 1106128.310902804834768, 1130177.868628777563572 ], [ 1106583.328942090040073, 1129956.182237962260842 ], [ 1107094.052549733314663, 1130027.612516993656754 ], [ 1107323.579635738162324, 1130192.673381581902504 ], [ 1107321.291601715376601, 1130216.448322592303157 ] ] ] } },
{ "type": "Feature", "properties": { "fid": 230, "FNODE_": 1640, "TNODE_": 1641, "LPOLY_": 1, "RPOLY_": 1, "LENGTH": 0.098, "BOU2_4M_": 1537, "BOU2_4M_ID": 144, "GBCODE": 26100 }, "geometry": { "type": "MultiLineString", "coordinates": [ [ [ 1253632.915452060289681, 1146578.303736992180347 ], [ 1253628.528224382083863, 1146307.333922613412142 ], [ 1253700.512012362014502, 1146073.414244875311852 ], [ 1253912.225436454406008, 1145590.745062105357647 ], [ 1254174.364540099864826, 1145137.422592639923096 ], [ 1254823.377281295368448, 1144627.559313958510756 ], [ 1255362.667876810999587, 1144394.561277544125915 ], [ 1255988.277050298638642, 1144410.480855016037822 ], [ 1256614.452182128094137, 1144666.455509208142757 ], [ 1256983.787353180814534, 1145064.451270092278719 ], [ 1257325.721021857345477, 1145459.470484877005219 ], [ 1257467.289282514946535, 1145954.115262405946851 ], [ 1257239.016037882305682, 1146603.022702055051923 ], [ 1256799.789087794022635, 1146918.094200853258371 ], [ 1256157.660463958512992, 1147356.773539831861854 ], [ 1255621.681868399493396, 1147830.131505375728011 ], [ 1254225.578081059036776, 1147639.544488277286291 ], [ 1253651.030313187045977, 1147124.664936523884535 ] ] ] } },
{ "type": "Feature", "properties": { "fid": 231, "FNODE_": 1642, "TNODE_": 1643, "LPOLY_": 1, "RPOLY_": 1, "LENGTH": 0.053, "BOU2_4M_": 1538, "BOU2_4M_ID": 117, "GBCODE": 26100 }, "geometry": { "type": "MultiLineString", "coordinates": [ [ [ 1084695.354702192125842, 1128209.075038569048047 ], [ 1084007.135034310398623, 1127378.930850373581052 ], [ 1083743.460879712831229, 1126995.253564015030861 ], [ 1083470.714238917222247, 1126394.940365921705961 ], [ 1083349.555373044218868, 1125928.261675491929054 ], [ 1083514.490980295231566, 1125607.563215702772141 ], [ 1084059.177715339465067, 1125585.193592755123973 ], [ 1084186.479311199858785, 1125692.734567604959011 ], [ 1084508.625537452055141, 1126033.82712241820991 ], [ 1084687.651171856792644, 1126170.039260618388653 ], [ 1084908.555510443169624, 1126429.94554734788835 ], [ 1085053.416881161276251, 1126635.01218593865633 ], [ 1085269.866370455827564, 1127254.253752017393708 ], [ 1085267.614866917021573, 1127278.130612844601274 ] ] ] } },
{ "type": "Feature", "properties": { "fid": 232, "FNODE_": 1644, "TNODE_": 1645, "LPOLY_": 1, "RPOLY_": 1, "LENGTH": 0.008, "BOU2_4M_": 1539, "BOU2_4M_ID": 120, "GBCODE": 26100 }, "geometry": { "type": "MultiLineString", "coordinates": [ [ [ 1099573.23221688112244, 1126311.137104485183954 ], [ 1099234.391094404272735, 1126447.792984561994672 ], [ 1098723.48259093426168, 1126376.813619997352362 ], [ 1098721.222703399136662, 1126400.487744484096766 ] ] ] } },
{ "type": "Feature", "properties": { "fid": 233, "FNODE_": 1646, "TNODE_": 1647, "LPOLY_": 1, "RPOLY_": 1, "LENGTH": 0.008, "BOU2_4M_": 1540, "BOU2_4M_ID": 119, "GBCODE": 26100 }, "geometry": { "type": "MultiLineString", "coordinates": [ [ [ 1098478.865014847368002, 1125778.826018188148737 ], [ 1099307.149541011545807, 1125639.21638866327703 ], [ 1099275.187861359445378, 1125684.140913043171167 ] ] ] } },
{ "type": "Feature", "properties": { "fid": 234, "FNODE_": 1648, "TNODE_": 1648, "LPOLY_": 868, "RPOLY_": 1, "LENGTH": 0.017, "BOU2_4M_": 1541, "BOU2_4M_ID": 26010, "GBCODE": 26010 }, "geometry": { "type": "MultiLineString", "coordinates": [ [ [ 1094707.176250222604722, 1124649.031967826187611 ], [ 1094838.364693989045918, 1124348.985776266083121 ], [ 1095066.738528252579272, 1124341.147205715999007 ], [ 1095362.233187390491366, 1124444.105232648551464 ], [ 1095434.69477483513765, 1124695.744270954281092 ], [ 1095162.75951271946542, 1124823.745315311476588 ], [ 1094867.157527281204239, 1124740.785382330417633 ], [ 1094707.176250222604722, 1124649.031967826187611 ] ] ] } },
{ "type": "Feature", "properties": { "fid": 235, "FNODE_": 1649, "TNODE_": 1650, "LPOLY_": 1, "RPOLY_": 1, "LENGTH": 0.028, "BOU2_4M_": 1542, "BOU2_4M_ID": 118, "GBCODE": 26100 }, "geometry": { "type": "MultiLineString", "coordinates": [ [ [ 1095450.792141442652792, 1124085.670854145660996 ], [ 1095881.76977936597541, 1124125.195533500984311 ], [ 1096120.593930643750355, 1124195.20798622071743 ], [ 1096166.689606668660417, 1124582.983218127861619 ], [ 1095630.108866744441912, 1125109.184155415743589 ], [ 1095295.835953694302589, 1125198.206570779904723 ], [ 1094778.96588981593959, 1125198.804530642926693 ], [ 1094391.771559429820627, 1124971.481873072683811 ], [ 1094389.511519702151418, 1124995.254204342141747 ] ] ] } },
{ "type": "Feature", "properties": { "fid": 236, "FNODE_": 1651, "TNODE_": 1652, "LPOLY_": 1, "RPOLY_": 1, "LENGTH": 0.292, "BOU2_4M_": 1543, "BOU2_4M_ID": 61129, "GBCODE": 26080 }, "geometry": { "type": "MultiLineString", "coordinates": [ [ [ 1415727.152544383890927, 1167586.911223294213414 ], [ 1420132.837564122863114, 1168131.612528864294291 ], [ 1422614.920791749376804, 1168724.520973788574338 ], [ 1426321.08021650929004, 1169755.582692993804812 ], [ 1432647.50267560663633, 1170258.97044176235795 ], [ 1437578.021412275033072, 1169163.99491841904819 ], [ 1440307.288797057932243, 1167794.391518160700798 ], [ 1441742.332349606091157, 1166548.122199112549424 ], [ 1443074.887776885880157, 1163577.617261290550232 ], [ 1443357.440016774227843, 1161331.251833878457546 ], [ 1443672.247404700610787, 1161370.853173714131117 ] ] ] } },
{ "type": "Feature", "properties": { "fid": 237, "FNODE_": 1653, "TNODE_": 1654, "LPOLY_": 1, "RPOLY_": 1, "LENGTH": 0.069, "BOU2_4M_": 1544, "BOU2_4M_ID": 61134, "GBCODE": 26080 }, "geometry": { "type": "MultiLineString", "coordinates": [ [ [ 1297976.456334179965779, 1139422.911975299939513 ], [ 1297817.753013902110979, 1140828.644856080412865 ], [ 1297659.037183556472883, 1142234.488522820174694 ], [ 1298382.65183391654864, 1144309.597433803603053 ], [ 1300116.062157508917153, 1145929.740461992099881 ] ] ] } },
{ "type": "Feature", "properties": { "fid": 238, "FNODE_": 1655, "TNODE_": 1656, "LPOLY_": 1, "RPOLY_": 1, "LENGTH": 0.301, "BOU2_4M_": 1545, "BOU2_4M_ID": 61130, "GBCODE": 26080 }, "geometry": { "type": "MultiLineString", "coordinates": [ [ [ 1442836.501840779092163, 1157843.398105913773179 ], [ 1441997.573818793520331, 1156882.528819654136896 ], [ 1437938.56206895573996, 1156088.193398367613554 ], [ 1434402.104909613030031, 1156216.069516183808446 ], [ 1430097.812797270016745, 1157389.832429505884647 ], [ 1424603.7913790398743, 1157847.291962450370193 ], [ 1420370.936194703681394, 1158463.355417408049107 ], [ 1415788.296388631220907, 1159322.938429433852434 ], [ 1412431.291511865332723, 1160620.268390759825706 ], [ 1410895.599465065635741, 1162712.871769245713949 ], [ 1411211.250654877861962, 1162751.691002696752548 ] ] ] } },
{ "type": "Feature", "properties": { "fid": 239, "FNODE_": 1657, "TNODE_": 1658, "LPOLY_": 1, "RPOLY_": 1, "LENGTH": 0.073, "BOU2_4M_": 1546, "BOU2_4M_ID": 61133, "GBCODE": 26080 }, "geometry": { "type": "MultiLineString", "coordinates": [ [ [ 1304593.037571816705167, 1145867.592851899564266 ], [ 1304720.745539540890604, 1144742.772864535450935 ], [ 1304912.292404499836266, 1143055.675734771415591 ], [ 1304441.197782268514857, 1141578.343168880790472 ], [ 1303339.14983987971209, 1140029.609625933691859 ], [ 1301794.003544168546796, 1139569.855451766401529 ] ] ] } },
{ "type": "Feature", "properties": { "fid": 240, "FNODE_": 1659, "TNODE_": 1660, "LPOLY_": 1, "RPOLY_": 1, "LENGTH": 0.066, "BOU2_4M_": 1547, "BOU2_4M_ID": 142, "GBCODE": 26100 }, "geometry": { "type": "MultiLineString", "coordinates": [ [ [ 1254466.828041646629572, 1127099.058785850182176 ], [ 1254820.087952604517341, 1126559.535151515156031 ], [ 1255138.183663450879976, 1126088.30458601936698 ], [ 1255882.363511111587286, 1125444.785540357232094 ], [ 1256578.453384334919974, 1125299.973107695579529 ], [ 1257109.523220189381391, 1125977.882579917088151 ], [ 1257225.024938702583313, 1126469.224179869517684 ], [ 1255880.005179741885513, 1127123.405072323977947 ], [ 1254332.182165143080056, 1127349.104821296408772 ] ] ] } },
{ "type": "Feature", "properties": { "fid": 241, "FNODE_": 1661, "TNODE_": 1662, "LPOLY_": 1, "RPOLY_": 1, "LENGTH": 0.072, "BOU2_4M_": 1548, "BOU2_4M_ID": 143, "GBCODE": 26100 }, "geometry": { "type": "MultiLineString", "coordinates": [ [ [ 1247248.617291931994259, 1123679.62982140108943 ], [ 1247528.493949591415003, 1123707.066448859870434 ], [ 1248117.414032962871715, 1123814.908676022663713 ], [ 1248734.597649297211319, 1123901.452086081728339 ], [ 1249495.920669283252209, 1124482.532072519883513 ], [ 1249810.533715754980221, 1124874.170582383871078 ], [ 1250132.036084958119318, 1125482.370205074548721 ], [ 1249777.295574720483273, 1126045.836600201204419 ], [ 1248988.748555463273078, 1125749.822585623711348 ], [ 1248087.876787104411051, 1125226.593560004606843 ], [ 1247473.208338015247136, 1124828.466066239401698 ], [ 1247060.494760586880147, 1124160.302493428811431 ], [ 1246990.493619893211871, 1123831.495788175612688 ] ] ] } },
{ "type": "Feature", "properties": { "fid": 242, "FNODE_": 1663, "TNODE_": 1664, "LPOLY_": 1, "RPOLY_": 1, "LENGTH": 0.087, "BOU2_4M_": 1549, "BOU2_4M_ID": 139, "GBCODE": 26100 }, "geometry": { "type": "MultiLineString", "coordinates": [ [ [ 1245944.914807038614526, 1122559.01752894744277 ], [ 1246018.972999561345205, 1121899.460121314972639 ], [ 1245804.491343803238124, 1121589.916883572936058 ], [ 1245817.232025420293212, 1121447.332760328426957 ], [ 1245677.058821574319154, 1120665.88199819251895 ], [ 1245809.656139796832576, 1120151.898531451821327 ], [ 1246066.495065860450268, 1119482.738123033195734 ], [ 1246584.234863610006869, 1119199.608665509149432 ], [ 1247039.755008987849578, 1119557.519278617575765 ], [ 1247235.757562873186544, 1120608.306506501510739 ], [ 1247536.209123136242852, 1121429.940015001222491 ], [ 1247761.000207263045013, 1121908.392531227320433 ], [ 1247677.189370510634035, 1122475.285851771011949 ], [ 1246970.231301716296002, 1123026.863980546593666 ], [ 1246055.513683224096894, 1122910.108490156009793 ], [ 1245978.299820187035948, 1122854.358418980613351 ] ] ] } },
{ "type": "Feature", "properties": { "fid": 243, "FNODE_": 1665, "TNODE_": 1666, "LPOLY_": 1, "RPOLY_": 1, "LENGTH": 0.043, "BOU2_4M_": 1550, "BOU2_4M_ID": 140, "GBCODE": 26100 }, "geometry": { "type": "MultiLineString", "coordinates": [ [ [ 1248780.188812169246376, 1117957.57877210713923 ], [ 1249021.567094320897013, 1117697.176361074671149 ], [ 1249767.641096000792459, 1117581.113228043541312 ], [ 1250464.155896976357326, 1117723.794002704322338 ], [ 1250783.226565193617716, 1118068.007327392697334 ], [ 1250368.23655300703831, 1118409.373092051595449 ], [ 1249244.050360119668767, 1118750.565013626590371 ], [ 1248963.521508066682145, 1118480.241075554862618 ], [ 1248709.566750768106431, 1118096.844080740585923 ] ] ] } },
{ "type": "Feature", "properties": { "fid": 244, "FNODE_": 1667, "TNODE_": 1668, "LPOLY_": 1, "RPOLY_": 1, "LENGTH": 0.077, "BOU2_4M_": 1551, "BOU2_4M_ID": 141, "GBCODE": 26100 }, "geometry": { "type": "MultiLineString", "coordinates": [ [ [ 1253623.021830543642864, 1116933.705746233463287 ], [ 1253971.389824996469542, 1116860.242005191743374 ], [ 1254309.838426904054359, 1116845.031911570578814 ], [ 1255037.179085440235212, 1117206.737652262672782 ], [ 1255532.003520830767229, 1117712.669447476044297 ], [ 1255997.502882803557441, 1118791.012697275727987 ], [ 1256242.657442728290334, 1119343.367100490257144 ], [ 1255634.580086055677384, 1119712.890546152368188 ], [ 1253965.835977309383452, 1118943.337663801386952 ], [ 1253485.614726114552468, 1118295.086931634694338 ], [ 1253245.447920464212075, 1117143.950965866446495 ] ] ] } },
{ "type": "Feature", "properties": { "fid": 245, "FNODE_": 1669, "TNODE_": 1670, "LPOLY_": 1, "RPOLY_": 1, "LENGTH": 0.052, "BOU2_4M_": 1552, "BOU2_4M_ID": 103, "GBCODE": 26100 }, "geometry": { "type": "MultiLineString", "coordinates": [ [ [ 1115178.16810618294403, 1098278.71598500199616 ], [ 1115291.683736126171425, 1098196.859660787507892 ], [ 1115972.681389768142253, 1098188.263894040137529 ], [ 1116374.324932073242962, 1098273.532024381682277 ], [ 1116717.779277415014803, 1098377.433610962703824 ], [ 1117000.613304204074666, 1098571.289297601208091 ], [ 1117169.730406525311992, 1098802.645847486332059 ], [ 1117226.337746381759644, 1099382.521007776260376 ], [ 1117141.034836768405512, 1099422.467313276603818 ], [ 1116636.644918750971556, 1099567.060946580022573 ], [ 1115773.713286513695493, 1099486.752243489027023 ], [ 1115410.180221212562174, 1099285.412336127832532 ], [ 1115035.214837615378201, 1098915.207786636427045 ], [ 1114872.921452804468572, 1098612.881427003070712 ], [ 1115041.225689420709386, 1098445.573081327602267 ] ] ] } },
{ "type": "Feature", "properties": { "fid": 246, "FNODE_": 1671, "TNODE_": 1672, "LPOLY_": 1, "RPOLY_": 1, "LENGTH": 0.014, "BOU2_4M_": 1553, "BOU2_4M_ID": 106, "GBCODE": 26100 }, "geometry": { "type": "MultiLineString", "coordinates": [ [ [ 1097922.765380608849227, 1094796.588897306472063 ], [ 1097525.387761065270752, 1094975.606286097317934 ], [ 1096996.801100698066875, 1095094.670066872611642 ], [ 1096641.8508986372035, 1095110.023996965959668 ], [ 1096548.517430349718779, 1094933.826290482655168 ], [ 1096517.391041385708377, 1094978.861872028559446 ] ] ] } },
{ "type": "Feature", "properties": { "fid": 247, "FNODE_": 1673, "TNODE_": 1674, "LPOLY_": 1, "RPOLY_": 1, "LENGTH": 0.011, "BOU2_4M_": 1554, "BOU2_4M_ID": 105, "GBCODE": 26100 }, "geometry": { "type": "MultiLineString", "coordinates": [ [ [ 1096319.866666429443285, 1094458.018172780051827 ], [ 1096700.110309818992391, 1094157.806654943153262 ], [ 1097167.849320165580139, 1094104.886370297521353 ], [ 1097385.697835845639929, 1094101.054455021396279 ], [ 1097410.956665066769347, 1094127.202899137511849 ] ] ] } },
{ "type": "Feature", "properties": { "fid": 248, "FNODE_": 1675, "TNODE_": 1675, "LPOLY_": 1, "RPOLY_": 869, "LENGTH": 0.017, "BOU2_4M_": 1555, "BOU2_4M_ID": 26010, "GBCODE": 26010 }, "geometry": { "type": "MultiLineString", "coordinates": [ [ [ 1104785.307722933823243, 1094893.711327265948057 ], [ 1105065.565719007747248, 1094696.273513108491898 ], [ 1105039.277589804492891, 1094466.013498686254025 ], [ 1104775.037183929234743, 1094243.581855677068233 ], [ 1104437.668972564395517, 1094420.453664820641279 ], [ 1104554.128118914784864, 1094681.299982860684395 ], [ 1104785.307722933823243, 1094893.711327265948057 ] ] ] } },
{ "type": "Feature", "properties": { "fid": 249, "FNODE_": 1676, "TNODE_": 1676, "LPOLY_": 1, "RPOLY_": 870, "LENGTH": 0.018, "BOU2_4M_": 1556, "BOU2_4M_ID": 26010, "GBCODE": 26010 }, "geometry": { "type": "MultiLineString", "coordinates": [ [ [ 1090825.446543652564287, 1092891.649857919663191 ], [ 1091008.906686316477135, 1093043.310704139992595 ], [ 1091364.674017776269466, 1093246.734542105346918 ], [ 1091522.21143931732513, 1093218.113597327843308 ], [ 1091599.326780409319326, 1092998.882677149027586 ], [ 1091505.350472656311467, 1092837.98900954797864 ], [ 1091185.034580818377435, 1092694.943609297275543 ], [ 1090891.127869144547731, 1092812.21647210046649 ], [ 1090825.446543652564287, 1092891.649857919663191 ] ] ] } },
{ "type": "Feature", "properties": { "fid": 250, "FNODE_": 1677, "TNODE_": 1678, "LPOLY_": 1, "RPOLY_": 1, "LENGTH": 0.043, "BOU2_4M_": 1557, "BOU2_4M_ID": 104, "GBCODE": 26100 }, "geometry": { "type": "MultiLineString", "coordinates": [ [ [ 1103952.661856244318187, 1094681.187676521018147 ], [ 1103959.697853221092373, 1094298.814235346391797 ], [ 1104041.553863409906626, 1093995.144979571923614 ], [ 1104561.452629629056901, 1093660.063747599720955 ], [ 1104843.432568722171709, 1093566.428981112316251 ], [ 1105233.028802371118218, 1093769.95465026050806 ], [ 1105429.95877101062797, 1094003.630409335717559 ], [ 1105655.519622197607532, 1094527.01701139472425 ], [ 1105608.434525295393541, 1094738.227562943473458 ], [ 1105468.767681164201349, 1095084.356642527505755 ], [ 1105153.371654837392271, 1095246.825075486674905 ], [ 1104840.654596674954519, 1095409.460396599024534 ], [ 1104479.114454832626507, 1095184.565316034480929 ] ] ] } },
{ "type": "Feature", "properties": { "fid": 251, "FNODE_": 1679, "TNODE_": 1680, "LPOLY_": 1, "RPOLY_": 1, "LENGTH": 0.057, "BOU2_4M_": 1558, "BOU2_4M_ID": 107, "GBCODE": 26100 }, "geometry": { "type": "MultiLineString", "coordinates": [ [ [ 1090024.565937068546191, 1092349.951932040974498 ], [ 1090793.604423564160243, 1092300.394742095842957 ], [ 1091246.409364126157016, 1092102.470630770549178 ], [ 1091875.775693861301988, 1092375.47779886238277 ], [ 1092226.382184066809714, 1092718.714060220867395 ], [ 1092452.523770888568833, 1093242.038478082045913 ], [ 1092485.631151335546747, 1093771.652668511494994 ], [ 1092163.217078841058537, 1094029.474873689934611 ], [ 1091728.878777993144467, 1094013.721345676109195 ], [ 1091194.397089162142947, 1093892.935144623741508 ], [ 1090878.625256710452959, 1093768.401146991178393 ], [ 1090070.922313721850514, 1093072.229296635836363 ], [ 1089967.145498974015936, 1093014.939869413152337 ] ] ] } },
{ "type": "Feature", "properties": { "fid": 252, "FNODE_": 1681, "TNODE_": 1682, "LPOLY_": 1, "RPOLY_": 1, "LENGTH": 0.012, "BOU2_4M_": 1559, "BOU2_4M_ID": 100, "GBCODE": 26100 }, "geometry": { "type": "MultiLineString", "coordinates": [ [ [ 1132725.930078219389543, 1094631.700117964297533 ], [ 1132809.471528955502436, 1094902.741972925141454 ], [ 1133092.167428958462551, 1095097.044555002823472 ], [ 1133350.255017266841605, 1095240.941137941554189 ], [ 1133373.0994267903734, 1095290.984531853348017 ], [ 1133569.50473032402806, 1095524.928724534809589 ], [ 1133562.514862394658849, 1095596.092529401183128 ] ] ] } },
{ "type": "Feature", "properties": { "fid": 253, "FNODE_": 1683, "TNODE_": 1684, "LPOLY_": 1, "RPOLY_": 1, "LENGTH": 0.062, "BOU2_4M_": 1560, "BOU2_4M_ID": 101, "GBCODE": 26100 }, "geometry": { "type": "MultiLineString", "coordinates": [ [ [ 1134022.379692608024925, 1096237.850905284285545 ], [ 1134147.898584444541484, 1096345.493727838620543 ], [ 1134334.93936880887486, 1096674.352204997092485 ], [ 1134457.968226510565728, 1097116.88679445721209 ], [ 1133941.857201322214678, 1097403.480028867721558 ], [ 1133363.958128308411688, 1096870.144856622442603 ], [ 1132858.293937999755144, 1096439.553397623822093 ], [ 1132341.382511551491916, 1095840.337920904159546 ], [ 1131804.775347136426717, 1095167.48705804720521 ], [ 1131454.381317985942587, 1094823.281984182074666 ], [ 1130984.973820559913293, 1094587.671856427565217 ], [ 1130640.061256729066372, 1094196.244478046894073 ], [ 1130904.149306137114763, 1093694.371829055249691 ], [ 1130874.308738451916724, 1093715.594366446137428 ] ] ] } },
{ "type": "Feature", "properties": { "fid": 254, "FNODE_": 1685, "TNODE_": 1686, "LPOLY_": 1, "RPOLY_": 1, "LENGTH": 0.011, "BOU2_4M_": 1561, "BOU2_4M_ID": 99, "GBCODE": 26100 }, "geometry": { "type": "MultiLineString", "coordinates": [ [ [ 1132517.511559624457732, 1093032.091772437095642 ], [ 1132663.610523144714534, 1093213.457468857988715 ], [ 1132609.40494638425298, 1093519.450583428144455 ], [ 1132635.049596464261413, 1093833.085585400462151 ], [ 1132508.512042179936543, 1094036.597508132457733 ], [ 1132448.835526468232274, 1094078.93646240606904 ] ] ] } },
{ "type": "Feature", "properties": { "fid": 255, "FNODE_": 1687, "TNODE_": 1688, "LPOLY_": 1, "RPOLY_": 1, "LENGTH": 0.134, "BOU2_4M_": 1562, "BOU2_4M_ID": 61127, "GBCODE": 26080 }, "geometry": { "type": "MultiLineString", "coordinates": [ [ [ 1335709.360447458224371, 1114432.996562372893095 ], [ 1336145.403040531324223, 1116189.71710036508739 ], [ 1337497.519239237299189, 1118337.446120189502835 ], [ 1339862.133648116607219, 1120034.45161765627563 ], [ 1342925.074867477174848, 1121244.586760345846415 ], [ 1345102.738681102637202, 1121783.19726918451488 ], [ 1346814.357152895769104, 1120845.426217233762145 ], [ 1346781.540295987622812, 1121126.017568718641996 ] ] ] } },
{ "type": "Feature", "properties": { "fid": 256, "FNODE_": 1689, "TNODE_": 1690, "LPOLY_": 1, "RPOLY_": 1, "LENGTH": 0.008, "BOU2_4M_": 1563, "BOU2_4M_ID": 98, "GBCODE": 26100 }, "geometry": { "type": "MultiLineString", "coordinates": [ [ [ 1132709.847408617148176, 1091829.428765261545777 ], [ 1132638.861078245099634, 1092014.322955623269081 ], [ 1132475.485344945685938, 1092310.181565904989839 ], [ 1132372.360052936943248, 1092539.721816239878535 ], [ 1132341.084383087931201, 1092584.645207993686199 ] ] ] } },
{ "type": "Feature", "properties": { "fid": 257, "FNODE_": 1691, "TNODE_": 1692, "LPOLY_": 1, "RPOLY_": 1, "LENGTH": 0.022, "BOU2_4M_": 1564, "BOU2_4M_ID": 102, "GBCODE": 26100 }, "geometry": { "type": "MultiLineString", "coordinates": [ [ [ 1130827.568401594879106, 1093040.897854788228869 ], [ 1131076.297057742485777, 1092705.177965365350246 ], [ 1131433.754230463411659, 1092978.180400656536222 ], [ 1131456.67512443033047, 1092716.918547974899411 ], [ 1131481.35044276737608, 1092456.031265567988157 ], [ 1131452.328554656123742, 1091591.558492600917816 ], [ 1131455.202935727778822, 1091543.951119337230921 ] ] ] } },
{ "type": "Feature", "properties": { "fid": 258, "FNODE_": 1693, "TNODE_": 1694, "LPOLY_": 1, "RPOLY_": 1, "LENGTH": 0.028, "BOU2_4M_": 1565, "BOU2_4M_ID": 97, "GBCODE": 26100 }, "geometry": { "type": "MultiLineString", "coordinates": [ [ [ 1131069.103794724680483, 1091005.080589879304171 ], [ 1130988.354199913563207, 1090686.401122961193323 ], [ 1131247.3010393101722, 1090255.957699472084641 ], [ 1131484.460648253560066, 1090038.875746190547943 ], [ 1131784.153387620579451, 1090043.01393866725266 ], [ 1132097.391849339939654, 1090192.243030108511448 ], [ 1132182.760513576678932, 1090463.588236263021827 ], [ 1132398.000340058235452, 1091082.092588806524873 ], [ 1132432.987504182150587, 1091300.723083708435297 ], [ 1132399.935166334034875, 1091345.469003057107329 ] ] ] } },
{ "type": "Feature", "properties": { "fid": 259, "FNODE_": 1695, "TNODE_": 1696, "LPOLY_": 1, "RPOLY_": 1, "LENGTH": 0.143, "BOU2_4M_": 1566, "BOU2_4M_ID": 61128, "GBCODE": 26080 }, "geometry": { "type": "MultiLineString", "coordinates": [ [ [ 1349682.274198570521548, 1115492.623301658779383 ], [ 1349715.145452854223549, 1115212.033663498237729 ], [ 1349215.266335432650521, 1114016.072106219828129 ], [ 1348780.037353362888098, 1112258.996843259781599 ], [ 1346130.262414540629834, 1110243.369639549404383 ], [ 1342684.56365488586016, 1109557.230801153928041 ], [ 1339837.582660816609859, 1109225.962768591940403 ], [ 1336861.280442905379459, 1110017.438467575237155 ] ] ] } },
{ "type": "Feature", "properties": { "fid": 260, "FNODE_": 1697, "TNODE_": 1698, "LPOLY_": 1, "RPOLY_": 1, "LENGTH": 0.051, "BOU2_4M_": 1567, "BOU2_4M_ID": 129, "GBCODE": 26100 }, "geometry": { "type": "MultiLineString", "coordinates": [ [ [ 1004518.14728719170671, 1072241.817395722493529 ], [ 1004928.960637622512877, 1072511.55142511241138 ], [ 1005781.1258786956314, 1072431.65940298512578 ], [ 1006400.165130175533704, 1072191.154460063204169 ], [ 1006727.905712623149157, 1071666.28750155121088 ], [ 1006597.18924719968345, 1071275.143420835956931 ], [ 1005799.89893587352708, 1071000.918710114434361 ], [ 1005130.418939064722508, 1071141.323776671662927 ], [ 1004675.406722019310109, 1071513.790466628968716 ], [ 1004559.529682594700716, 1072054.034680036827922 ] ] ] } },
{ "type": "Feature", "properties": { "fid": 261, "FNODE_": 1699, "TNODE_": 1700, "LPOLY_": 1, "RPOLY_": 1, "LENGTH": 0.046, "BOU2_4M_": 1568, "BOU2_4M_ID": 138, "GBCODE": 26100 }, "geometry": { "type": "MultiLineString", "coordinates": [ [ [ 1210502.255068524740636, 1089714.304122872650623 ], [ 1211234.040077807148919, 1090050.001035362482071 ], [ 1211688.963411727920175, 1090142.945916946977377 ], [ 1212156.831110871396959, 1090667.949733236804605 ], [ 1212040.855630189646035, 1091302.710065651684999 ], [ 1211687.161969186738133, 1091578.922893291339278 ], [ 1211317.523315508617088, 1091733.724231593310833 ], [ 1210595.981581921223551, 1091566.611414194107056 ], [ 1210097.392495906446129, 1091086.423275232315063 ], [ 1209897.278966409387067, 1090898.997442672029138 ], [ 1209923.90607687458396, 1090901.688446348533034 ] ] ] } },
{ "type": "Feature", "properties": { "fid": 262, "FNODE_": 1701, "TNODE_": 1702, "LPOLY_": 1, "RPOLY_": 1, "LENGTH": 0.011, "BOU2_4M_": 1569, "BOU2_4M_ID": 93, "GBCODE": 26100 }, "geometry": { "type": "MultiLineString", "coordinates": [ [ [ 1077483.705380635336041, 1073770.622090602293611 ], [ 1077560.170899442862719, 1073825.283518658950925 ], [ 1077439.0908242771402, 1074268.621541311964393 ], [ 1077417.874056803295389, 1074505.918263053521514 ], [ 1077185.131519465940073, 1074676.169233180582523 ], [ 1077178.513048359658569, 1074747.207018541172147 ] ] ] } },
{ "type": "Feature", "properties": { "fid": 263, "FNODE_": 1703, "TNODE_": 1704, "LPOLY_": 1, "RPOLY_": 1, "LENGTH": 0.009, "BOU2_4M_": 1570, "BOU2_4M_ID": 92, "GBCODE": 26100 }, "geometry": { "type": "MultiLineString", "coordinates": [ [ [ 1076369.592615833738819, 1074339.40620375238359 ], [ 1076353.330438440432772, 1073907.584262680262327 ], [ 1076448.777905477676541, 1073748.75565879791975 ], [ 1076662.800081324763596, 1073481.189812967553735 ], [ 1076689.035496155032888, 1073507.449662355706096 ] ] ] } },
{ "type": "Feature", "properties": { "fid": 264, "FNODE_": 1705, "TNODE_": 1706, "LPOLY_": 1, "RPOLY_": 1, "LENGTH": 0.019, "BOU2_4M_": 1571, "BOU2_4M_ID": 132, "GBCODE": 26100 }, "geometry": { "type": "MultiLineString", "coordinates": [ [ [ 1203150.762370608979836, 1085327.2096017152071 ], [ 1202600.008750932058319, 1085368.601606944575906 ], [ 1202100.538811946520582, 1085175.94637948833406 ], [ 1201702.030932822730392, 1085064.944589372724295 ], [ 1201408.769161564065143, 1084701.161968715488911 ], [ 1201431.635778980795294, 1084464.040810665115714 ] ] ] } },
{ "type": "Feature", "properties": { "fid": 265, "FNODE_": 1707, "TNODE_": 1708, "LPOLY_": 1, "RPOLY_": 1, "LENGTH": 0.023, "BOU2_4M_": 1572, "BOU2_4M_ID": 96, "GBCODE": 26100 }, "geometry": { "type": "MultiLineString", "coordinates": [ [ [ 1094831.672775689978153, 1073076.787665467709303 ], [ 1094579.289917778922245, 1073460.377558961510658 ], [ 1094237.811418603174388, 1073620.389018505811691 ], [ 1093620.768762688618153, 1073803.073571134358644 ], [ 1092576.959542761323974, 1073588.082936409860849 ], [ 1092604.514108859235421, 1073590.587367104366422 ] ] ] } },
{ "type": "Feature", "properties": { "fid": 266, "FNODE_": 1709, "TNODE_": 1709, "LPOLY_": 871, "RPOLY_": 1, "LENGTH": 0.017, "BOU2_4M_": 1573, "BOU2_4M_ID": 26010, "GBCODE": 26010 }, "geometry": { "type": "MultiLineString", "coordinates": [ [ [ 1093456.844302500132471, 1073100.123676942661405 ], [ 1093509.155301941325888, 1072831.369457518681884 ], [ 1093917.536186838988215, 1072855.109401803463697 ], [ 1094055.014295923290774, 1072956.140481609851122 ], [ 1094114.371488420525566, 1073096.325291024520993 ], [ 1094004.145635813241825, 1073294.797237262129784 ], [ 1093675.310785338282585, 1073311.722991410642862 ], [ 1093456.844302500132471, 1073100.123676942661405 ] ] ] } },
{ "type": "Feature", "properties": { "fid": 267, "FNODE_": 1710, "TNODE_": 1711, "LPOLY_": 1, "RPOLY_": 1, "LENGTH": 0.015, "BOU2_4M_": 1574, "BOU2_4M_ID": 135, "GBCODE": 26100 }, "geometry": { "type": "MultiLineString", "coordinates": [ [ [ 1202964.902896872023121, 1084423.643069615587592 ], [ 1203529.443160220049322, 1084215.928282748907804 ], [ 1203888.018401468172669, 1083892.311273301020265 ], [ 1204202.678293358534575, 1083731.904207384213805 ], [ 1204405.802656897576526, 1083608.451568754389882 ], [ 1204400.87518863286823, 1083655.71637162566185 ] ] ] } },
{ "type": "Feature", "properties": { "fid": 268, "FNODE_": 1712, "TNODE_": 1713, "LPOLY_": 1, "RPOLY_": 1, "LENGTH": 0.018, "BOU2_4M_": 1575, "BOU2_4M_ID": 95, "GBCODE": 26100 }, "geometry": { "type": "MultiLineString", "coordinates": [ [ [ 1091708.077358472626656, 1072934.889450186863542 ], [ 1092123.016604234464467, 1072566.304691469296813 ], [ 1092618.206964881625026, 1072515.830834338441491 ], [ 1093094.326806555269286, 1072392.125703243538737 ], [ 1093610.364746588049456, 1072415.313090480864048 ], [ 1093605.881374186137691, 1072462.72083318606019 ] ] ] } },
{ "type": "Feature", "properties": { "fid": 269, "FNODE_": 1714, "TNODE_": 1715, "LPOLY_": 1, "RPOLY_": 1, "LENGTH": 0.008, "BOU2_4M_": 1576, "BOU2_4M_ID": 136, "GBCODE": 26100 }, "geometry": { "type": "MultiLineString", "coordinates": [ [ [ 1205088.663911862066016, 1083316.805289385840297 ], [ 1204753.273448013933375, 1083116.343618335202336 ], [ 1204632.168705221731216, 1082960.88170313835144 ], [ 1204430.019908262882382, 1082773.532559549435973 ], [ 1204458.451639209873974, 1082776.29785143956542 ] ] ] } },
{ "type": "Feature", "properties": { "fid": 270, "FNODE_": 1716, "TNODE_": 1717, "LPOLY_": 1, "RPOLY_": 1, "LENGTH": 0.049, "BOU2_4M_": 1577, "BOU2_4M_ID": 134, "GBCODE": 26100 }, "geometry": { "type": "MultiLineString", "coordinates": [ [ [ 1205704.092306147096679, 1082588.078302875161171 ], [ 1206196.414861554279923, 1082875.863980568945408 ], [ 1206501.420189359690994, 1083384.392879588529468 ], [ 1206845.40652965568006, 1083777.221456529572606 ], [ 1207071.668765755137429, 1083990.985223798081279 ], [ 1207054.848292580107227, 1084443.986715514212847 ], [ 1206262.047874674433842, 1084748.491993371397257 ], [ 1204837.65604733908549, 1085086.600777357816696 ], [ 1204324.282313551753759, 1085035.946878276765347 ], [ 1204078.436029529897496, 1085035.749013969674706 ] ] ] } },
{ "type": "Feature", "properties": { "fid": 271, "FNODE_": 1718, "TNODE_": 1719, "LPOLY_": 1, "RPOLY_": 1, "LENGTH": 0.017, "BOU2_4M_": 1578, "BOU2_4M_ID": 137, "GBCODE": 26100 }, "geometry": { "type": "MultiLineString", "coordinates": [ [ [ 1203976.858133331872523, 1082393.858948213979602 ], [ 1203796.023257020395249, 1082854.560840474441648 ], [ 1203454.22548185987398, 1083275.36532774195075 ], [ 1202840.121072439476848, 1083717.400557190179825 ] ] ] } },
{ "type": "Feature", "properties": { "fid": 272, "FNODE_": 1720, "TNODE_": 1721, "LPOLY_": 1, "RPOLY_": 1, "LENGTH": 0.022, "BOU2_4M_": 1579, "BOU2_4M_ID": 94, "GBCODE": 26100 }, "geometry": { "type": "MultiLineString", "coordinates": [ [ [ 1080556.257751018740237, 1069864.701784631237388 ], [ 1080682.441912109497935, 1069684.901968453079462 ], [ 1080906.470067510381341, 1069609.495694916695356 ], [ 1081133.59659302001819, 1069510.571733925491571 ], [ 1081443.849548010388389, 1069395.314805075526237 ], [ 1081631.010164325125515, 1069436.229530340060592 ], [ 1081755.970000065630302, 1069566.974536946043372 ], [ 1081635.07139082159847, 1069699.632001008838415 ], [ 1081449.772010728949681, 1069945.728813337162137 ], [ 1081212.45894002285786, 1070163.255922423675656 ], [ 1081095.132373481290415, 1070248.234452852979302 ], [ 1081090.700931942788884, 1070295.644406840205193 ] ] ] } },
{ "type": "Feature", "properties": { "fid": 273, "FNODE_": 1722, "TNODE_": 1723, "LPOLY_": 1, "RPOLY_": 1, "LENGTH": 0.047, "BOU2_4M_": 1580, "BOU2_4M_ID": 133, "GBCODE": 26100 }, "geometry": { "type": "MultiLineString", "coordinates": [ [ [ 1201459.897104840027168, 1083605.56424286775291 ], [ 1201503.15092602209188, 1083155.13437369838357 ], [ 1202026.06723446957767, 1082536.789048934355378 ], [ 1202343.451662166742608, 1082065.547542897984385 ], [ 1202711.000253791222349, 1081647.221303965896368 ], [ 1203225.688572784187272, 1081410.792815340682864 ], [ 1203850.081433722749352, 1081448.415848728269339 ], [ 1204344.757845823187381, 1081688.572795217856765 ], [ 1205195.866926631657407, 1082203.011321501806378 ], [ 1205193.396974273724481, 1082226.690718421712518 ] ] ] } },
{ "type": "Feature", "properties": { "fid": 274, "FNODE_": 1724, "TNODE_": 1725, "LPOLY_": 1, "RPOLY_": 1, "LENGTH": 0.065, "BOU2_4M_": 1581, "BOU2_4M_ID": 147, "GBCODE": 26100 }, "geometry": { "type": "MultiLineString", "coordinates": [ [ [ 1300424.580172695452347, 1087598.406633811071515 ], [ 1300692.846931706881151, 1087913.654856692999601 ], [ 1300908.697084895102307, 1088199.45571337454021 ], [ 1300556.970723862526938, 1088713.139290565624833 ], [ 1299848.262952112359926, 1089237.149231953546405 ], [ 1299007.229730965569615, 1089460.367745690047741 ], [ 1297866.825782468309626, 1089125.792458614334464 ], [ 1297813.411214975174516, 1088569.661448879167438 ], [ 1298104.6109501470346, 1088121.552403319627047 ], [ 1298339.0000543249771, 1087691.324184073135257 ], [ 1298663.162278675707057, 1087461.92009318061173 ], [ 1299045.997430692892522, 1087454.091405129060149 ], [ 1299544.304613194661215, 1087386.519718430936337 ], [ 1299543.418199502164498, 1087410.371282430365682 ] ] ] } },
{ "type": "Feature", "properties": { "fid": 275, "FNODE_": 1726, "TNODE_": 1727, "LPOLY_": 1, "RPOLY_": 1, "LENGTH": 0.077, "BOU2_4M_": 1582, "BOU2_4M_ID": 61125, "GBCODE": 26080 }, "geometry": { "type": "MultiLineString", "coordinates": [ [ [ 1442465.934232206549495, 1107110.856568409129977 ], [ 1443484.915811908897012, 1106669.691983044147491 ], [ 1444925.52541840961203, 1105428.506860386580229 ], [ 1445522.517430894775316, 1103228.961026750504971 ], [ 1445732.991291121812537, 1101549.683130977675319 ], [ 1445556.804453526623547, 1100390.690504508092999 ] ] ] } },
{ "type": "Feature", "properties": { "fid": 276, "FNODE_": 1728, "TNODE_": 1729, "LPOLY_": 1, "RPOLY_": 1, "LENGTH": 0.075, "BOU2_4M_": 1583, "BOU2_4M_ID": 61126, "GBCODE": 26080 }, "geometry": { "type": "MultiLineString", "coordinates": [ [ [ 1442110.450004160637036, 1099675.078601768240333 ], [ 1440774.539329458260909, 1100076.624182648956776 ], [ 1439016.62470140773803, 1101278.363044191151857 ], [ 1438737.281844134442508, 1103517.571132555603981 ], [ 1438775.121289108181372, 1105796.643488753587008 ] ] ] } },
{ "type": "Feature", "properties": { "fid": 277, "FNODE_": 1730, "TNODE_": 1731, "LPOLY_": 1, "RPOLY_": 1, "LENGTH": 0.023, "BOU2_4M_": 1584, "BOU2_4M_ID": 91, "GBCODE": 26100 }, "geometry": { "type": "MultiLineString", "coordinates": [ [ [ 1058453.348770967451856, 1053231.987263986840844 ], [ 1057947.769147762097418, 1053401.875847369432449 ], [ 1057300.007184578804299, 1053320.428642977029085 ], [ 1056860.836415018420666, 1053353.002898760139942 ], [ 1056007.504595721606165, 1052799.419822908937931 ] ] ] } },
{ "type": "Feature", "properties": { "fid": 278, "FNODE_": 1732, "TNODE_": 1733, "LPOLY_": 1, "RPOLY_": 1, "LENGTH": 0.021, "BOU2_4M_": 1585, "BOU2_4M_ID": 90, "GBCODE": 26100 }, "geometry": { "type": "MultiLineString", "coordinates": [ [ [ 1056241.205667806789279, 1052008.205486219376326 ], [ 1056536.919390157796443, 1051747.953045040369034 ], [ 1057178.277299570851028, 1051900.518217239528894 ], [ 1057584.308436310617253, 1051936.587777059525251 ], [ 1058484.227848339360207, 1052255.556097397580743 ], [ 1058511.823937406297773, 1052258.077675458043814 ] ] ] } },
{ "type": "Feature", "properties": { "fid": 279, "FNODE_": 1734, "TNODE_": 1735, "LPOLY_": 1, "RPOLY_": 1, "LENGTH": 0.295, "BOU2_4M_": 1586, "BOU2_4M_ID": 132, "GBCODE": 26100 }, "geometry": { "type": "MultiLineString", "coordinates": [ [ [ 1034914.484455322148278, 1047307.792303923517466 ], [ 1035241.031212843256071, 1048023.580916902050376 ], [ 1035762.11665061453823, 1049564.862280668690801 ], [ 1035907.195529661257751, 1051365.125206474214792 ], [ 1035963.915039938176051, 1053229.331945050507784 ], [ 1036246.001776268822141, 1054539.100427890196443 ], [ 1036484.718264782219194, 1055821.303863137960434 ], [ 1036415.715187862864695, 1056722.554663628339767 ], [ 1035942.287168029812165, 1057282.027032222598791 ], [ 1035402.772321194061078, 1057527.904944486916065 ], [ 1035283.69776391191408, 1058067.172428477555513 ], [ 1035771.870524093857966, 1058795.898606719449162 ], [ 1036063.706638920819387, 1059342.917887896299362 ], [ 1036415.831267148256302, 1059346.377373605966568 ], [ 1037802.192820269265212, 1059357.247139794752002 ], [ 1038095.116700835176744, 1058710.809465857222676 ], [ 1038406.824307903414592, 1057065.102081023156643 ], [ 1038753.823334142798558, 1055946.603101992979646 ], [ 1038927.603415011544712, 1054409.324211796745658 ], [ 1038912.339599570608698, 1052738.870415635406971 ], [ 1038591.822391099878587, 1051069.253087079152465 ], [ 1038521.589524853159674, 1049489.817047191783786 ], [ 1038178.502299514599144, 1048199.872640006244183 ], [ 1037774.344587265513837, 1046929.138449566438794 ], [ 1037341.144675529678352, 1046252.517287377268076 ], [ 1036426.923506218823604, 1045944.352276345714927 ], [ 1035745.98399603262078, 1046059.431225208565593 ], [ 1035006.148160982760601, 1046432.128640413284302 ], [ 1034932.471876830793917, 1046744.467095389962196 ], [ 1034830.287803280167282, 1046943.796409036964178 ] ] ] } },
{ "type": "Feature", "properties": { "fid": 280, "FNODE_": 1736, "TNODE_": 1737, "LPOLY_": 1, "RPOLY_": 1, "LENGTH": 0.015, "BOU2_4M_": 1587, "BOU2_4M_ID": 75, "GBCODE": 26100 }, "geometry": { "type": "MultiLineString", "coordinates": [ [ [ 1125934.300416411366314, 1052939.365937309339643 ], [ 1126523.119666206883267, 1053066.009443579241633 ], [ 1127080.609662240138277, 1053237.51827359572053 ], [ 1127497.609824477462098, 1053467.551765210926533 ], [ 1127436.383120832731947, 1053533.466787898913026 ] ] ] } },
{ "type": "Feature", "properties": { "fid": 281, "FNODE_": 1738, "TNODE_": 1739, "LPOLY_": 1, "RPOLY_": 1, "LENGTH": 0.052, "BOU2_4M_": 1588, "BOU2_4M_ID": 78, "GBCODE": 26100 }, "geometry": { "type": "MultiLineString", "coordinates": [ [ [ 1127675.378741725347936, 1054797.884644769132137 ], [ 1127076.029726678039879, 1054789.611253198236227 ], [ 1126378.684285662835464, 1054652.765543093904853 ], [ 1125768.359146801987663, 1054452.443756487220526 ], [ 1125187.915927937719971, 1054231.067791972309351 ], [ 1123991.069972584024072, 1053880.592534808441997 ], [ 1123421.169232432032004, 1053540.777930658310652 ], [ 1123145.317842097021639, 1052679.218468632549047 ], [ 1123755.33771881274879, 1052568.9652647562325 ] ] ] } },
{ "type": "Feature", "properties": { "fid": 282, "FNODE_": 1740, "TNODE_": 1741, "LPOLY_": 1, "RPOLY_": 1, "LENGTH": 0.01, "BOU2_4M_": 1589, "BOU2_4M_ID": 74, "GBCODE": 26100 }, "geometry": { "type": "MultiLineString", "coordinates": [ [ [ 1124224.924993817228824, 1052517.083590429276228 ], [ 1124637.881170021137223, 1052484.009781666100025 ], [ 1125063.255171731812879, 1052619.19308995641768 ], [ 1125269.555577666033059, 1052734.002099758014083 ], [ 1125263.548301997827366, 1052805.091548653319478 ] ] ] } },
{ "type": "Feature", "properties": { "fid": 283, "FNODE_": 1742, "TNODE_": 1743, "LPOLY_": 1, "RPOLY_": 1, "LENGTH": 0.054, "BOU2_4M_": 1590, "BOU2_4M_ID": 77, "GBCODE": 26100 }, "geometry": { "type": "MultiLineString", "coordinates": [ [ [ 1129648.937046376988292, 1052617.895751776173711 ], [ 1130052.3264904494863, 1053300.530270354822278 ], [ 1130203.868530511390418, 1054031.299935508519411 ], [ 1130189.252265668939799, 1054770.37628192640841 ], [ 1130334.712336288299412, 1055572.203170401975513 ], [ 1129767.741508291335776, 1056116.24920842051506 ], [ 1129063.389992255950347, 1055453.145388890057802 ], [ 1128254.341027228161693, 1055043.1446124445647 ], [ 1128225.33570658438839, 1055064.213305750861764 ] ] ] } },
{ "type": "Feature", "properties": { "fid": 284, "FNODE_": 1744, "TNODE_": 1745, "LPOLY_": 1, "RPOLY_": 1, "LENGTH": 0.041, "BOU2_4M_": 1591, "BOU2_4M_ID": 79, "GBCODE": 26100 }, "geometry": { "type": "MultiLineString", "coordinates": [ [ [ 1120742.897061910945922, 1052073.414346396923065 ], [ 1120598.622162372106686, 1051558.474300529807806 ], [ 1120663.877266630996019, 1051134.6900695245713 ], [ 1121089.718755348585546, 1050959.308855621144176 ], [ 1121808.44864381919615, 1050859.085562838241458 ], [ 1121997.742862947983667, 1051187.172262208536267 ], [ 1122206.86387051991187, 1051588.757406268268824 ], [ 1121529.746667077299207, 1052122.702272307127714 ], [ 1120898.111336179077625, 1052159.407359186559916 ], [ 1120869.096104269847274, 1052180.688014140352607 ] ] ] } },
{ "type": "Feature", "properties": { "fid": 285, "FNODE_": 1746, "TNODE_": 1747, "LPOLY_": 1, "RPOLY_": 1, "LENGTH": 0.071, "BOU2_4M_": 1592, "BOU2_4M_ID": 80, "GBCODE": 26100 }, "geometry": { "type": "MultiLineString", "coordinates": [ [ [ 1118489.429104081820697, 1050807.299371417611837 ], [ 1118328.405978302005678, 1050678.759191442281008 ], [ 1117911.544450598070398, 1050472.902349531650543 ], [ 1117494.061587114818394, 1049956.573780540376902 ], [ 1117333.398158705793321, 1049320.832045564427972 ], [ 1117924.803751860512421, 1048826.527927415445447 ], [ 1118901.58955011004582, 1048893.352537207305431 ], [ 1119692.879706575069577, 1049205.669685641303658 ], [ 1120207.886022405000404, 1049540.097189649939537 ], [ 1120463.185334620531648, 1050041.324712427332997 ], [ 1120391.066333472728729, 1050536.181362511590123 ], [ 1120045.390358730917796, 1050718.937274416908622 ], [ 1119413.187632210087031, 1050779.555415593087673 ], [ 1118775.549991816515103, 1050905.895392743870616 ] ] ] } },
{ "type": "Feature", "properties": { "fid": 286, "FNODE_": 1748, "TNODE_": 1749, "LPOLY_": 1, "RPOLY_": 1, "LENGTH": 0.066, "BOU2_4M_": 1593, "BOU2_4M_ID": 76, "GBCODE": 26100 }, "geometry": { "type": "MultiLineString", "coordinates": [ [ [ 1127871.212819748790935, 1052666.627815816551447 ], [ 1127760.837946584215388, 1052369.687392916530371 ], [ 1127358.516283941455185, 1051997.648377541452646 ], [ 1127189.20417523663491, 1051456.491808699443936 ], [ 1126993.15187972644344, 1050912.853008806705475 ], [ 1127069.799156754510477, 1050060.242581037804484 ], [ 1127225.024592804489657, 1049573.318116936832666 ], [ 1127549.274446518393233, 1049317.038673728704453 ], [ 1128280.539120397763327, 1049671.988328883424401 ], [ 1128632.656132322037593, 1050301.782213808968663 ], [ 1128866.000902404077351, 1050729.622695364058018 ], [ 1129231.87267739046365, 1051217.57924347743392 ], [ 1129308.516302638920024, 1051869.573411136865616 ], [ 1129306.209323038579896, 1051893.238568820059299 ] ] ] } },
{ "type": "Feature", "properties": { "fid": 287, "FNODE_": 1750, "TNODE_": 1751, "LPOLY_": 1, "RPOLY_": 1, "LENGTH": 0.018, "BOU2_4M_": 1594, "BOU2_4M_ID": 63, "GBCODE": 26100 }, "geometry": { "type": "MultiLineString", "coordinates": [ [ [ 1231833.435965460259467, 1057786.624613795429468 ], [ 1231362.233808293007314, 1057572.143758384510875 ], [ 1230981.309934298042208, 1057557.926047129556537 ], [ 1230609.555987446801737, 1057448.976819692179561 ], [ 1230426.5391250399407, 1057359.102703483775258 ], [ 1229826.741423532832414, 1057346.861325215548277 ], [ 1229824.230805366300046, 1057370.499280963093042 ] ] ] } },
{ "type": "Feature", "properties": { "fid": 288, "FNODE_": 1752, "TNODE_": 1753, "LPOLY_": 1, "RPOLY_": 1, "LENGTH": 0.024, "BOU2_4M_": 1595, "BOU2_4M_ID": 62, "GBCODE": 26100 }, "geometry": { "type": "MultiLineString", "coordinates": [ [ [ 1235448.254797356436029, 1057718.848321402445436 ], [ 1234047.278656608425081, 1057793.327325137332082 ], [ 1233931.09631186700426, 1057853.356235899031162 ], [ 1233539.364064304158092, 1057957.430301936343312 ], [ 1232821.700114945648238, 1057742.224246406927705 ], [ 1232741.5785604105331, 1057734.090497318655252 ] ] ] } },
{ "type": "Feature", "properties": { "fid": 289, "FNODE_": 1754, "TNODE_": 1755, "LPOLY_": 1, "RPOLY_": 1, "LENGTH": 0.058, "BOU2_4M_": 1596, "BOU2_4M_ID": 81, "GBCODE": 26100 }, "geometry": { "type": "MultiLineString", "coordinates": [ [ [ 1112341.451134733157232, 1046828.89682643301785 ], [ 1112331.635722425766289, 1046350.520182501524687 ], [ 1112529.731405529426411, 1045962.960936151444912 ], [ 1112775.765065006911755, 1045675.43775999173522 ], [ 1113169.609102446353063, 1045234.265295017510653 ], [ 1113619.942731116432697, 1045084.997673887759447 ], [ 1114203.293624482350424, 1045282.255312005057931 ], [ 1114462.622104034293443, 1045735.941829269751906 ], [ 1114476.405956765869632, 1046190.905531862750649 ], [ 1114382.714279408566654, 1046922.230251410976052 ], [ 1114080.424630666850135, 1047252.395026575773954 ], [ 1113545.924096361966804, 1047417.753545317798853 ], [ 1113004.268725730478764, 1047367.702641628682613 ], [ 1112975.269454976543784, 1047388.899478266015649 ] ] ] } },
{ "type": "Feature", "properties": { "fid": 290, "FNODE_": 1756, "TNODE_": 1757, "LPOLY_": 1, "RPOLY_": 1, "LENGTH": 0.019, "BOU2_4M_": 1597, "BOU2_4M_ID": 49, "GBCODE": 26100 }, "geometry": { "type": "MultiLineString", "coordinates": [ [ [ 1230079.457844455493614, 1056153.718539210036397 ], [ 1230557.396669535897672, 1056297.033885542303324 ], [ 1230981.880906559061259, 1056435.183938259258866 ], [ 1231667.906856962945312, 1056694.896865213289857 ], [ 1232142.394463699776679, 1056861.919519843533635 ] ] ] } },
{ "type": "Feature", "properties": { "fid": 291, "FNODE_": 1758, "TNODE_": 1759, "LPOLY_": 1, "RPOLY_": 1, "LENGTH": 0.017, "BOU2_4M_": 1598, "BOU2_4M_ID": 50, "GBCODE": 26100 }, "geometry": { "type": "MultiLineString", "coordinates": [ [ [ 1233002.047842247411609, 1056733.030367391183972 ], [ 1233468.187443539733067, 1056707.986479645594954 ], [ 1233743.916984813287854, 1056687.866199979558587 ], [ 1234185.865412728628144, 1056636.568090004846454 ], [ 1234685.542314907535911, 1056567.240424051880836 ], [ 1234884.390442472416908, 1056491.737572548910975 ], [ 1234883.660196154378355, 1056515.46430910564959 ] ] ] } },
{ "type": "Feature", "properties": { "fid": 292, "FNODE_": 1760, "TNODE_": 1761, "LPOLY_": 1, "RPOLY_": 1, "LENGTH": 0.017, "BOU2_4M_": 1599, "BOU2_4M_ID": 61, "GBCODE": 26100 }, "geometry": { "type": "MultiLineString", "coordinates": [ [ [ 1237753.628319968935102, 1056517.073582062497735 ], [ 1237369.92568570189178, 1057075.659461425617337 ], [ 1236965.492914869217202, 1057297.882217548787594 ], [ 1236464.187835019780323, 1057390.845424652099609 ], [ 1236236.101910829311237, 1057487.306990148499608 ], [ 1236263.696012928616256, 1057490.1539360973984 ] ] ] } },
{ "type": "Feature", "properties": { "fid": 293, "FNODE_": 1762, "TNODE_": 1763, "LPOLY_": 1, "RPOLY_": 1, "LENGTH": 0.079, "BOU2_4M_": 1600, "BOU2_4M_ID": 82, "GBCODE": 26100 }, "geometry": { "type": "MultiLineString", "coordinates": [ [ [ 1110874.694713235832751, 1045833.846585959196091 ], [ 1110557.181457682047039, 1045732.868453938513994 ], [ 1110002.808172455523163, 1045514.585773285478354 ], [ 1109587.052704126341268, 1044974.892745954915881 ], [ 1109512.351624767296016, 1044299.632394906133413 ], [ 1109409.115292780799791, 1043621.767391307279468 ], [ 1109894.830928979674354, 1042783.429379845038056 ], [ 1110829.548955289879814, 1042702.547237645834684 ], [ 1111154.7730981442146, 1043042.917637389153242 ], [ 1111460.461740430211648, 1043596.228193053975701 ], [ 1111553.607765339547768, 1044368.759588804095984 ], [ 1111461.975443117553368, 1044789.990091843530536 ], [ 1111182.253256028052419, 1045766.715971287339926 ], [ 1111078.000729060266167, 1046019.705663651227951 ] ] ] } },
{ "type": "Feature", "properties": { "fid": 294, "FNODE_": 1764, "TNODE_": 1765, "LPOLY_": 1, "RPOLY_": 1, "LENGTH": 0.026, "BOU2_4M_": 1601, "BOU2_4M_ID": 56, "GBCODE": 26100 }, "geometry": { "type": "MultiLineString", "coordinates": [ [ [ 1228984.432954251766205, 1056999.839535726234317 ], [ 1228844.790474225068465, 1056484.133254133164883 ], [ 1228578.923558043548837, 1056123.164895709604025 ], [ 1228366.444325402611867, 1055504.751737672835588 ], [ 1228226.566111353226006, 1054965.272044446319342 ], [ 1228256.461496894014999, 1054394.823413988575339 ], [ 1228257.177444216562435, 1054371.098127759993076 ] ] ] } },
{ "type": "Feature", "properties": { "fid": 295, "FNODE_": 1766, "TNODE_": 1766, "LPOLY_": 872, "RPOLY_": 1, "LENGTH": 0.022, "BOU2_4M_": 1602, "BOU2_4M_ID": 26010, "GBCODE": 26010 }, "geometry": { "type": "MultiLineString", "coordinates": [ [ [ 1118818.751024465775117, 1044015.334498859941959 ], [ 1118588.975561417406425, 1043834.136549483984709 ], [ 1118562.493999577825889, 1043605.383480843156576 ], [ 1118817.122945629293099, 1043240.282335724681616 ], [ 1118929.714147297898307, 1043191.702767856419086 ], [ 1119145.907642201054841, 1043243.581821208819747 ], [ 1119274.963609262602404, 1043443.594258071854711 ], [ 1119233.405128575162962, 1043780.908362315967679 ], [ 1118987.865784763358533, 1043977.262051751837134 ], [ 1118818.751024465775117, 1044015.334498859941959 ] ] ] } },
{ "type": "Feature", "properties": { "fid": 296, "FNODE_": 1767, "TNODE_": 1768, "LPOLY_": 1, "RPOLY_": 1, "LENGTH": 0.012, "BOU2_4M_": 1603, "BOU2_4M_ID": 55, "GBCODE": 26100 }, "geometry": { "type": "MultiLineString", "coordinates": [ [ [ 1229810.472975759068504, 1054406.90384729206562 ], [ 1229757.197246226947755, 1054688.25394481420517 ], [ 1229749.834175231866539, 1055045.791178045794368 ], [ 1229848.605835110181943, 1055437.813985323533416 ], [ 1229800.186920391395688, 1055647.989439975470304 ] ] ] } },
{ "type": "Feature", "properties": { "fid": 297, "FNODE_": 1769, "TNODE_": 1770, "LPOLY_": 1, "RPOLY_": 1, "LENGTH": 0.043, "BOU2_4M_": 1604, "BOU2_4M_ID": 85, "GBCODE": 26100 }, "geometry": { "type": "MultiLineString", "coordinates": [ [ [ 1092343.732355976011604, 1041101.85609146207571 ], [ 1092903.069092490477487, 1040651.653953043743968 ], [ 1093451.700714386766776, 1040630.074893422424793 ], [ 1093930.335871046641842, 1040769.222401350736618 ], [ 1094155.361605567857623, 1041004.514526508748531 ], [ 1094152.118644008645788, 1041648.586991274729371 ], [ 1093885.131588444579393, 1041886.799711875617504 ], [ 1093510.309529779944569, 1042115.246861075982451 ], [ 1092880.648303134832531, 1042129.382800031453371 ], [ 1092554.010639116400853, 1042123.463359657675028 ], [ 1092407.86142048262991, 1041919.195340095087886 ], [ 1092405.631859043147415, 1041942.859204342588782 ] ] ] } },
{ "type": "Feature", "properties": { "fid": 298, "FNODE_": 1771, "TNODE_": 1772, "LPOLY_": 1, "RPOLY_": 1, "LENGTH": 0.088, "BOU2_4M_": 1605, "BOU2_4M_ID": 83, "GBCODE": 26100 }, "geometry": { "type": "MultiLineString", "coordinates": [ [ [ 1104730.060716030653566, 1042808.776663701981306 ], [ 1104876.595318793551996, 1042082.403392642736435 ], [ 1105600.020844343816862, 1041623.842187693342566 ], [ 1106020.885316726285964, 1041519.347644886001945 ], [ 1106795.679950999328867, 1041399.611415725201368 ], [ 1107775.284461308736354, 1041442.24198398925364 ], [ 1108254.680858830688521, 1041581.866611074656248 ], [ 1108583.653502744855359, 1041874.64906869456172 ], [ 1108688.339269657386467, 1042528.798198929056525 ], [ 1108113.445821400964633, 1043144.152956897392869 ], [ 1107407.655419699847698, 1043389.389276783913374 ], [ 1106666.496391140157357, 1043440.476225784048438 ], [ 1105972.03759034210816, 1043567.597445242106915 ], [ 1105373.613967087352648, 1043536.282167244702578 ], [ 1105067.743259036913514, 1043293.419669615104795 ], [ 1104933.089768929872662, 1042970.687558026984334 ], [ 1104822.115764367161319, 1042984.284926220774651 ] ] ] } },
{ "type": "Feature", "properties": { "fid": 299, "FNODE_": 1773, "TNODE_": 1774, "LPOLY_": 1, "RPOLY_": 1, "LENGTH": 0.054, "BOU2_4M_": 1606, "BOU2_4M_ID": 73, "GBCODE": 26100 }, "geometry": { "type": "MultiLineString", "coordinates": [ [ [ 1121698.716026657028124, 1043662.301733508706093 ], [ 1121733.557812896091491, 1043283.625606937333941 ], [ 1122251.329026343300939, 1042997.567453149706125 ], [ 1122839.64552532765083, 1042837.654582899063826 ], [ 1123394.507439439883456, 1043032.490842217579484 ], [ 1123859.936682532774284, 1043648.788399437442422 ], [ 1124012.553348822519183, 1044068.729254985228181 ], [ 1123388.461033310508355, 1044607.393736561760306 ], [ 1122661.069607634330168, 1044802.176394296810031 ], [ 1121923.853286188561469, 1044494.977058680728078 ], [ 1121746.892886247951537, 1044335.269438792020082 ], [ 1121749.182198216440156, 1044311.611836273223162 ] ] ] } },
{ "type": "Feature", "properties": { "fid": 300, "FNODE_": 1775, "TNODE_": 1776, "LPOLY_": 1, "RPOLY_": 1, "LENGTH": 0.078, "BOU2_4M_": 1607, "BOU2_4M_ID": 72, "GBCODE": 26100 }, "geometry": { "type": "MultiLineString", "coordinates": [ [ [ 1117100.877777124755085, 1044357.059904308989644 ], [ 1117010.619468794902787, 1043847.508008599281311 ], [ 1117787.981180588249117, 1042797.616773035377264 ], [ 1118269.775124299107119, 1042603.726321866735816 ], [ 1119082.364098873222247, 1042392.741312747821212 ], [ 1119751.476688008289784, 1042550.374147137627006 ], [ 1120082.448970674537122, 1042819.824524993076921 ], [ 1120171.202122856862843, 1043353.106312295421958 ], [ 1119917.761926096165553, 1044021.878818346187472 ], [ 1119261.188066244358197, 1044629.257315881550312 ], [ 1118457.084859805880114, 1045079.868930054828525 ], [ 1117813.954776196740568, 1044924.689929997548461 ], [ 1117327.680227037053555, 1044569.158294964581728 ] ] ] } },
{ "type": "Feature", "properties": { "fid": 301, "FNODE_": 1777, "TNODE_": 1777, "LPOLY_": 1, "RPOLY_": 873, "LENGTH": 0.025, "BOU2_4M_": 1608, "BOU2_4M_ID": 26010, "GBCODE": 26010 }, "geometry": { "type": "MultiLineString", "coordinates": [ [ [ 1092153.554365170653909, 1040124.006772624328732 ], [ 1092622.613334335153922, 1040317.365662606433034 ], [ 1093051.535144757246599, 1040192.469150681048632 ], [ 1093172.832728521898389, 1039945.27964624017477 ], [ 1093203.18036253284663, 1039756.874416939914227 ], [ 1092703.120000151218846, 1039682.407702445983887 ], [ 1092306.804503327235579, 1039728.272974994033575 ], [ 1092153.554365170653909, 1040124.006772624328732 ] ] ] } },
{ "type": "Feature", "properties": { "fid": 302, "FNODE_": 1778, "TNODE_": 1779, "LPOLY_": 1, "RPOLY_": 1, "LENGTH": 0.029, "BOU2_4M_": 1609, "BOU2_4M_ID": 51, "GBCODE": 26100 }, "geometry": { "type": "MultiLineString", "coordinates": [ [ [ 1235516.024085132870823, 1056459.529455691576004 ], [ 1236022.404254591558129, 1056032.52167658880353 ], [ 1236375.048086108407006, 1055781.246044933795929 ], [ 1236520.495835673529655, 1055413.737418457865715 ], [ 1236543.958033214323223, 1054890.496633877977729 ], [ 1236450.436402217717841, 1054451.179831054061651 ], [ 1236225.67402576864697, 1053950.958534359931946 ], [ 1236193.917235342785716, 1053995.469052923843265 ] ] ] } },
{ "type": "Feature", "properties": { "fid": 303, "FNODE_": 1780, "TNODE_": 1781, "LPOLY_": 1, "RPOLY_": 1, "LENGTH": 0.062, "BOU2_4M_": 1610, "BOU2_4M_ID": 84, "GBCODE": 26100 }, "geometry": { "type": "MultiLineString", "coordinates": [ [ [ 1098354.111830047564581, 1042007.343918377533555 ], [ 1097888.859713086858392, 1041727.608775578439236 ], [ 1097394.311917707324028, 1041443.737927777692676 ], [ 1097346.950233252719045, 1040747.23306586034596 ], [ 1097765.788961609359831, 1040045.74975978769362 ], [ 1098530.808144997805357, 1039733.97218806669116 ], [ 1099051.890503358561546, 1039710.047103736549616 ], [ 1099318.019440347561613, 1040402.691944887861609 ], [ 1099440.297373054316267, 1040867.368851894512773 ], [ 1099318.351956984726712, 1041309.596168275922537 ], [ 1098673.429104056209326, 1042109.8156279604882 ], [ 1098697.925416093086824, 1042135.912448193877935 ] ] ] } },
{ "type": "Feature", "properties": { "fid": 304, "FNODE_": 1782, "TNODE_": 1783, "LPOLY_": 1, "RPOLY_": 1, "LENGTH": 0.024, "BOU2_4M_": 1611, "BOU2_4M_ID": 60, "GBCODE": 26100 }, "geometry": { "type": "MultiLineString", "coordinates": [ [ [ 1237361.442837271373719, 1053515.590804670006037 ], [ 1237816.844862370751798, 1054182.286541217938066 ], [ 1237804.182214054279029, 1054587.152383549138904 ], [ 1237875.093972012866288, 1054976.463202472776175 ], [ 1237885.880328590516001, 1055431.361505080014467 ], [ 1237737.852432006504387, 1055822.581403264775872 ] ] ] } },
{ "type": "Feature", "properties": { "fid": 305, "FNODE_": 1784, "TNODE_": 1785, "LPOLY_": 1, "RPOLY_": 1, "LENGTH": 0.018, "BOU2_4M_": 1612, "BOU2_4M_ID": 52, "GBCODE": 26100 }, "geometry": { "type": "MultiLineString", "coordinates": [ [ [ 1235937.374062309740111, 1053539.774107599630952 ], [ 1235516.216068004025146, 1053378.022353041917086 ], [ 1234730.602761429268867, 1053299.308838428929448 ], [ 1234266.783574852626771, 1053013.959716778248549 ], [ 1233961.726403853623196, 1053055.039434945210814 ] ] ] } },
{ "type": "Feature", "properties": { "fid": 306, "FNODE_": 1786, "TNODE_": 1787, "LPOLY_": 1, "RPOLY_": 1, "LENGTH": 0.013, "BOU2_4M_": 1613, "BOU2_4M_ID": 53, "GBCODE": 26100 }, "geometry": { "type": "MultiLineString", "coordinates": [ [ [ 1233232.958566525718197, 1052958.090861508622766 ], [ 1232720.625331894727424, 1052882.930686673149467 ], [ 1232475.833859008504078, 1052882.26869928278029 ], [ 1231995.248057878576219, 1052762.523793270811439 ], [ 1231746.162512828828767, 1052785.31897147744894 ], [ 1231743.649680870585144, 1052808.950210580602288 ] ] ] } },
{ "type": "Feature", "properties": { "fid": 307, "FNODE_": 1788, "TNODE_": 1789, "LPOLY_": 1, "RPOLY_": 1, "LENGTH": 0.043, "BOU2_4M_": 1614, "BOU2_4M_ID": 71, "GBCODE": 26100 }, "geometry": { "type": "MultiLineString", "coordinates": [ [ [ 1115035.1239920463413, 1041540.063464006409049 ], [ 1115502.049345546169207, 1041201.395325990393758 ], [ 1115986.131667076377198, 1040983.773247577250004 ], [ 1116584.736980929272249, 1041015.347010511904955 ], [ 1116903.251425308641046, 1041116.457134298980236 ], [ 1117154.604786613490433, 1041354.551809266209602 ], [ 1117212.426978079369292, 1041622.449999263510108 ], [ 1116404.880165775306523, 1042406.862145846709609 ], [ 1115952.617261010222137, 1042555.91666118055582 ], [ 1115348.164718318497762, 1042595.337413460016251 ] ] ] } },
{ "type": "Feature", "properties": { "fid": 308, "FNODE_": 1790, "TNODE_": 1791, "LPOLY_": 1, "RPOLY_": 1, "LENGTH": 0.054, "BOU2_4M_": 1615, "BOU2_4M_ID": 86, "GBCODE": 26100 }, "geometry": { "type": "MultiLineString", "coordinates": [ [ [ 1091869.115141305839643, 1040605.065020069479942 ], [ 1091333.427048634970561, 1040794.943011812865734 ], [ 1090589.17577884462662, 1040870.433053830638528 ], [ 1090284.317911733407527, 1040603.93474749289453 ], [ 1090169.69203542964533, 1040044.607069175690413 ], [ 1090083.575712265213951, 1039487.879671452566981 ], [ 1090216.794552157400176, 1039237.532710207626224 ], [ 1090795.290034864097834, 1038860.588041702285409 ], [ 1091080.995519370073453, 1038719.485137190669775 ], [ 1091474.123266688780859, 1038612.170388163998723 ], [ 1091936.361791648901999, 1038630.425089066848159 ], [ 1092147.205700186081231, 1038721.193037070333958 ], [ 1092454.760292968247086, 1038940.22532794624567 ], [ 1092678.956039272248745, 1039175.482859496027231 ], [ 1092703.025151034351438, 1039225.391968203708529 ] ] ] } },
{ "type": "Feature", "properties": { "fid": 309, "FNODE_": 1792, "TNODE_": 1793, "LPOLY_": 1, "RPOLY_": 1, "LENGTH": 0.018, "BOU2_4M_": 1616, "BOU2_4M_ID": 54, "GBCODE": 26100 }, "geometry": { "type": "MultiLineString", "coordinates": [ [ [ 1230957.147460864856839, 1052467.423616727814078 ], [ 1230782.621658164309338, 1052856.040545893833041 ], [ 1230472.711684160633013, 1053231.178406685590744 ], [ 1230120.171639813575894, 1053482.406897269189358 ], [ 1229903.011464326875284, 1053747.329460268840194 ], [ 1229720.109912805026397, 1053943.998888913542032 ], [ 1229717.60072349361144, 1053967.632384564727545 ] ] ] } },
{ "type": "Feature", "properties": { "fid": 310, "FNODE_": 1794, "TNODE_": 1795, "LPOLY_": 1, "RPOLY_": 1, "LENGTH": 0.017, "BOU2_4M_": 1617, "BOU2_4M_ID": 57, "GBCODE": 26100 }, "geometry": { "type": "MultiLineString", "coordinates": [ [ [ 1228174.786944273859262, 1053526.860789144411683 ], [ 1228288.242343433201313, 1053203.908933334052563 ], [ 1228650.792090933071449, 1052857.899958131834865 ], [ 1229040.803823413094506, 1052490.825113711878657 ], [ 1229418.450033045141026, 1052265.941747391596437 ], [ 1229415.952453441685066, 1052289.475075261667371 ] ] ] } },
{ "type": "Feature", "properties": { "fid": 311, "FNODE_": 1796, "TNODE_": 1797, "LPOLY_": 1, "RPOLY_": 1, "LENGTH": 0.042, "BOU2_4M_": 1618, "BOU2_4M_ID": 87, "GBCODE": 26100 }, "geometry": { "type": "MultiLineString", "coordinates": [ [ [ 1089316.979160042479634, 1039513.50748061388731 ], [ 1088898.934282611822709, 1039618.757601218298078 ], [ 1088335.10007665050216, 1039495.803132915869355 ], [ 1087753.379843562142923, 1039275.917542267590761 ], [ 1087587.008263531373814, 1038998.439928764477372 ], [ 1087361.252856307895854, 1038452.842703955247998 ], [ 1087479.198077301261947, 1038057.937684677541256 ], [ 1087938.222986991284415, 1037813.280153276398778 ], [ 1088511.472629296826199, 1037817.644905595108867 ], [ 1089084.373901016078889, 1038132.193617029115558 ], [ 1089027.765691641485319, 1038150.944791939109564 ] ] ] } },
{ "type": "Feature", "properties": { "fid": 312, "FNODE_": 1798, "TNODE_": 1799, "LPOLY_": 1, "RPOLY_": 1, "LENGTH": 0.031, "BOU2_4M_": 1619, "BOU2_4M_ID": 59, "GBCODE": 26100 }, "geometry": { "type": "MultiLineString", "coordinates": [ [ [ 1233821.222511701053008, 1052252.71514262072742 ], [ 1234424.64101142808795, 1051954.964983366429806 ], [ 1235035.604876641416922, 1052135.70574758015573 ], [ 1235651.604180584196001, 1052269.123080061748624 ], [ 1236395.418417241657153, 1052487.117492768913507 ], [ 1236946.219578040530905, 1053020.127290153875947 ], [ 1236884.320085709914565, 1053085.512452425435185 ] ] ] } },
{ "type": "Feature", "properties": { "fid": 313, "FNODE_": 1800, "TNODE_": 1801, "LPOLY_": 1, "RPOLY_": 1, "LENGTH": 0.023, "BOU2_4M_": 1620, "BOU2_4M_ID": 58, "GBCODE": 26100 }, "geometry": { "type": "MultiLineString", "coordinates": [ [ [ 1230276.588148578302935, 1051873.943194083869457 ], [ 1231242.700314461253583, 1051779.656390408053994 ], [ 1231628.846085767727345, 1051746.533247698098421 ], [ 1232125.289860665332526, 1051700.661521937698126 ], [ 1232635.152313719969243, 1051799.521720746532083 ], [ 1232808.184345823014155, 1051984.025095924735069 ] ] ] } },
{ "type": "Feature", "properties": { "fid": 314, "FNODE_": 1802, "TNODE_": 1803, "LPOLY_": 1, "RPOLY_": 1, "LENGTH": 0.039, "BOU2_4M_": 1621, "BOU2_4M_ID": 88, "GBCODE": 26100 }, "geometry": { "type": "MultiLineString", "coordinates": [ [ [ 1086316.795510406373069, 1038238.695331275463104 ], [ 1085737.636114519787952, 1037971.334308499470353 ], [ 1085455.360756441950798, 1037778.730057643726468 ], [ 1085312.561727821128443, 1037527.186651902273297 ], [ 1085464.721833568997681, 1037063.7861242685467 ], [ 1085734.702772521879524, 1036801.961230916902423 ], [ 1086139.500793809769675, 1036838.669382840394974 ], [ 1086690.191114088054746, 1037103.364276925101876 ], [ 1086869.912721646716818, 1037238.943921374157071 ], [ 1086737.351291885832325, 1037799.639912726357579 ], [ 1086468.254535547457635, 1038061.539436992257833 ] ] ] } },
{ "type": "Feature", "properties": { "fid": 315, "FNODE_": 1804, "TNODE_": 1805, "LPOLY_": 1, "RPOLY_": 1, "LENGTH": 0.071, "BOU2_4M_": 1622, "BOU2_4M_ID": 70, "GBCODE": 26100 }, "geometry": { "type": "MultiLineString", "coordinates": [ [ [ 1111693.593283647438511, 1039644.969419244676828 ], [ 1111514.317611231002957, 1039066.35674549266696 ], [ 1111386.545411151833832, 1038672.771044870838523 ], [ 1111803.583798712352291, 1038281.7867819853127 ], [ 1112483.097066192422062, 1037724.15011658705771 ], [ 1113066.938565367599949, 1037611.09690623357892 ], [ 1113553.271478654351085, 1037679.963198447600007 ], [ 1113958.843797656241804, 1038027.728566782549024 ], [ 1114247.439995269756764, 1038459.957185503095388 ], [ 1114167.930120432982221, 1039025.41922477260232 ], [ 1113916.231309651164338, 1039407.850103583186865 ], [ 1113199.614561556372792, 1039771.11332000978291 ], [ 1112409.701875397237018, 1039745.832218172028661 ], [ 1111771.599811949767172, 1039853.825710751116276 ] ] ] } },
{ "type": "Feature", "properties": { "fid": 316, "FNODE_": 1806, "TNODE_": 1807, "LPOLY_": 1, "RPOLY_": 1, "LENGTH": 0.062, "BOU2_4M_": 1623, "BOU2_4M_ID": 89, "GBCODE": 26100 }, "geometry": { "type": "MultiLineString", "coordinates": [ [ [ 1085515.153003774350509, 1036130.893137108534575 ], [ 1085230.007065140409395, 1036016.476297967135906 ], [ 1084804.612178551498801, 1035882.41572024859488 ], [ 1084499.26775900204666, 1035329.833258898928761 ], [ 1084225.493964506778866, 1034708.538222853094339 ], [ 1084734.055852098623291, 1033895.822063310071826 ], [ 1085665.967950830934569, 1033884.86200599744916 ], [ 1086267.218469982501119, 1034177.982039876282215 ], [ 1086349.00749557139352, 1034495.562772793695331 ], [ 1086151.633049271535128, 1035479.764910772442818 ], [ 1085860.981296896468848, 1035962.03758605197072 ], [ 1085706.692722069332376, 1036178.922593172639608 ] ] ] } },
{ "type": "Feature", "properties": { "fid": 317, "FNODE_": 1808, "TNODE_": 1809, "LPOLY_": 1, "RPOLY_": 1, "LENGTH": 0.045, "BOU2_4M_": 1624, "BOU2_4M_ID": 69, "GBCODE": 26100 }, "geometry": { "type": "MultiLineString", "coordinates": [ [ [ 1109908.132294411770999, 1037467.360343916341662 ], [ 1109742.192957329330966, 1037208.636082790791988 ], [ 1109577.151935473782942, 1036620.705924704670906 ], [ 1109990.553960288176313, 1036276.990287266671658 ], [ 1110585.739214861299843, 1036045.669681668281555 ], [ 1110829.177875027991831, 1036068.186054153367877 ], [ 1111189.564541769912466, 1036316.120367061346769 ], [ 1111431.590040111681446, 1036672.562895022332668 ], [ 1111323.219354558037594, 1037259.085250433534384 ], [ 1110897.135901133995503, 1037434.475377313792706 ], [ 1110651.283371119992808, 1037493.828909249976277 ], [ 1110251.24385551805608, 1037613.501570148393512 ] ] ] } },
{ "type": "Feature", "properties": { "fid": 318, "FNODE_": 1810, "TNODE_": 1811, "LPOLY_": 1, "RPOLY_": 1, "LENGTH": 0.061, "BOU2_4M_": 1625, "BOU2_4M_ID": 68, "GBCODE": 26100 }, "geometry": { "type": "MultiLineString", "coordinates": [ [ [ 1107009.433862053789198, 1035692.156060855835676 ], [ 1106876.380120298126712, 1035059.543279036879539 ], [ 1107091.535192310344428, 1034482.95269569195807 ], [ 1107452.767144223675132, 1034110.545321099460125 ], [ 1107991.323284259764478, 1033897.775941792875528 ], [ 1108437.510165947722271, 1034105.857461391016841 ], [ 1108827.017106231069192, 1034332.604529837146401 ], [ 1109112.779354420723394, 1035098.547472529113293 ], [ 1109120.110997752286494, 1035624.101035377010703 ], [ 1108818.261082731885836, 1035930.267944633960724 ], [ 1108185.405649893917143, 1035991.405839562416077 ], [ 1107755.656244915910065, 1035904.0132891908288 ], [ 1107468.149411416146904, 1035947.369880029931664 ], [ 1107140.184104347601533, 1035886.850331107154489 ] ] ] } },
{ "type": "Feature", "properties": { "fid": 319, "FNODE_": 1812, "TNODE_": 1813, "LPOLY_": 1, "RPOLY_": 1, "LENGTH": 0.049, "BOU2_4M_": 1626, "BOU2_4M_ID": 34, "GBCODE": 26100 }, "geometry": { "type": "MultiLineString", "coordinates": [ [ [ 1343988.245260438416153, 1059980.271699763834476 ], [ 1344354.400829276768491, 1059350.445972690358758 ], [ 1343813.539111394667998, 1058766.770818861201406 ], [ 1342954.482569643529132, 1058865.757035672664642 ], [ 1342651.891665224917233, 1059406.818307707086205 ], [ 1342384.420013069640845, 1060142.81414544954896 ], [ 1342618.529084145324305, 1060526.241707600653172 ], [ 1343143.496193616418168, 1060725.884112006053329 ], [ 1343580.616867067990825, 1060486.125667316839099 ], [ 1343600.009875375777483, 1060559.831597972661257 ] ] ] } },
{ "type": "Feature", "properties": { "fid": 320, "FNODE_": 1814, "TNODE_": 1815, "LPOLY_": 1, "RPOLY_": 1, "LENGTH": 0.069, "BOU2_4M_": 1627, "BOU2_4M_ID": 35, "GBCODE": 26100 }, "geometry": { "type": "MultiLineString", "coordinates": [ [ [ 1338695.168720198795199, 1058242.398552162572742 ], [ 1338991.844274014234543, 1057485.771273035556078 ], [ 1339002.911543760215864, 1056579.075423043221235 ], [ 1339022.681813160423189, 1056127.341966763138771 ], [ 1338821.424697894835845, 1055699.672705389559269 ], [ 1338527.567180416546762, 1055620.463103339076042 ], [ 1338306.234889829298481, 1055381.874510006979108 ], [ 1337361.741389965638518, 1055782.520595857873559 ], [ 1337433.707983944797888, 1056674.154774049296975 ], [ 1337301.946837901137769, 1057424.625702185556293 ], [ 1337085.23042732058093, 1057927.075809122994542 ], [ 1337420.307840192690492, 1058655.809201484546065 ] ] ] } },
{ "type": "Feature", "properties": { "fid": 321, "FNODE_": 1816, "TNODE_": 1817, "LPOLY_": 1, "RPOLY_": 1, "LENGTH": 0.039, "BOU2_4M_": 1628, "BOU2_4M_ID": 67, "GBCODE": 26100 }, "geometry": { "type": "MultiLineString", "coordinates": [ [ [ 1100961.340681469999254, 1030007.559087507426739 ], [ 1101162.435068045277148, 1030192.950442126020789 ], [ 1101395.928174798144028, 1030643.769165087491274 ], [ 1101554.075998120009899, 1031015.973572419956326 ], [ 1101100.585845459951088, 1031499.238467117771506 ], [ 1100653.867321356665343, 1031911.494617406278849 ], [ 1100081.751222657971084, 1031596.76179638504982 ], [ 1099690.3625605662819, 1031083.758750725537539 ], [ 1099864.968180185416713, 1030646.585482345893979 ], [ 1099835.962267886614427, 1030667.794508555904031 ] ] ] } },
{ "type": "Feature", "properties": { "fid": 322, "FNODE_": 1818, "TNODE_": 1819, "LPOLY_": 1, "RPOLY_": 1, "LENGTH": 0.01, "BOU2_4M_": 1629, "BOU2_4M_ID": 33, "GBCODE": 26100 }, "geometry": { "type": "MultiLineString", "coordinates": [ [ [ 1350938.370109768817201, 1056044.528868578374386 ], [ 1351494.730098081054166, 1055961.112280867993832 ], [ 1351971.904053745325655, 1055582.530938258394599 ] ] ] } },
{ "type": "Feature", "properties": { "fid": 323, "FNODE_": 1820, "TNODE_": 1821, "LPOLY_": 1, "RPOLY_": 1, "LENGTH": 0.014, "BOU2_4M_": 1630, "BOU2_4M_ID": 32, "GBCODE": 26100 }, "geometry": { "type": "MultiLineString", "coordinates": [ [ [ 1350495.246257734484971, 1055303.978838978335261 ], [ 1350810.253772540483624, 1054907.944013657048345 ], [ 1351403.5050747115165, 1054732.990132912993431 ], [ 1351745.299789837328717, 1054865.343620426952839 ], [ 1351769.269264989765361, 1054891.85319184884429 ] ] ] } },
{ "type": "Feature", "properties": { "fid": 324, "FNODE_": 1822, "TNODE_": 1823, "LPOLY_": 1, "RPOLY_": 1, "LENGTH": 0.054, "BOU2_4M_": 1631, "BOU2_4M_ID": 66, "GBCODE": 26100 }, "geometry": { "type": "MultiLineString", "coordinates": [ [ [ 1095647.503183492226526, 1028901.383748119696975 ], [ 1095293.294129070127383, 1028582.773320900276303 ], [ 1095301.775877956533805, 1028178.130732126533985 ], [ 1095344.601948688970879, 1027705.174590762704611 ], [ 1095514.159657183801755, 1027339.011716347187757 ], [ 1096062.994982892181724, 1027007.472919655963778 ], [ 1096692.986275109229609, 1027303.626340750604868 ], [ 1096971.331571164075285, 1027853.731886813417077 ], [ 1097023.888056705938652, 1028478.538232045248151 ], [ 1096680.279384073801339, 1028971.890935707837343 ], [ 1096173.01777026290074, 1029140.167840646579862 ], [ 1095825.050769654801115, 1029060.687769044190645 ] ] ] } },
{ "type": "Feature", "properties": { "fid": 325, "FNODE_": 1824, "TNODE_": 1825, "LPOLY_": 1, "RPOLY_": 1, "LENGTH": 0.038, "BOU2_4M_": 1632, "BOU2_4M_ID": 31, "GBCODE": 26100 }, "geometry": { "type": "MultiLineString", "coordinates": [ [ [ 1354853.44670591969043, 1055511.004618354141712 ], [ 1354991.68143120361492, 1055239.348619107156992 ], [ 1354743.076042235596105, 1054734.728769881650805 ], [ 1354411.489732287125662, 1054245.129275884479284 ], [ 1354127.781392384087667, 1054071.177714958786964 ], [ 1353730.709295541746542, 1054195.501151228323579 ], [ 1353560.19967129570432, 1054774.413417607545853 ], [ 1353496.586715134093538, 1055125.737355662509799 ], [ 1353787.615817022742704, 1055491.532966388389468 ], [ 1354339.408171822316945, 1055455.54207755625248 ] ] ] } },
{ "type": "Feature", "properties": { "fid": 326, "FNODE_": 1826, "TNODE_": 1827, "LPOLY_": 1, "RPOLY_": 1, "LENGTH": 0.056, "BOU2_4M_": 1633, "BOU2_4M_ID": 64, "GBCODE": 26100 }, "geometry": { "type": "MultiLineString", "coordinates": [ [ [ 1084076.694180578924716, 1026227.571567406877875 ], [ 1083774.478198969969526, 1025627.916108716279268 ], [ 1084057.525066802743822, 1024890.533223029226065 ], [ 1084684.655727011617273, 1024613.520465822890401 ], [ 1085165.106160414172336, 1024442.379710866138339 ], [ 1085852.543969416758046, 1024695.460140250623226 ], [ 1085988.921063534682617, 1025017.768572762608528 ], [ 1085984.303391555789858, 1025375.092873502522707 ], [ 1085779.436961201252416, 1025833.348389744758606 ], [ 1085416.578441239427775, 1026229.638845982030034 ], [ 1084802.74994677095674, 1026364.865584835410118 ], [ 1084485.699381275568157, 1026550.706066349521279 ] ] ] } },
{ "type": "Feature", "properties": { "fid": 327, "FNODE_": 1828, "TNODE_": 1829, "LPOLY_": 1, "RPOLY_": 1, "LENGTH": 0.011, "BOU2_4M_": 1634, "BOU2_4M_ID": 30, "GBCODE": 26100 }, "geometry": { "type": "MultiLineString", "coordinates": [ [ [ 1359317.721278613666072, 1054178.100592274218798 ], [ 1359772.164620111696422, 1053773.487324463203549 ], [ 1359990.008172544650733, 1053247.66547605022788 ], [ 1360017.624886380974203, 1053250.709588404744864 ] ] ] } },
{ "type": "Feature", "properties": { "fid": 328, "FNODE_": 1830, "TNODE_": 1831, "LPOLY_": 1, "RPOLY_": 1, "LENGTH": 0.183, "BOU2_4M_": 1635, "BOU2_4M_ID": 45, "GBCODE": 26100 }, "geometry": { "type": "MultiLineString", "coordinates": [ [ [ 1271865.579198898049071, 1042858.965715900063515 ], [ 1271606.992836666293442, 1044073.78762212023139 ], [ 1271376.024811738403514, 1045028.831277886405587 ], [ 1271576.606335415272042, 1046314.702485235407948 ], [ 1271501.736344401026145, 1047071.060496162623167 ], [ 1271887.728083695750684, 1048423.938789796084166 ], [ 1272285.577938867500052, 1049372.291106048971415 ], [ 1273119.842721501132473, 1050054.911634040996432 ], [ 1273709.020202826010063, 1050449.776088519021869 ], [ 1274234.375396999763325, 1050670.866046944633126 ], [ 1276710.863643002463505, 1051355.547047518193722 ], [ 1277441.451745702652261, 1051430.827288022264838 ], [ 1277677.978577585192397, 1050977.43084735237062 ], [ 1277587.927336392225698, 1049415.902777181938291 ], [ 1276838.672527521150187, 1047333.028670696541667 ], [ 1276343.500822919886559, 1046255.432232636958361 ], [ 1276315.11471910495311, 1045440.769482761621475 ], [ 1276335.072824361966923, 1044416.159118577837944 ] ] ] } },
{ "type": "Feature", "properties": { "fid": 329, "FNODE_": 1832, "TNODE_": 1833, "LPOLY_": 1, "RPOLY_": 1, "LENGTH": 0.011, "BOU2_4M_": 1636, "BOU2_4M_ID": 29, "GBCODE": 26100 }, "geometry": { "type": "MultiLineString", "coordinates": [ [ [ 1358565.281492344569415, 1053523.531614225357771 ], [ 1358727.728684574831277, 1053015.603003947064281 ], [ 1359310.320886451750994, 1052672.556224828585982 ], [ 1359337.950440402142704, 1052675.500866733491421 ] ] ] } },
{ "type": "Feature", "properties": { "fid": 330, "FNODE_": 1834, "TNODE_": 1835, "LPOLY_": 1, "RPOLY_": 1, "LENGTH": 0.173, "BOU2_4M_": 1637, "BOU2_4M_ID": 44, "GBCODE": 26100 }, "geometry": { "type": "MultiLineString", "coordinates": [ [ [ 1273512.622291200561449, 1043362.212393971160054 ], [ 1273370.401702099246904, 1044517.358137039467692 ], [ 1273222.989276513457298, 1045719.795199979096651 ], [ 1273229.251574220601469, 1047582.745051367208362 ], [ 1273120.570102616678923, 1048120.77747237868607 ], [ 1273953.157526911236346, 1048540.566769175231457 ], [ 1274378.550142787396908, 1048679.850955992937088 ], [ 1275021.305263041518629, 1048817.58464683778584 ], [ 1275394.033186939312145, 1048640.960862677544355 ], [ 1275654.628749484196305, 1048214.042762149125338 ], [ 1275600.333262756234035, 1047945.814701745286584 ], [ 1275376.907172381412238, 1047445.315485147759318 ], [ 1275156.870369535405189, 1046897.421800928190351 ], [ 1275155.188004423631355, 1046371.985800709575415 ], [ 1275145.718155056703836, 1045917.286040058359504 ], [ 1274909.264545741956681, 1045272.274538539350033 ], [ 1274895.459679878782481, 1044865.007906150072813 ], [ 1274814.316125244600698, 1044307.600638091564178 ], [ 1274727.096242333762348, 1043534.742530724033713 ], [ 1274793.511034184601158, 1043135.743505382910371 ], [ 1274917.802403097273782, 1042718.83420093357563 ], [ 1275037.738665915094316, 1042062.786658447235823 ], [ 1275136.089623919688165, 1041619.463704608380795 ], [ 1275143.837477615103126, 1040999.585951492190361 ], [ 1275098.047984086209908, 1040636.870723534375429 ], [ 1274588.679696012986824, 1040799.302475731819868 ], [ 1274353.903736299835145, 1041228.704202145338058 ], [ 1274130.41066165198572, 1041826.365727089345455 ], [ 1273905.154029692523181, 1042161.200577910989523 ], [ 1273516.81732543790713, 1042765.870174573734403 ], [ 1273544.457543421536684, 1042768.708130791783333 ] ] ] } },
{ "type": "Feature", "properties": { "fid": 331, "FNODE_": 1836, "TNODE_": 1837, "LPOLY_": 1, "RPOLY_": 1, "LENGTH": 0.115, "BOU2_4M_": 1638, "BOU2_4M_ID": 65, "GBCODE": 26100 }, "geometry": { "type": "MultiLineString", "coordinates": [ [ [ 1086647.59151522628963, 1022836.224407201632857 ], [ 1086582.025578399887308, 1022353.449769834056497 ], [ 1086460.20155703346245, 1021865.62441642768681 ], [ 1086517.226892764447257, 1021227.133186940103769 ], [ 1086749.13000313215889, 1020461.466833867132664 ], [ 1086938.353527788072824, 1019882.687557658180594 ], [ 1087254.889201000332832, 1019387.075178755447268 ], [ 1087789.353647039271891, 1018911.096791053190827 ], [ 1088211.165220913942903, 1018782.520557388663292 ], [ 1088595.121605169959366, 1018769.720034718513489 ], [ 1089154.68698956607841, 1018939.594429921358824 ], [ 1089624.525992834242061, 1019173.00428855791688 ], [ 1090124.699641058221459, 1019409.28335496596992 ], [ 1090370.441061593359336, 1019717.570392787456512 ], [ 1090125.249096437124535, 1020315.082892863079906 ], [ 1089845.30878461105749, 1021004.838243667036295 ], [ 1089235.988280692137778, 1021712.314930226653814 ], [ 1088839.911637473385781, 1022153.087840573862195 ], [ 1088482.175283003831282, 1022502.090265411883593 ], [ 1087854.838403018889949, 1022778.851509632542729 ], [ 1087270.690442492486909, 1022892.761506488546729 ], [ 1086736.589143906952813, 1023058.881286937743425 ] ] ] } },
{ "type": "Feature", "properties": { "fid": 332, "FNODE_": 1838, "TNODE_": 1839, "LPOLY_": 1, "RPOLY_": 1, "LENGTH": 0.131, "BOU2_4M_": 1639, "BOU2_4M_ID": 46, "GBCODE": 26100 }, "geometry": { "type": "MultiLineString", "coordinates": [ [ [ 1276214.30111135262996, 1043711.452753335237503 ], [ 1276304.993811974767596, 1042527.221975149586797 ], [ 1276186.765837667509913, 1041798.987759688869119 ], [ 1276087.429146081209183, 1040857.897924399003386 ], [ 1275919.877926710993052, 1039790.531754115596414 ], [ 1275436.119565206812695, 1037783.936574740335345 ], [ 1275471.473722210153937, 1037429.616370653733611 ], [ 1274739.092938690679148, 1037091.874957397580147 ], [ 1274037.777357462560758, 1036972.018811563029885 ], [ 1273647.643364359624684, 1037600.190537486225367 ], [ 1273569.238378090085462, 1038117.056510193273425 ], [ 1273623.023350241128355, 1038957.92993932031095 ], [ 1273527.361403419403359, 1039640.123249312862754 ], [ 1273202.910507496679202, 1040418.327584095299244 ], [ 1272719.557027129922062, 1040869.914459180086851 ], [ 1272080.373942560283467, 1042355.822564052417874 ], [ 1272077.773539655841887, 1042379.52327542938292 ] ] ] } },
{ "type": "Feature", "properties": { "fid": 333, "FNODE_": 1840, "TNODE_": 1841, "LPOLY_": 1, "RPOLY_": 1, "LENGTH": 0.078, "BOU2_4M_": 1640, "BOU2_4M_ID": 135, "GBCODE": 26100 }, "geometry": { "type": "MultiLineString", "coordinates": [ [ [ 940711.765610014321283, 1007088.651114767417312 ], [ 941272.600801956839859, 1007294.426261277869344 ], [ 942144.037751523894258, 1007307.871967922896147 ], [ 942815.887455339427106, 1007164.767249209806323 ], [ 943385.82664157403633, 1006681.384043324738741 ], [ 943789.168893669149838, 1006067.615894246846437 ], [ 943973.877531901584007, 1005676.16317586787045 ], [ 943652.890008829184808, 1005130.441026624292135 ], [ 942961.226845588418655, 1004939.268168423324823 ], [ 942132.434803783660755, 1005119.04328192025423 ], [ 941492.727728266967461, 1005597.38972076587379 ], [ 940963.610153652261943, 1006154.990879045799375 ], [ 940596.195722206379287, 1006771.465197464451194 ], [ 940626.237962491693906, 1006856.017554437741637 ] ] ] } },
{ "type": "Feature", "properties": { "fid": 334, "FNODE_": 1842, "TNODE_": 1843, "LPOLY_": 1, "RPOLY_": 1, "LENGTH": 0.057, "BOU2_4M_": 1641, "BOU2_4M_ID": 137, "GBCODE": 26100 }, "geometry": { "type": "MultiLineString", "coordinates": [ [ [ 938176.812720558489673, 1003867.547634532675147 ], [ 937396.984598461771384, 1003741.839740633964539 ], [ 936765.444409220595844, 1003673.971139309927821 ], [ 936210.712721908348612, 1003825.539711037650704 ], [ 935726.528158203465864, 1004576.647060194984078 ], [ 936379.802544963778928, 1004954.998814726248384 ], [ 937210.974968695896678, 1005179.350729340687394 ], [ 937839.441934065893292, 1005128.130822954699397 ], [ 938247.782983556622639, 1004895.058344243094325 ], [ 938467.337202714406885, 1004359.331488717347383 ], [ 938446.885656246449798, 1004144.452634366229177 ] ] ] } },
{ "type": "Feature", "properties": { "fid": 335, "FNODE_": 1844, "TNODE_": 1845, "LPOLY_": 1, "RPOLY_": 1, "LENGTH": 0.039, "BOU2_4M_": 1642, "BOU2_4M_ID": 138, "GBCODE": 26100 }, "geometry": { "type": "MultiLineString", "coordinates": [ [ [ 939322.192801700090058, 1005070.607700999826193 ], [ 939709.340598025592044, 1005044.666320255026221 ], [ 940041.320787578355521, 1004877.620828449726105 ], [ 940196.57653866824694, 1004270.23021655343473 ], [ 940035.286384738865308, 1003783.313523091375828 ], [ 939460.888317566132173, 1003743.135401152074337 ], [ 938933.362822166411206, 1003991.726525796577334 ], [ 938893.283622374641709, 1004488.265321914106607 ], [ 939187.419849875033833, 1005079.586024375632405 ] ] ] } },
{ "type": "Feature", "properties": { "fid": 336, "FNODE_": 1846, "TNODE_": 1847, "LPOLY_": 1, "RPOLY_": 1, "LENGTH": 0.032, "BOU2_4M_": 1643, "BOU2_4M_ID": 139, "GBCODE": 26100 }, "geometry": { "type": "MultiLineString", "coordinates": [ [ [ 940908.796912134159356, 1004652.905505048111081 ], [ 941310.748292264412157, 1004633.353161631152034 ], [ 941748.177166989538819, 1004331.223251817747951 ], [ 941828.14749310631305, 1003932.483782161027193 ], [ 941309.540723234065808, 1003491.922969855368137 ], [ 940734.384060885990039, 1003594.394718008115888 ], [ 940680.52377258578781, 1003971.135317934677005 ], [ 940862.532272218260914, 1004513.001657953485847 ] ] ] } },
{ "type": "Feature", "properties": { "fid": 337, "FNODE_": 1848, "TNODE_": 1849, "LPOLY_": 1, "RPOLY_": 1, "LENGTH": 0.027, "BOU2_4M_": 1644, "BOU2_4M_ID": 140, "GBCODE": 26100 }, "geometry": { "type": "MultiLineString", "coordinates": [ [ [ 931692.469788797083311, 1002084.84354860894382 ], [ 932221.540339759667404, 1002141.055574191734195 ], [ 932335.742371909203939, 1002153.17066839709878 ], [ 932700.669405311229639, 1002012.098134348168969 ], [ 932588.612408196553588, 1001647.656936982646585 ], [ 932150.285924951080233, 1001379.482291769236326 ], [ 931553.503138025524095, 1001314.39772773720324 ], [ 931449.364889899850823, 1001592.356580113992095 ], [ 931490.982072979561053, 1001769.36521802097559 ] ] ] } },
{ "type": "Feature", "properties": { "fid": 338, "FNODE_": 1850, "TNODE_": 1851, "LPOLY_": 1, "RPOLY_": 1, "LENGTH": 0.047, "BOU2_4M_": 1645, "BOU2_4M_ID": 141, "GBCODE": 26100 }, "geometry": { "type": "MultiLineString", "coordinates": [ [ [ 933412.983083074213937, 1001657.353311302140355 ], [ 933614.424226351315156, 1002241.978447381407022 ], [ 933945.440239348798059, 1002669.268360693007708 ], [ 934497.091092912945896, 1002992.972876120358706 ], [ 935212.672058557276614, 1002900.003425175324082 ], [ 935424.386583770159632, 1002605.708268564194441 ], [ 934973.83150779188145, 1001908.543076228350401 ], [ 934416.443098703981377, 1001655.70482024922967 ], [ 933857.590265593491495, 1001398.433204740285873 ], [ 933542.429329201811925, 1001457.1143848747015 ] ] ] } },
{ "type": "Feature", "properties": { "fid": 339, "FNODE_": 1852, "TNODE_": 1853, "LPOLY_": 1, "RPOLY_": 1, "LENGTH": 0.012, "BOU2_4M_": 1646, "BOU2_4M_ID": 142, "GBCODE": 26100 }, "geometry": { "type": "MultiLineString", "coordinates": [ [ [ 930527.238541550002992, 1000577.413462 ], [ 931326.075268573476933, 1000918.027138875797391 ], [ 931837.198007885250263, 1000715.833530325442553 ] ] ] } },
{ "type": "Feature", "properties": { "fid": 340, "FNODE_": 1854, "TNODE_": 1855, "LPOLY_": 1, "RPOLY_": 1, "LENGTH": 0.012, "BOU2_4M_": 1647, "BOU2_4M_ID": 142, "GBCODE": 26100 }, "geometry": { "type": "MultiLineString", "coordinates": [ [ [ 931792.607593819033355, 1000575.937421010807157 ], [ 931605.967700746608898, 1000366.879783308133483 ], [ 930970.16515406651888, 1000203.972615856677294 ], [ 930839.276095379027538, 1000276.479831768199801 ], [ 930577.346572295995429, 1000412.201580485329032 ] ] ] } },
{ "type": "Feature", "properties": { "fid": 341, "FNODE_": 1856, "TNODE_": 1857, "LPOLY_": 1, "RPOLY_": 1, "LENGTH": 0.031, "BOU2_4M_": 1648, "BOU2_4M_ID": 36, "GBCODE": 26100 }, "geometry": { "type": "MultiLineString", "coordinates": [ [ [ 1311070.638508151751012, 1033373.910684444010258 ], [ 1310274.651046873768792, 1033385.648281401023269 ], [ 1309833.287570622749627, 1033959.703352950513363 ], [ 1310050.305829804390669, 1034244.883835554122925 ], [ 1310415.374365288531408, 1034426.310884775593877 ], [ 1310949.789985762676224, 1034291.59240916185081 ], [ 1311523.423633492086083, 1034041.742529302835464 ] ] ] } },
{ "type": "Feature", "properties": { "fid": 342, "FNODE_": 1858, "TNODE_": 1859, "LPOLY_": 1, "RPOLY_": 1, "LENGTH": 0.014, "BOU2_4M_": 1649, "BOU2_4M_ID": 144, "GBCODE": 26100 }, "geometry": { "type": "MultiLineString", "coordinates": [ [ [ 924618.886274647782557, 994696.707517674192786 ], [ 924695.611104086157866, 995158.838262319564819 ], [ 925101.011637657531537, 995313.69976063631475 ], [ 925469.223810016876087, 995347.410813691094518 ], [ 925717.455553749459796, 995395.58935814909637 ] ] ] } },
{ "type": "Feature", "properties": { "fid": 343, "FNODE_": 1860, "TNODE_": 1861, "LPOLY_": 1, "RPOLY_": 1, "LENGTH": 0.013, "BOU2_4M_": 1650, "BOU2_4M_ID": 144, "GBCODE": 26100 }, "geometry": { "type": "MultiLineString", "coordinates": [ [ [ 925854.165303314686753, 995182.091699430719018 ], [ 925804.563063206616789, 994854.929093426093459 ], [ 925257.926285578054376, 994460.708764167502522 ], [ 924844.051872056908906, 994468.804002759978175 ] ] ] } },
{ "type": "Feature", "properties": { "fid": 344, "FNODE_": 1862, "TNODE_": 1863, "LPOLY_": 1, "RPOLY_": 1, "LENGTH": 0.063, "BOU2_4M_": 1651, "BOU2_4M_ID": 145, "GBCODE": 26100 }, "geometry": { "type": "MultiLineString", "coordinates": [ [ [ 928232.901195109705441, 996725.41234889999032 ], [ 928483.037586922640912, 996489.765281995758414 ], [ 928610.333652251865715, 995785.491399325430393 ], [ 928492.731714676017873, 995183.179541427642107 ], [ 928102.171981611521915, 994752.086383560672402 ], [ 927517.24848361487966, 994545.295770533382893 ], [ 927024.230896141380072, 994653.955464417114854 ], [ 926771.578280085348524, 995611.006243344396353 ], [ 926677.080431127222255, 996198.697864221408963 ], [ 926645.094596408656798, 996600.478520229458809 ], [ 927039.055083662620746, 996841.620766090229154 ], [ 927615.655923419399187, 996857.732045378535986 ], [ 928051.718808388453908, 996864.048283772543073 ] ] ] } },
{ "type": "Feature", "properties": { "fid": 345, "FNODE_": 1864, "TNODE_": 1864, "LPOLY_": 1, "RPOLY_": 874, "LENGTH": 0.022, "BOU2_4M_": 1652, "BOU2_4M_ID": 26010, "GBCODE": 26010 }, "geometry": { "type": "MultiLineString", "coordinates": [ [ [ 924664.099603240843862, 992313.462992010638118 ], [ 924734.878458975115791, 992419.993301076814532 ], [ 925139.399523430503905, 992473.848652269691229 ], [ 925420.034358715405688, 992375.689000573009253 ], [ 925650.804280625539832, 992202.580712761729956 ], [ 925479.02223334053997, 991928.066648162901402 ], [ 925037.327090103644878, 991990.520213838666677 ], [ 924759.468227439559996, 992065.013462672010064 ], [ 924664.099603240843862, 992313.462992010638118 ] ] ] } },
{ "type": "Feature", "properties": { "fid": 346, "FNODE_": 1865, "TNODE_": 1866, "LPOLY_": 1, "RPOLY_": 1, "LENGTH": 0.092, "BOU2_4M_": 1653, "BOU2_4M_ID": 147, "GBCODE": 26100 }, "geometry": { "type": "MultiLineString", "coordinates": [ [ [ 924555.604647235944867, 991048.76320811547339 ], [ 924353.827744131209329, 990833.905296361073852 ], [ 923730.154716636869125, 990363.250580193474889 ], [ 923027.60464893176686, 990148.601182786747813 ], [ 922660.615878153592348, 990313.416092865169048 ], [ 922803.280463652918115, 991036.048715701326728 ], [ 923204.337992029730231, 991633.960375770926476 ], [ 923775.369859838741831, 992029.65351640433073 ], [ 924085.284370138659142, 992288.643149571493268 ], [ 924282.390933023067191, 992777.539414670318365 ], [ 924931.061619275598787, 993226.186382764950395 ], [ 925859.502053078380413, 993575.374666687101126 ], [ 926302.474219739786349, 993202.008041067048907 ], [ 926062.546821230673231, 992211.030024386942387 ], [ 925575.86768223263789, 991797.239494107663631 ], [ 924834.966601439053193, 991318.463323125615716 ] ] ] } },
{ "type": "Feature", "properties": { "fid": 347, "FNODE_": 1867, "TNODE_": 1868, "LPOLY_": 1, "RPOLY_": 1, "LENGTH": 0.091, "BOU2_4M_": 1654, "BOU2_4M_ID": 28, "GBCODE": 26100 }, "geometry": { "type": "MultiLineString", "coordinates": [ [ [ 1399209.981796249281615, 1029326.771012030541897 ], [ 1399610.662713283905759, 1029681.141769105568528 ], [ 1400619.167422743979841, 1029745.031857980415225 ], [ 1400805.644246299285442, 1030051.907484570518136 ], [ 1401388.678000711137429, 1029997.145544638857245 ], [ 1401719.420118728419766, 1029723.681425370275974 ], [ 1402269.129438200499862, 1029188.455163130536675 ], [ 1402480.365530790062621, 1028496.251903422176838 ], [ 1402590.403993074083701, 1028222.227913090959191 ], [ 1402025.240227641304955, 1027873.37880901247263 ], [ 1401373.086859699804336, 1027562.60880083963275 ], [ 1400321.223626313963905, 1027136.196595199406147 ], [ 1399552.45399094093591, 1027146.523068629205227 ], [ 1398952.142394024180248, 1027366.319594781845808 ], [ 1398864.167545883683488, 1027863.551536759361625 ], [ 1398963.942938947118819, 1028454.955879338085651 ], [ 1399102.397388899000362, 1028875.47795681655407 ] ] ] } },
{ "type": "Feature", "properties": { "fid": 348, "FNODE_": 1869, "TNODE_": 1870, "LPOLY_": 1, "RPOLY_": 1, "LENGTH": 0.07, "BOU2_4M_": 1655, "BOU2_4M_ID": 47, "GBCODE": 26100 }, "geometry": { "type": "MultiLineString", "coordinates": [ [ [ 1226911.565314306644723, 1003308.784340001642704 ], [ 1227112.533927481388673, 1003168.813981374725699 ], [ 1227368.593502183444798, 1002789.452803643420339 ], [ 1227628.745682864682749, 1002362.88119681365788 ], [ 1228061.684579679975286, 1001858.26467152312398 ], [ 1228382.686015433399007, 1001652.101106159389019 ], [ 1228616.9396269377321, 1001223.041530998423696 ], [ 1228410.843271082732826, 1000511.913941325619817 ], [ 1228189.344845439074561, 1000537.468213435262442 ], [ 1227547.999308600556105, 1000926.134014677256346 ], [ 1227138.722765308106318, 1001480.693337623029947 ], [ 1226720.735418315278366, 1001843.846492953598499 ], [ 1226452.264758538454771, 1002341.030793881043792 ], [ 1226271.078273343853652, 1002799.283928563818336 ], [ 1226257.951314548961818, 1002940.970077311620116 ], [ 1226452.108368422836065, 1003208.525212176144123 ], [ 1226707.704603351652622, 1003390.512410772964358 ] ] ] } },
{ "type": "Feature", "properties": { "fid": 349, "FNODE_": 1871, "TNODE_": 1872, "LPOLY_": 1, "RPOLY_": 1, "LENGTH": 0.158, "BOU2_4M_": 1656, "BOU2_4M_ID": 48, "GBCODE": 26100 }, "geometry": { "type": "MultiLineString", "coordinates": [ [ [ 1225689.171276732347906, 1005567.729649839922786 ], [ 1225428.530775873921812, 1004430.37507482804358 ], [ 1225201.391014404594898, 1003669.39742393232882 ], [ 1225089.688503905199468, 1002824.708096973598003 ], [ 1225217.41262221429497, 1002075.371383549645543 ], [ 1225680.520427799783647, 1001240.384486325085163 ], [ 1226027.011409370228648, 1000774.766686381772161 ], [ 1226598.398321393411607, 1000260.115903148427606 ], [ 1227456.86059526889585, 1000178.824230667203665 ], [ 1228425.829826628789306, 999513.454745016992092 ], [ 1228980.536334849894047, 999449.543512051925063 ], [ 1229756.40793513902463, 999645.983658652752638 ], [ 1229921.044835808221251, 1000209.965721368789673 ], [ 1229808.84490384417586, 1001365.571385869756341 ], [ 1229147.410887449514121, 1002252.125483825802803 ], [ 1228295.73582597868517, 1003691.368124790489674 ], [ 1227632.334162440383807, 1004316.071323188021779 ], [ 1226756.329269254114479, 1005157.712496591731906 ], [ 1226336.653381219832227, 1005520.873998064547777 ], [ 1226235.578249830752611, 1005630.960938097909093 ], [ 1225848.039149906253442, 1005758.122724294662476 ] ] ] } },
{ "type": "Feature", "properties": { "fid": 350, "FNODE_": 1873, "TNODE_": 1874, "LPOLY_": 1, "RPOLY_": 1, "LENGTH": 0.017, "BOU2_4M_": 1657, "BOU2_4M_ID": 42, "GBCODE": 26100 }, "geometry": { "type": "MultiLineString", "coordinates": [ [ [ 1286329.611410252051428, 1004147.48784214258194 ], [ 1286692.479642539285123, 1004351.693906808272004 ], [ 1286927.175925278337672, 1004471.216766336932778 ], [ 1287318.649493521079421, 1004678.414004089310765 ], [ 1287818.350654041394591, 1004896.81835025921464 ], [ 1288081.645917584653944, 1004733.409239334985614 ], [ 1288079.038380681537092, 1004756.955914525315166 ] ] ] } },
{ "type": "Feature", "properties": { "fid": 351, "FNODE_": 1875, "TNODE_": 1876, "LPOLY_": 1, "RPOLY_": 1, "LENGTH": 0.011, "BOU2_4M_": 1658, "BOU2_4M_ID": 38, "GBCODE": 26100 }, "geometry": { "type": "MultiLineString", "coordinates": [ [ [ 1286815.434164736419916, 1003673.704399215057492 ], [ 1287250.229229020653293, 1003718.64486956037581 ], [ 1287620.918927969643846, 1003852.237660150974989 ], [ 1288045.28964651026763, 1003991.292970823124051 ], [ 1288073.022354607237503, 1003994.166009403765202 ] ] ] } },
{ "type": "Feature", "properties": { "fid": 352, "FNODE_": 1877, "TNODE_": 1878, "LPOLY_": 1, "RPOLY_": 1, "LENGTH": 0.015, "BOU2_4M_": 1659, "BOU2_4M_ID": 41, "GBCODE": 26100 }, "geometry": { "type": "MultiLineString", "coordinates": [ [ [ 1284575.582462796242908, 1003037.701772749423981 ], [ 1284760.183985544135794, 1003652.138063985854387 ], [ 1285169.055942063219845, 1003956.212002890184522 ], [ 1285596.926873379852623, 1004071.829591702669859 ], [ 1285623.765450272476301, 1004074.597994551062584 ] ] ] } },
{ "type": "Feature", "properties": { "fid": 353, "FNODE_": 1879, "TNODE_": 1880, "LPOLY_": 1, "RPOLY_": 1, "LENGTH": 0.011, "BOU2_4M_": 1660, "BOU2_4M_ID": 37, "GBCODE": 26100 }, "geometry": { "type": "MultiLineString", "coordinates": [ [ [ 1285290.108283696696162, 1003016.148907694965601 ], [ 1285972.672010723268613, 1003324.769200144335628 ], [ 1286396.259978185174987, 1003487.505899855867028 ], [ 1286393.645443498389795, 1003511.149231735616922 ] ] ] } },
{ "type": "Feature", "properties": { "fid": 354, "FNODE_": 1881, "TNODE_": 1882, "LPOLY_": 1, "RPOLY_": 1, "LENGTH": 0.019, "BOU2_4M_": 1661, "BOU2_4M_ID": 39, "GBCODE": 26100 }, "geometry": { "type": "MultiLineString", "coordinates": [ [ [ 1288736.451872935751453, 1003943.728014057502151 ], [ 1289166.09679429535754, 1003488.050252774730325 ], [ 1288558.08090299111791, 1003258.499609280377626 ], [ 1287650.409113738685846, 1003021.722913263365626 ] ] ] } },
{ "type": "Feature", "properties": { "fid": 355, "FNODE_": 1883, "TNODE_": 1884, "LPOLY_": 1, "RPOLY_": 1, "LENGTH": 0.009, "BOU2_4M_": 1662, "BOU2_4M_ID": 40, "GBCODE": 26100 }, "geometry": { "type": "MultiLineString", "coordinates": [ [ [ 1286874.300254954723641, 1002822.516238361597061 ], [ 1286362.365881637204438, 1002721.991982260718942 ], [ 1285974.301955512026325, 1002491.398364996537566 ], [ 1286002.038197900401428, 1002494.26648030243814 ] ] ] } },
{ "type": "Feature", "properties": { "fid": 356, "FNODE_": 1885, "TNODE_": 1886, "LPOLY_": 1, "RPOLY_": 1, "LENGTH": 0.072, "BOU2_4M_": 1663, "BOU2_4M_ID": 43, "GBCODE": 26100 }, "geometry": { "type": "MultiLineString", "coordinates": [ [ [ 1288816.005143279209733, 1004785.578365467488766 ], [ 1289501.115364329423755, 1004522.967970596626401 ], [ 1289727.243928751675412, 1004189.128641394898295 ], [ 1289983.655978289432824, 1003810.791667198762298 ], [ 1290086.790590664604679, 1003607.029691582545638 ], [ 1289988.989923964021727, 1003215.932916034013033 ], [ 1289206.050229438347742, 1002539.55044280923903 ], [ 1288183.943824292160571, 1002338.617702659219503 ], [ 1287292.605138648301363, 1002198.920886116102338 ], [ 1286642.930623535066843, 1002107.969805875793099 ], [ 1285756.783335988642648, 1001921.205929670482874 ], [ 1285169.498216172214597, 1002027.290952626615763 ], [ 1284833.512839696602896, 1002373.66302827373147 ], [ 1284694.130606615915895, 1002668.87866978161037 ], [ 1284720.97239860962145, 1002671.645004149526358 ] ] ] } },
{ "type": "Feature", "properties": { "fid": 357, "FNODE_": 1887, "TNODE_": 1888, "LPOLY_": 1, "RPOLY_": 1, "LENGTH": 0.026, "BOU2_4M_": 1664, "BOU2_4M_ID": 26, "GBCODE": 26100 }, "geometry": { "type": "MultiLineString", "coordinates": [ [ [ 1349859.698165538022295, 994669.911182755604386 ], [ 1350240.288056252757087, 994851.46554440818727 ], [ 1350516.174207706470042, 994833.541407853364944 ], [ 1350877.184616319369525, 994800.88428838737309 ], [ 1350913.63092301459983, 994447.728197831660509 ], [ 1350441.969442901434377, 994230.481842316687107 ], [ 1350147.417793663451448, 994151.239416031166911 ], [ 1349639.787267782725394, 994549.112524878233671 ], [ 1349641.618086978094652, 994525.499302444979548 ] ] ] } },
{ "type": "Feature", "properties": { "fid": 358, "FNODE_": 1889, "TNODE_": 1890, "LPOLY_": 1, "RPOLY_": 1, "LENGTH": 0.079, "BOU2_4M_": 1665, "BOU2_4M_ID": 27, "GBCODE": 26100 }, "geometry": { "type": "MultiLineString", "coordinates": [ [ [ 1350707.342638445319608, 995639.524543223902583 ], [ 1351105.221651331754401, 995515.547052862122655 ], [ 1351540.922081995988265, 995276.74220334738493 ], [ 1351790.440595814026892, 994993.992291077971458 ], [ 1351913.85382621968165, 994602.688099039718509 ], [ 1351639.827187958871946, 994073.405395170673728 ], [ 1351208.707276169210672, 993717.694850062951446 ], [ 1350302.174210483208299, 993192.094397423788905 ], [ 1349753.075199220329523, 993180.818960126489401 ], [ 1349089.230998874874786, 993228.633707288652658 ], [ 1348479.640846013324335, 993544.040388675406575 ], [ 1348482.960271614370868, 994306.0185288451612 ], [ 1348812.619492994388565, 994841.279690684750676 ], [ 1349231.913958093384281, 995314.686177987605333 ], [ 1349633.004663039930165, 995405.274545086547732 ], [ 1350011.297171072568744, 995731.503609903156757 ], [ 1350038.156008788617328, 995734.420807335525751 ] ] ] } },
{ "type": "Feature", "properties": { "fid": 359, "FNODE_": 1891, "TNODE_": 1892, "LPOLY_": 1, "RPOLY_": 1, "LENGTH": 0.014, "BOU2_4M_": 1666, "BOU2_4M_ID": 24, "GBCODE": 26100 }, "geometry": { "type": "MultiLineString", "coordinates": [ [ [ 1379535.517235518200323, 986360.108080338686705 ], [ 1380309.428546799346805, 986325.678889298811555 ], [ 1380753.591700092423707, 986017.317889869213104 ], [ 1380964.975342890480533, 985850.068566679954529 ], [ 1380962.203112907940522, 985873.456612806767225 ] ] ] } },
{ "type": "Feature", "properties": { "fid": 360, "FNODE_": 1893, "TNODE_": 1894, "LPOLY_": 1, "RPOLY_": 1, "LENGTH": 0.034, "BOU2_4M_": 1667, "BOU2_4M_ID": 25, "GBCODE": 26100 }, "geometry": { "type": "MultiLineString", "coordinates": [ [ [ 1378659.605630436912179, 986336.071157300844789 ], [ 1378166.773695855634287, 985782.675091087818146 ], [ 1378092.811078447150066, 985179.942086389288306 ], [ 1378401.589117322349921, 984856.786097696051002 ], [ 1379024.558100592344999, 984686.829370610415936 ], [ 1379394.496659986674786, 984560.662610922008753 ], [ 1379925.706943456316367, 984475.838609129190445 ], [ 1380376.123146161669865, 984643.909795477986336 ] ] ] } },
{ "type": "Feature", "properties": { "fid": 361, "FNODE_": 1895, "TNODE_": 1895, "LPOLY_": 875, "RPOLY_": 1, "LENGTH": 0.021, "BOU2_4M_": 1668, "BOU2_4M_ID": 26010, "GBCODE": 26010 }, "geometry": { "type": "MultiLineString", "coordinates": [ [ [ 1029007.245219400734641, 945343.150514602661133 ], [ 1028645.380206589819863, 945432.544459123164415 ], [ 1028407.341025826754048, 945318.532041421160102 ], [ 1028120.681575665832497, 945129.339463410899043 ], [ 1028191.466725760954432, 944921.555351274088025 ], [ 1028364.546413506381214, 944816.921967634931207 ], [ 1028630.732726734597236, 944909.572835274040699 ], [ 1028899.886435156455263, 944978.756514651700854 ], [ 1029022.931171397678554, 945154.648154845461249 ], [ 1029024.746236397186294, 945226.604702262207866 ], [ 1029007.245219400734641, 945343.150514602661133 ] ] ] } },
{ "type": "Feature", "properties": { "fid": 362, "FNODE_": 1896, "TNODE_": 1897, "LPOLY_": 1, "RPOLY_": 1, "LENGTH": 0.226, "BOU2_4M_": 1669, "BOU2_4M_ID": 155, "GBCODE": 26100 }, "geometry": { "type": "MultiLineString", "coordinates": [ [ [ 1027173.07257791957818, 945527.64712780714035 ], [ 1026803.693664103629999, 945311.224584674462676 ], [ 1026006.356937959557399, 944802.670092793181539 ], [ 1023974.605771902948618, 944152.827326517552137 ], [ 1022557.550775109557435, 943667.696093507111073 ], [ 1021246.559390865266323, 943190.440470175817609 ], [ 1020276.516374651808292, 942478.207386462017894 ], [ 1019753.486858362099156, 941799.445626745000482 ], [ 1019611.220381968421862, 941125.470216570422053 ], [ 1020062.913955036085099, 940566.914564661681652 ], [ 1020753.354535152902827, 940002.447244007140398 ], [ 1021650.830087996320799, 939785.245379453524947 ], [ 1022536.876535703544505, 940372.670929424464703 ], [ 1023545.710998262977228, 940922.095208641141653 ], [ 1024607.406860060757026, 941001.56997349858284 ], [ 1025249.242082843789831, 941262.91405319608748 ], [ 1025855.958781936671585, 941924.335941560566425 ], [ 1026994.011463482980616, 942886.526553474366665 ], [ 1028043.024389494792558, 943510.272575611248612 ], [ 1028699.026661822455935, 944009.839436030015349 ], [ 1029530.266508984728716, 944143.370121752843261 ], [ 1030071.914772142888978, 944326.389489592984319 ], [ 1030288.161306647118181, 944698.110566982999444 ], [ 1030165.239858543034643, 945281.345205996185541 ], [ 1029807.44425200286787, 945704.643685813993216 ], [ 1029261.700567811960354, 946113.876156110316515 ], [ 1028752.978451217757538, 946360.044647015631199 ], [ 1027582.15556458721403, 945673.313274992629886 ] ] ] } },
{ "type": "Feature", "properties": { "fid": 363, "FNODE_": 1898, "TNODE_": 1899, "LPOLY_": 1, "RPOLY_": 1, "LENGTH": 0.054, "BOU2_4M_": 1670, "BOU2_4M_ID": 156, "GBCODE": 26100 }, "geometry": { "type": "MultiLineString", "coordinates": [ [ [ 870203.942982400534675, 925524.589466964825988 ], [ 870379.615065588033758, 925571.66971249692142 ], [ 870520.687671461491846, 925572.911558596417308 ], [ 870883.828851814148948, 925569.229327671229839 ], [ 871251.47593832120765, 925261.733594320714474 ], [ 871501.665480598574504, 924757.398737313225865 ], [ 871390.05902526283171, 924347.796758510172367 ], [ 870724.831068641040474, 924044.137048877775669 ], [ 870112.86628864496015, 923814.97947889380157 ], [ 869652.612199165625498, 923785.123436208814383 ], [ 869413.830829548882321, 924124.528405737131834 ], [ 869412.084016073145904, 924952.65511423535645 ], [ 869773.14302386099007, 925354.912803664803505 ], [ 870000.302785299136303, 925427.641904411837459 ] ] ] } },
{ "type": "Feature", "properties": { "fid": 364, "FNODE_": 1900, "TNODE_": 1900, "LPOLY_": 876, "RPOLY_": 1, "LENGTH": 0.016, "BOU2_4M_": 1671, "BOU2_4M_ID": 26010, "GBCODE": 26010 }, "geometry": { "type": "MultiLineString", "coordinates": [ [ [ 927062.066343003418297, 926710.875403098762035 ], [ 927045.223938341252506, 926946.484886867925525 ], [ 926739.86466218996793, 926995.000091079622507 ], [ 926468.009862604551017, 926974.864428920671344 ], [ 926336.780935190268792, 926893.959614397957921 ], [ 926375.029196378774941, 926730.958616441115737 ], [ 926572.421353680780157, 926650.875434760004282 ], [ 926875.923558890121058, 926625.913488389924169 ], [ 927062.066343003418297, 926710.875403098762035 ] ] ] } },
{ "type": "Feature", "properties": { "fid": 365, "FNODE_": 1901, "TNODE_": 1902, "LPOLY_": 1, "RPOLY_": 1, "LENGTH": 0.02, "BOU2_4M_": 1672, "BOU2_4M_ID": 20, "GBCODE": 26100 }, "geometry": { "type": "MultiLineString", "coordinates": [ [ [ 1330479.134019497781992, 965183.789086878299713 ], [ 1330921.839042323408648, 965420.676648333668709 ], [ 1331209.178209303179756, 965569.894801890477538 ], [ 1331729.073324031196535, 965862.599013427272439 ], [ 1332169.946858123643324, 966123.119971804320812 ], [ 1332507.550548926694319, 966325.190102951601148 ] ] ] } },
{ "type": "Feature", "properties": { "fid": 366, "FNODE_": 1903, "TNODE_": 1903, "LPOLY_": 1, "RPOLY_": 877, "LENGTH": 0.017, "BOU2_4M_": 1673, "BOU2_4M_ID": 26010, "GBCODE": 26010 }, "geometry": { "type": "MultiLineString", "coordinates": [ [ [ 929130.818713761516847, 926566.394872216507792 ], [ 929343.021514490596019, 926619.527783302590251 ], [ 929622.364979591802694, 926545.508398128673434 ], [ 929879.41256134014111, 926398.810977447777987 ], [ 929755.740120485075749, 926200.051422258839011 ], [ 929428.958039550110698, 926175.684220183640718 ], [ 929202.577631154912524, 926301.119452621787786 ], [ 929130.818713761516847, 926566.394872216507792 ] ] ] } },
{ "type": "Feature", "properties": { "fid": 367, "FNODE_": 1904, "TNODE_": 1905, "LPOLY_": 1, "RPOLY_": 1, "LENGTH": 0.064, "BOU2_4M_": 1674, "BOU2_4M_ID": 21, "GBCODE": 26100 }, "geometry": { "type": "MultiLineString", "coordinates": [ [ [ 1332907.916240372229367, 966439.007358135655522 ], [ 1333650.22841084189713, 966446.343209827318788 ], [ 1334101.563141787890345, 966066.557862685993314 ], [ 1334096.768911617575213, 965305.731430763378739 ], [ 1334179.139696914236993, 964767.953389259055257 ], [ 1334022.668712445069104, 964157.403088646009564 ], [ 1333744.241628126008436, 963914.121990576386452 ], [ 1333553.016628616955131, 963893.753708010539412 ], [ 1333192.272401704452932, 964211.924017883837223 ], [ 1332905.192432286217809, 964585.395485991612077 ], [ 1332649.542213138425723, 964938.392052421346307 ], [ 1332355.19735566759482, 965121.097938910126686 ], [ 1331812.796714026713744, 964778.54363108240068 ], [ 1331633.899470815900713, 964379.500915763899684 ], [ 1331379.712895592208952, 964162.426066171377897 ], [ 1331377.035185378510505, 964185.901663979515433 ] ] ] } },
{ "type": "Feature", "properties": { "fid": 368, "FNODE_": 1906, "TNODE_": 1907, "LPOLY_": 1, "RPOLY_": 1, "LENGTH": 0.011, "BOU2_4M_": 1675, "BOU2_4M_ID": 23, "GBCODE": 26100 }, "geometry": { "type": "MultiLineString", "coordinates": [ [ [ 1330164.510354508645833, 963416.150718992576003 ], [ 1330167.394339233171195, 963653.983642261475325 ], [ 1330237.710707706864923, 964041.59643148817122 ], [ 1330247.027708754641935, 964494.005398686975241 ], [ 1330244.352099814452231, 964517.481880787760019 ] ] ] } },
{ "type": "Feature", "properties": { "fid": 369, "FNODE_": 1908, "TNODE_": 1909, "LPOLY_": 1, "RPOLY_": 1, "LENGTH": 0.041, "BOU2_4M_": 1676, "BOU2_4M_ID": 158, "GBCODE": 26100 }, "geometry": { "type": "MultiLineString", "coordinates": [ [ [ 855403.562579768942669, 919728.239445697516203 ], [ 855545.967668195487931, 919773.829072711989284 ], [ 855945.739056442049332, 919988.819799186661839 ], [ 856677.309087410452776, 920035.701293680816889 ], [ 857114.26053354726173, 920063.824549781158566 ], [ 857246.414257508236915, 919717.438616488128901 ], [ 857298.310684970696457, 919342.186485206708312 ], [ 856674.179856208735146, 919112.816697206348181 ], [ 856206.887249341933057, 919177.353246852755547 ], [ 855718.695865962887183, 919193.493630671873689 ], [ 855311.954274409683421, 919569.577711096033454 ] ] ] } },
{ "type": "Feature", "properties": { "fid": 370, "FNODE_": 1910, "TNODE_": 1911, "LPOLY_": 1, "RPOLY_": 1, "LENGTH": 0.144, "BOU2_4M_": 1677, "BOU2_4M_ID": 157, "GBCODE": 26100 }, "geometry": { "type": "MultiLineString", "coordinates": [ [ [ 924236.149070181883872, 927215.036223635077477 ], [ 924383.240128243924119, 927370.350740846246481 ], [ 925182.439050690387376, 927614.456035135313869 ], [ 926278.293473927304149, 927713.392766680568457 ], [ 926911.600587609922513, 927662.197583254426718 ], [ 927763.864463176927529, 927247.431429801508784 ], [ 928326.584461027174257, 927333.342874336987734 ], [ 929181.388155310763977, 927321.276131046935916 ], [ 929730.026225655339658, 927288.006634371355176 ], [ 930466.811340801417828, 926983.78038108535111 ], [ 930857.692061624489725, 926395.195743996649981 ], [ 931122.639817598508671, 925750.79806898906827 ], [ 930513.025436522904783, 925353.690966293215752 ], [ 929939.392461368464865, 924959.187897734344006 ], [ 929251.059422849561088, 924651.508065851405263 ], [ 928535.101694612414576, 924554.795844888314605 ], [ 927660.01861885713879, 924660.405368274077773 ], [ 926411.827220091945492, 924834.906351050361991 ], [ 925379.7654484056402, 925426.59644022770226 ], [ 924614.594225032022223, 925942.392015682533383 ], [ 924119.075178000959568, 926358.06118312291801 ], [ 923964.815572252962738, 926752.390245301648974 ], [ 924074.160865316633135, 927041.926912762224674 ] ] ] } },
{ "type": "Feature", "properties": { "fid": 371, "FNODE_": 1912, "TNODE_": 1913, "LPOLY_": 1, "RPOLY_": 1, "LENGTH": 0.035, "BOU2_4M_": 1678, "BOU2_4M_ID": 22, "GBCODE": 26100 }, "geometry": { "type": "MultiLineString", "coordinates": [ [ [ 1331472.652109409216791, 963530.853234376758337 ], [ 1331547.042338154278696, 963348.704130776226521 ], [ 1331887.783718071877956, 962695.802693232893944 ], [ 1331945.935053926426917, 962393.2150938231498 ], [ 1331884.576948229689151, 961935.317016325891018 ], [ 1331269.384124866453931, 961751.39160599000752 ], [ 1331006.403891333146021, 961889.823531609028578 ], [ 1330609.832815730245784, 962275.482173517346382 ], [ 1330451.291897411225364, 962757.552572015672922 ], [ 1330479.123399853473529, 962760.527223609387875 ] ] ] } },
{ "type": "Feature", "properties": { "fid": 372, "FNODE_": 1914, "TNODE_": 1914, "LPOLY_": 878, "RPOLY_": 1, "LENGTH": 0.024, "BOU2_4M_": 1679, "BOU2_4M_ID": 26010, "GBCODE": 26010 }, "geometry": { "type": "MultiLineString", "coordinates": [ [ [ 857739.471733546932228, 917767.241623947396874 ], [ 857542.999183766776696, 917445.706740524619818 ], [ 857499.218474005581811, 917276.88707865588367 ], [ 857406.558114967308939, 917033.628337554633617 ], [ 857696.6734515177086, 916793.318239549174905 ], [ 857940.871183971990831, 916834.092797620221972 ], [ 858074.272301866323687, 916867.054681900888681 ], [ 858056.273317303741351, 917149.981448825448751 ], [ 858012.906140621285886, 917383.680398823693395 ], [ 857946.776360882679, 917544.947542134672403 ], [ 857800.493100759689696, 917700.44742152094841 ], [ 857739.471733546932228, 917767.241623947396874 ] ] ] } },
{ "type": "Feature", "properties": { "fid": 373, "FNODE_": 1915, "TNODE_": 1916, "LPOLY_": 1, "RPOLY_": 1, "LENGTH": 0.077, "BOU2_4M_": 1680, "BOU2_4M_ID": 160, "GBCODE": 26100 }, "geometry": { "type": "MultiLineString", "coordinates": [ [ [ 856326.05241078324616, 916852.705069908872247 ], [ 856463.922277312725782, 916626.306831540539861 ], [ 856357.305509521975182, 916301.061898989602923 ], [ 856439.142927624634467, 915998.930241288617253 ], [ 856887.632918758201413, 916193.285107554867864 ], [ 857340.230765003128909, 916009.477591745555401 ], [ 857744.38620867813006, 916153.742322215810418 ], [ 858300.099862774717622, 916355.018479077145457 ], [ 858590.99796537857037, 916586.553999397903681 ], [ 858823.481975824339315, 917145.536294745281339 ], [ 858958.683715754654258, 917722.082300808280706 ], [ 858749.644524732371792, 917992.495601713657379 ], [ 858468.706029066699557, 918589.492736978456378 ], [ 858060.294912002049387, 918492.246669393032789 ], [ 857296.042190156294964, 918395.712732095271349 ], [ 856702.498647141968831, 917908.216964956372976 ], [ 856243.021372932591476, 917381.908358315005898 ], [ 856124.722687106113881, 917043.118433006107807 ], [ 856155.347752460394986, 917008.105198822915554 ] ] ] } },
{ "type": "Feature", "properties": { "fid": 374, "FNODE_": 1917, "TNODE_": 1918, "LPOLY_": 1, "RPOLY_": 1, "LENGTH": 0.083, "BOU2_4M_": 1681, "BOU2_4M_ID": 14, "GBCODE": 26100 }, "geometry": { "type": "MultiLineString", "coordinates": [ [ [ 1138662.870683428132907, 939212.761583438143134 ], [ 1137954.029961829306558, 938971.940184827893972 ], [ 1137599.729258149862289, 938938.857196807861328 ], [ 1136937.206946910591796, 939061.450105329975486 ], [ 1137353.252500117523596, 939532.637205617502332 ], [ 1138085.476486558327451, 940241.5261488892138 ], [ 1138520.574538062792271, 940590.65069386549294 ], [ 1139051.601250086445361, 941091.063266716897488 ], [ 1139982.097721317084506, 941439.178150789812207 ], [ 1140422.719793108757585, 941432.989480057731271 ], [ 1140822.76085808663629, 941256.902136428281665 ], [ 1140799.128631416009739, 940922.491831472143531 ], [ 1140510.421656820224598, 940468.47854089550674 ], [ 1140016.948012735228986, 939852.908463425934315 ], [ 1139388.940414723241702, 939509.37348503805697 ], [ 1139156.29515901976265, 939345.298507673665881 ], [ 1139043.803997347131371, 939382.302777078002691 ] ] ] } },
{ "type": "Feature", "properties": { "fid": 375, "FNODE_": 1919, "TNODE_": 1920, "LPOLY_": 1, "RPOLY_": 1, "LENGTH": 0.105, "BOU2_4M_": 1682, "BOU2_4M_ID": 164, "GBCODE": 26100 }, "geometry": { "type": "MultiLineString", "coordinates": [ [ [ 849199.24472136143595, 915512.042238142341375 ], [ 849316.858899600221775, 915850.677130689844489 ], [ 849664.424596730270423, 916464.172626715153456 ], [ 849950.765995877445675, 917097.439385917037725 ], [ 850297.350679035647772, 917710.92957623116672 ], [ 850713.611878402647562, 918187.085599584504962 ], [ 851420.523100044694729, 918586.975696163251996 ], [ 852103.59758930047974, 918654.321106437593699 ], [ 852481.685434892075136, 918347.325850863009691 ], [ 852167.222220791038126, 917617.543826336041093 ], [ 851661.760363711975515, 916899.18049593642354 ], [ 851023.029472525347956, 916219.743982413783669 ], [ 850728.16239583643619, 915704.288566051051021 ], [ 850828.006729330634698, 914977.418516052886844 ], [ 850848.767579881474376, 914529.232925215736032 ], [ 850269.85882325808052, 914657.922896163538098 ], [ 849604.866010667290539, 914662.771229635924101 ], [ 849369.969971499987878, 914955.304854013025761 ], [ 849299.216768146958202, 915281.950506199151278 ] ] ] } },
{ "type": "Feature", "properties": { "fid": 376, "FNODE_": 1921, "TNODE_": 1922, "LPOLY_": 1, "RPOLY_": 1, "LENGTH": 0.059, "BOU2_4M_": 1683, "BOU2_4M_ID": 162, "GBCODE": 26100 }, "geometry": { "type": "MultiLineString", "coordinates": [ [ [ 1063680.12066607340239, 934512.746262082830071 ], [ 1062833.364308631047606, 934691.633806936442852 ], [ 1061892.765389216830954, 934766.094812953844666 ], [ 1061492.313881414942443, 934763.032244022935629 ], [ 1061272.885600472800434, 934583.373774921521544 ], [ 1061116.365894792834297, 934329.795474492013454 ], [ 1061148.730215285671875, 933632.905321830883622 ], [ 1061458.940402228850871, 933311.725885633379221 ], [ 1062243.323002162622288, 932951.503701964393258 ], [ 1062497.27368950098753, 932811.076573688536882 ], [ 1063122.813154425937682, 932253.640699304640293 ], [ 1063423.976560701848939, 932043.025170505046844 ], [ 1063699.619546280940995, 931883.835760105401278 ] ] ] } },
{ "type": "Feature", "properties": { "fid": 377, "FNODE_": 1923, "TNODE_": 1924, "LPOLY_": 1, "RPOLY_": 1, "LENGTH": 0.116, "BOU2_4M_": 1684, "BOU2_4M_ID": 163, "GBCODE": 26100 }, "geometry": { "type": "MultiLineString", "coordinates": [ [ [ 1055652.102640261873603, 933959.024023437872529 ], [ 1055408.42781126499176, 933986.9476896263659 ], [ 1054614.939663154538721, 933969.251913541927934 ], [ 1053689.630384802818298, 933945.64559730887413 ], [ 1052928.872352867387235, 933816.246693506836891 ], [ 1052507.995772430673242, 933476.027403626590967 ], [ 1052358.868267940124497, 932896.200698988512158 ], [ 1052257.587768599856645, 932036.079990901052952 ], [ 1052412.471748231677338, 931503.418098399415612 ], [ 1053049.024616348324344, 931291.612451441586018 ], [ 1053550.313827116508037, 930880.297713954001665 ], [ 1054381.400287416996434, 930754.572571638971567 ], [ 1054965.937386699253693, 930728.512657131999731 ], [ 1055033.052535706898198, 931301.891856387257576 ], [ 1054907.706669789506122, 931505.427181243896484 ], [ 1054709.015316068660468, 931868.873102577403188 ], [ 1055336.067201750585809, 932295.930100925266743 ], [ 1056204.260678672697395, 932552.185610005632043 ], [ 1056600.592434135032818, 932772.101844916120172 ], [ 1056829.108689388260245, 933002.764567932114005 ], [ 1056680.390431099804118, 933464.915083911269903 ], [ 1056020.8271402514074, 933851.442940980195999 ] ] ] } },
{ "type": "Feature", "properties": { "fid": 378, "FNODE_": 1925, "TNODE_": 1925, "LPOLY_": 879, "RPOLY_": 1, "LENGTH": 0.016, "BOU2_4M_": 1685, "BOU2_4M_ID": 26010, "GBCODE": 26010 }, "geometry": { "type": "MultiLineString", "coordinates": [ [ [ 892694.882209640927613, 917017.027630457654595 ], [ 892321.457585345371626, 916996.255859714001417 ], [ 892079.107352665392682, 916931.411651592701674 ], [ 891954.719551893183962, 916756.715301334857941 ], [ 892157.357353574247099, 916605.535928113386035 ], [ 892453.766085095237941, 916674.300164625048637 ], [ 892604.280367935891263, 916874.581071434542537 ], [ 892694.882209640927613, 917017.027630457654595 ] ] ] } },
{ "type": "Feature", "properties": { "fid": 379, "FNODE_": 1926, "TNODE_": 1927, "LPOLY_": 1, "RPOLY_": 1, "LENGTH": 0.038, "BOU2_4M_": 1686, "BOU2_4M_ID": 165, "GBCODE": 26100 }, "geometry": { "type": "MultiLineString", "coordinates": [ [ [ 1060543.637713325209916, 931214.724201809614897 ], [ 1060501.740433746017516, 931106.612020248547196 ], [ 1060326.581224309979007, 930567.402140272781253 ], [ 1059665.519700248492882, 930496.323128027841449 ], [ 1059210.930473040556535, 930759.359957104548812 ], [ 1059087.270990682765841, 931284.113746142014861 ], [ 1059216.065572724910453, 931474.288174033164978 ], [ 1059463.690584685420617, 931674.040708078071475 ], [ 1060019.192898948444054, 931658.299421600997448 ], [ 1060323.938933043507859, 931667.793816328048706 ], [ 1060557.275031743105501, 931404.517969636246562 ] ] ] } },
{ "type": "Feature", "properties": { "fid": 380, "FNODE_": 1928, "TNODE_": 1929, "LPOLY_": 1, "RPOLY_": 1, "LENGTH": 0.088, "BOU2_4M_": 1687, "BOU2_4M_ID": 167, "GBCODE": 26100 }, "geometry": { "type": "MultiLineString", "coordinates": [ [ [ 851882.803893361822702, 915003.813122119754553 ], [ 852276.054371869773604, 914975.303143348544836 ], [ 853146.907871806877665, 915078.260570766404271 ], [ 854366.813435785938054, 915274.629292851313949 ], [ 855076.13705422822386, 915320.064492372795939 ], [ 855820.024384322809055, 915202.176531558856368 ], [ 855613.40203389711678, 914621.330034462735057 ], [ 855396.447043638676405, 914181.752523683011532 ], [ 855284.124821596895345, 913772.52408473752439 ], [ 854624.205223904456943, 913706.510579833760858 ], [ 853560.530594204203226, 913638.349088214337826 ], [ 852850.293203946901485, 913616.627901710569859 ], [ 852245.534093279507942, 913601.5365967489779 ], [ 851902.479689493775368, 913910.706977613270283 ], [ 851767.031232425244525, 914304.157647598534822 ], [ 851513.268744144355878, 914855.496640633791685 ] ] ] } },
{ "type": "Feature", "properties": { "fid": 381, "FNODE_": 1930, "TNODE_": 1931, "LPOLY_": 1, "RPOLY_": 1, "LENGTH": 0.025, "BOU2_4M_": 1688, "BOU2_4M_ID": 166, "GBCODE": 26100 }, "geometry": { "type": "MultiLineString", "coordinates": [ [ [ 1061069.822717339033261, 931212.614180995151401 ], [ 1061211.271410434972495, 931342.941648237407207 ], [ 1061424.08117211307399, 931436.342489384114742 ], [ 1061600.508587001357228, 931460.904443401843309 ], [ 1061500.365136355161667, 931065.16024724394083 ], [ 1061345.977199535816908, 930487.37319272197783 ], [ 1061110.075103239389136, 930368.367012541741133 ], [ 1060790.346303334226832, 930623.885575771331787 ], [ 1060752.924958464456722, 930926.744193753227592 ], [ 1060891.950622141361237, 931043.85557203926146 ] ] ] } },
{ "type": "Feature", "properties": { "fid": 382, "FNODE_": 1932, "TNODE_": 1933, "LPOLY_": 1, "RPOLY_": 1, "LENGTH": 0.177, "BOU2_4M_": 1689, "BOU2_4M_ID": 15, "GBCODE": 26100 }, "geometry": { "type": "MultiLineString", "coordinates": [ [ [ 1135393.769424438942224, 936808.04896018281579 ], [ 1135198.76484270230867, 936937.805150991305709 ], [ 1134930.156924939248711, 937171.49276758544147 ], [ 1135112.254632617114112, 938184.765241807326674 ], [ 1135961.72209684131667, 939426.367479208856821 ], [ 1137194.492623133119196, 940680.179132465273142 ], [ 1138052.259154678555205, 941804.25292688049376 ], [ 1140059.299601222155616, 942703.889883939176798 ], [ 1140573.563902389723808, 942490.950235597789288 ], [ 1141395.473585334373638, 942212.123425971716642 ], [ 1141918.051983246579766, 941905.307481743395329 ], [ 1142391.509150005178526, 941237.871879506856203 ], [ 1142310.954833026742563, 940613.465925052762032 ], [ 1141068.98015662515536, 939476.973863305523992 ], [ 1140230.717042958363891, 939018.94578237645328 ], [ 1139687.674995216075331, 938659.766009772196412 ], [ 1139583.040785862132907, 938578.769296009093523 ], [ 1138882.258138897130266, 938133.668272495269775 ], [ 1138239.008389523951337, 937954.868027538061142 ], [ 1137352.497768226312473, 937729.805318873375654 ], [ 1136683.145144241396338, 937240.260480765253305 ], [ 1136174.242231382755563, 936789.48889878205955 ], [ 1135656.558526473818347, 936699.940972791984677 ] ] ] } },
{ "type": "Feature", "properties": { "fid": 383, "FNODE_": 1934, "TNODE_": 1935, "LPOLY_": 1, "RPOLY_": 1, "LENGTH": 0.037, "BOU2_4M_": 1690, "BOU2_4M_ID": 168, "GBCODE": 26100 }, "geometry": { "type": "MultiLineString", "coordinates": [ [ [ 1061934.544793728971854, 930477.869121605530381 ], [ 1061998.549623855389655, 930832.043123645707965 ], [ 1062117.484176113270223, 931110.511498112231493 ], [ 1062422.244464040501043, 931020.173440743237734 ], [ 1062698.954047621227801, 930459.656195431947708 ], [ 1062516.431696209358051, 929692.647164136171341 ], [ 1062189.66766893141903, 929395.340117176994681 ], [ 1061936.093756059883162, 929500.946950256824493 ], [ 1061834.949733299901709, 929906.050144877284765 ], [ 1061899.642922265920788, 930262.733929974958301 ] ] ] } },
{ "type": "Feature", "properties": { "fid": 384, "FNODE_": 1936, "TNODE_": 1936, "LPOLY_": 880, "RPOLY_": 1, "LENGTH": 0.02, "BOU2_4M_": 1691, "BOU2_4M_ID": 26010, "GBCODE": 26010 }, "geometry": { "type": "MultiLineString", "coordinates": [ [ [ 902408.927349945064634, 916588.446085285395384 ], [ 902321.682113463524729, 916274.272833731025457 ], [ 902425.440233900444582, 915973.926503682509065 ], [ 902514.688616921659559, 915862.065989481285214 ], [ 902805.637490541674197, 916025.223035478964448 ], [ 902940.777062317240052, 916058.633132575079799 ], [ 902840.633931198390201, 916311.878896325826645 ], [ 902748.662756234756671, 916447.316778719425201 ], [ 902432.334473078488372, 916637.428876265883446 ], [ 902408.927349945064634, 916588.446085285395384 ] ] ] } },
{ "type": "Feature", "properties": { "fid": 385, "FNODE_": 1937, "TNODE_": 1937, "LPOLY_": 881, "RPOLY_": 1, "LENGTH": 0.018, "BOU2_4M_": 1692, "BOU2_4M_ID": 26010, "GBCODE": 26010 }, "geometry": { "type": "MultiLineString", "coordinates": [ [ [ 894903.968095247168094, 915359.000636447221041 ], [ 894668.852610718575306, 915578.801795314997435 ], [ 894387.766528677078895, 915676.962622256949544 ], [ 894176.918239173362963, 915567.012793082743883 ], [ 894248.041292350855656, 915335.37736308760941 ], [ 894421.004588637850247, 915205.769147016108036 ], [ 894587.683092110790312, 915170.42892349883914 ], [ 894914.752449725521728, 915194.020058272406459 ], [ 894903.968095247168094, 915359.000636447221041 ] ] ] } },
{ "type": "Feature", "properties": { "fid": 386, "FNODE_": 1938, "TNODE_": 1938, "LPOLY_": 1, "RPOLY_": 882, "LENGTH": 0.017, "BOU2_4M_": 1693, "BOU2_4M_ID": 26010, "GBCODE": 26010 }, "geometry": { "type": "MultiLineString", "coordinates": [ [ [ 895594.128774791257456, 915290.334209529682994 ], [ 895776.150194652727805, 915421.791253628209233 ], [ 896106.813456707750447, 915398.317744988948107 ], [ 896103.180022721528076, 915066.628700591623783 ], [ 896168.948737490107305, 914905.560561504215002 ], [ 895897.723656766116619, 914862.419123444706202 ], [ 895757.174412289634347, 914923.226295268163085 ], [ 895688.711275202454999, 915107.776944698765874 ], [ 895594.128774791257456, 915290.334209529682994 ] ] ] } },
{ "type": "Feature", "properties": { "fid": 387, "FNODE_": 1939, "TNODE_": 1940, "LPOLY_": 1, "RPOLY_": 1, "LENGTH": 0.25, "BOU2_4M_": 1694, "BOU2_4M_ID": 172, "GBCODE": 26100 }, "geometry": { "type": "MultiLineString", "coordinates": [ [ [ 891151.13078816595953, 917616.005419036373496 ], [ 891284.673225485952571, 917801.326452339068055 ], [ 891635.33362718927674, 918037.573829686269164 ], [ 892430.982340296497568, 917877.460016652941704 ], [ 893182.641983070992865, 918140.369048979133368 ], [ 894161.311724048224278, 918229.160794151946902 ], [ 895331.032474946696311, 918449.118254853412509 ], [ 896437.64525580976624, 918735.933181326836348 ], [ 897327.963760431855917, 918889.899134101346135 ], [ 897983.968076123623177, 919004.741081668063998 ], [ 898671.545737958047539, 918861.335201397538185 ], [ 899803.534572882228531, 918038.215195439755917 ], [ 900258.739527555182576, 917666.413632739335299 ], [ 900843.636824363726191, 917634.786702843382955 ], [ 901867.524952690233476, 917443.121385652571917 ], [ 902558.872738969395868, 917252.962824139744043 ], [ 903198.994617165066302, 916799.204193975776434 ], [ 903652.765894861891866, 916001.653108146041632 ], [ 903552.968507795711048, 915451.018350083380938 ], [ 902677.833084257901646, 915084.80327189154923 ], [ 901295.090923731331713, 914850.139850940555334 ], [ 899911.40490032825619, 914615.571356035768986 ], [ 898405.988098699366674, 914585.695889385417104 ], [ 897392.752195570268668, 914470.73572245053947 ], [ 896303.794825511402451, 914421.719033718109131 ], [ 895076.91078461392317, 914316.178716972470284 ], [ 894017.773087356588803, 914505.912169381976128 ], [ 892957.850205896305852, 914861.186262568458915 ], [ 892129.686258412548341, 915279.114717515185475 ], [ 891442.282155579188839, 915895.836182236671448 ], [ 890999.316626998013817, 916717.85329688899219 ], [ 890915.943600467406213, 917171.12999127805233 ], [ 891005.958296827622689, 917369.15577238984406 ] ] ] } },
{ "type": "Feature", "properties": { "fid": 388, "FNODE_": 1941, "TNODE_": 1942, "LPOLY_": 1, "RPOLY_": 1, "LENGTH": 0.031, "BOU2_4M_": 1695, "BOU2_4M_ID": 171, "GBCODE": 26100 }, "geometry": { "type": "MultiLineString", "coordinates": [ [ [ 1064193.206589503679425, 928868.119884664192796 ], [ 1063679.609857200877741, 929199.497630400583148 ], [ 1063265.717052722582594, 929651.842821901664138 ], [ 1063101.195612131850794, 929306.073323260992765 ], [ 1062895.331258976599202, 928846.05824751406908 ], [ 1063209.521146278595552, 928422.844578973948956 ], [ 1063820.373637478332967, 928099.510194096714258 ], [ 1063890.461577625479549, 928056.976697141304612 ] ] ] } },
{ "type": "Feature", "properties": { "fid": 389, "FNODE_": 1943, "TNODE_": 1944, "LPOLY_": 1, "RPOLY_": 1, "LENGTH": 0.023, "BOU2_4M_": 1696, "BOU2_4M_ID": 11, "GBCODE": 26100 }, "geometry": { "type": "MultiLineString", "coordinates": [ [ [ 1064278.933280128287151, 927925.012425951659679 ], [ 1064558.478448420530185, 927534.423127215355635 ], [ 1065092.397560851881281, 927618.989908443763852 ], [ 1065050.170772448182106, 928113.116518585011363 ], [ 1064845.410009240498766, 928569.055420361459255 ], [ 1064649.130092620616779, 928622.641639864072204 ], [ 1064404.325636429712176, 928731.055140972137451 ] ] ] } },
{ "type": "Feature", "properties": { "fid": 390, "FNODE_": 1945, "TNODE_": 1946, "LPOLY_": 1, "RPOLY_": 1, "LENGTH": 0.266, "BOU2_4M_": 1697, "BOU2_4M_ID": 12, "GBCODE": 26100 }, "geometry": { "type": "MultiLineString", "coordinates": [ [ [ 1063929.928802086040378, 931764.52515329234302 ], [ 1064519.974196089198813, 931070.226813951507211 ], [ 1065651.340884822653607, 930388.446623373776674 ], [ 1066586.571366776246578, 929760.27158547565341 ], [ 1067907.1600063261576, 928787.11792640760541 ], [ 1068957.422724841395393, 927458.291074797511101 ], [ 1068246.088916371809319, 927110.5005505066365 ], [ 1067390.273877789033577, 927152.884170193225145 ], [ 1066552.848740328568965, 926983.599596483632922 ], [ 1066070.001798481214792, 926845.964645676314831 ], [ 1065815.591820296831429, 926301.754970939829946 ], [ 1066114.25371344271116, 925712.083528684452176 ], [ 1067588.307348689297214, 925179.552206268534064 ], [ 1068260.769686240935698, 925049.724520506337285 ], [ 1069320.800011022482067, 924859.694322045892477 ], [ 1070122.788032545242459, 924812.632431659847498 ], [ 1070679.008746468694881, 925051.763222176581621 ], [ 1071394.724421318387613, 925352.638571726158261 ], [ 1072106.03167917043902, 926008.617364507168531 ], [ 1072280.811870858306065, 927161.977329660207033 ], [ 1071366.832094196695834, 928810.954080514609814 ], [ 1070691.53938384517096, 929627.909622870385647 ], [ 1069561.520190825685859, 930617.721365295350552 ], [ 1068604.345393249299377, 931504.587809629738331 ], [ 1068122.592157943174243, 931983.306451743468642 ], [ 1067561.147819579578936, 932431.364207914099097 ], [ 1066933.812123665120453, 932707.41372737288475 ], [ 1065950.312739712186158, 933260.206236634403467 ], [ 1064595.046407115180045, 933993.550028473138809 ], [ 1064458.623169292230159, 934057.914948662742972 ], [ 1064213.930148859042674, 934206.140431983396411 ] ] ] } },
{ "type": "Feature", "properties": { "fid": 391, "FNODE_": 1947, "TNODE_": 1948, "LPOLY_": 1, "RPOLY_": 1, "LENGTH": 0.299, "BOU2_4M_": 1698, "BOU2_4M_ID": 13, "GBCODE": 26100 }, "geometry": { "type": "MultiLineString", "coordinates": [ [ [ 1091547.648932115640491, 919125.32195364497602 ], [ 1091025.083204844966531, 919138.61210279725492 ], [ 1090361.394923119805753, 919448.491449628025293 ], [ 1089618.072025208268315, 920400.23412174358964 ], [ 1089131.579046975122765, 920924.972788477316499 ], [ 1088660.35995383374393, 921901.369523908942938 ], [ 1088431.494033115683123, 922615.285702027380466 ], [ 1088176.956850009039044, 923635.052633943036199 ], [ 1087983.001686368137598, 924589.287332154810429 ], [ 1087964.195129183121026, 925417.093517534434795 ], [ 1088220.28812398109585, 926246.083280177786946 ], [ 1089227.481576515594497, 927000.719985969364643 ], [ 1089847.354994875611737, 927127.765906466171145 ], [ 1091044.581678991671652, 926951.553843464702368 ], [ 1091871.77211872744374, 926315.313352620229125 ], [ 1092846.033132900018245, 925242.172925876453519 ], [ 1093579.373279621591792, 924407.776897462084889 ], [ 1094010.780715964734554, 923570.050815070047975 ], [ 1094495.59011547267437, 922452.887867748737335 ], [ 1094780.165344816166908, 921720.291835948824883 ], [ 1094780.520838739583269, 921104.2842733617872 ], [ 1094263.735164772486314, 920725.714370161294937 ], [ 1093722.090475311735645, 920321.250799179077148 ], [ 1093281.832750114845112, 920328.747684847563505 ], [ 1092973.499306478304788, 920703.633433612063527 ], [ 1092648.880144950468093, 921574.624183993786573 ], [ 1091961.432344001019374, 923123.837147949263453 ], [ 1091544.034317238721997, 924105.072350971400738 ], [ 1091126.89725217781961, 924470.24258628860116 ], [ 1090416.212410706561059, 924429.731434412300587 ], [ 1090092.147691405843943, 923736.900487696751952 ], [ 1091109.269145224941894, 922193.639872023835778 ], [ 1091701.889852629974484, 921086.108083849772811 ], [ 1091831.494113298133016, 920552.890501469373703 ], [ 1092208.811761192744598, 919710.349771337583661 ], [ 1091934.280351775931194, 919401.218113649636507 ], [ 1091860.183500767219812, 919299.701340490952134 ] ] ] } },
{ "type": "Feature", "properties": { "fid": 392, "FNODE_": 1949, "TNODE_": 1950, "LPOLY_": 1, "RPOLY_": 1, "LENGTH": 0.015, "BOU2_4M_": 1699, "BOU2_4M_ID": 175, "GBCODE": 26100 }, "geometry": { "type": "MultiLineString", "coordinates": [ [ [ 820213.219729523523711, 891549.512052165344357 ], [ 819381.349115588818677, 891188.425409955903888 ], [ 818808.319150680676103, 890691.587290596216917 ] ] ] } },
{ "type": "Feature", "properties": { "fid": 393, "FNODE_": 1951, "TNODE_": 1952, "LPOLY_": 1, "RPOLY_": 1, "LENGTH": 0.126, "BOU2_4M_": 1700, "BOU2_4M_ID": 174, "GBCODE": 26100 }, "geometry": { "type": "MultiLineString", "coordinates": [ [ [ 786650.159624829422683, 888907.657499849796295 ], [ 786884.844753035460599, 889262.247532527893782 ], [ 787372.861077753826976, 889787.27787514962256 ], [ 788037.644879554631189, 890677.13641119748354 ], [ 788114.907717237947509, 891295.775996465235949 ], [ 789051.778898303862661, 891682.392573783174157 ], [ 790027.886675117653795, 891835.344156568869948 ], [ 791355.672939568990842, 892056.620174378156662 ], [ 792074.917389679816552, 891958.011876106262207 ], [ 791781.244778718799353, 890854.129975719377398 ], [ 791406.358288055402227, 890241.325637733563781 ], [ 790558.45119027257897, 889245.861867934465408 ], [ 789454.550200731842779, 888872.780450263991952 ], [ 788699.926848252420314, 888780.39670136757195 ], [ 787917.954197124112397, 888568.4005679897964 ], [ 787170.323424894828349, 888547.321222376078367 ], [ 786542.591824799426831, 888509.789637936279178 ] ] ] } },
{ "type": "Feature", "properties": { "fid": 394, "FNODE_": 1953, "TNODE_": 1953, "LPOLY_": 883, "RPOLY_": 1, "LENGTH": 0.029, "BOU2_4M_": 1701, "BOU2_4M_ID": 26010, "GBCODE": 26010 }, "geometry": { "type": "MultiLineString", "coordinates": [ [ [ 820403.759902015561238, 890496.569905327633023 ], [ 820091.436622191569768, 890604.872404832392931 ], [ 819896.76188934687525, 890639.06859378516674 ], [ 819572.334835281129926, 890570.014091696590185 ], [ 819385.130964560434222, 890510.148167124018073 ], [ 819149.258665468427353, 890328.750960437580943 ], [ 819170.42255733453203, 889999.261740313842893 ], [ 819402.033824108191766, 889825.749164825305343 ], [ 819722.458690908038989, 889965.457352612167597 ], [ 820096.309023212874308, 890132.356604764238 ], [ 820231.727635468705557, 890141.517598895356059 ], [ 820362.384083280921914, 890244.839342597872019 ], [ 820403.759902015561238, 890496.569905327633023 ] ] ] } },
{ "type": "Feature", "properties": { "fid": 395, "FNODE_": 1954, "TNODE_": 1955, "LPOLY_": 1, "RPOLY_": 1, "LENGTH": 0.017, "BOU2_4M_": 1702, "BOU2_4M_ID": 175, "GBCODE": 26100 }, "geometry": { "type": "MultiLineString", "coordinates": [ [ [ 821064.230516372132115, 889482.224315825849771 ], [ 821294.972262601018883, 889710.978299157693982 ], [ 821433.355131606454961, 889898.35009853541851 ], [ 821287.558896004687995, 890621.329013915732503 ], [ 821099.972600339446217, 890904.357571590691805 ], [ 821031.992600555182435, 891085.360052851960063 ] ] ] } },
{ "type": "Feature", "properties": { "fid": 396, "FNODE_": 1956, "TNODE_": 1957, "LPOLY_": 1, "RPOLY_": 1, "LENGTH": 0.015, "BOU2_4M_": 1703, "BOU2_4M_ID": 175, "GBCODE": 26100 }, "geometry": { "type": "MultiLineString", "coordinates": [ [ [ 818266.175113981240429, 890102.257037758827209 ], [ 818294.726259248913266, 889588.233577394858003 ], [ 818729.650196430855431, 889282.682217905297875 ], [ 819304.520081906113774, 889051.961879353970289 ] ] ] } },
{ "type": "Feature", "properties": { "fid": 397, "FNODE_": 1958, "TNODE_": 1959, "LPOLY_": 1, "RPOLY_": 1, "LENGTH": 0.012, "BOU2_4M_": 1704, "BOU2_4M_ID": 18, "GBCODE": 26100 }, "geometry": { "type": "MultiLineString", "coordinates": [ [ [ 1210093.390667219180614, 895603.065937319770455 ], [ 1209757.847936232574284, 895664.955267744138837 ], [ 1209252.914794903248549, 895733.769157476723194 ], [ 1208717.266197621356696, 895870.762712320312858 ], [ 1208661.593781457515433, 895889.001173164695501 ] ] ] } },
{ "type": "Feature", "properties": { "fid": 398, "FNODE_": 1960, "TNODE_": 1961, "LPOLY_": 1, "RPOLY_": 1, "LENGTH": 0.134, "BOU2_4M_": 1705, "BOU2_4M_ID": 17, "GBCODE": 26100 }, "geometry": { "type": "MultiLineString", "coordinates": [ [ [ 1212153.607538612093776, 895970.313919220119715 ], [ 1212701.546766945859417, 896023.951933307573199 ], [ 1213367.19603748107329, 895970.91079955548048 ], [ 1213671.742184160975739, 895953.367947470396757 ], [ 1214088.832117115845904, 895923.303786845877767 ], [ 1214771.273017298430204, 895990.260138468816876 ], [ 1215342.266128910705447, 895786.072923250496387 ], [ 1215865.273103554034606, 895790.122257344424725 ], [ 1217067.699290452059358, 895908.125772392377257 ], [ 1217714.259822250343859, 896066.23738969117403 ], [ 1218202.896852236939594, 896137.952710554003716 ], [ 1218877.413393065333366, 896298.933841809630394 ], [ 1219080.035791863687336, 896200.60781604424119 ], [ 1218790.077176433987916, 895769.878522472456098 ], [ 1218143.77793703856878, 895327.832238271832466 ], [ 1217415.645687861833721, 895138.063513953238726 ], [ 1216914.826861292822286, 895183.497046610340476 ], [ 1216058.611072993604466, 895217.678677160292864 ], [ 1215616.822510411031544, 895221.637282188981771 ], [ 1214927.065377582563087, 895224.902934972196817 ], [ 1214544.293758142041042, 895187.364809069782495 ], [ 1213963.775777977891266, 895201.397954933345318 ], [ 1213443.172026710119098, 895174.007884094491601 ], [ 1212860.240421643480659, 895211.520421715453267 ], [ 1212278.217570652486756, 895249.155617559328675 ], [ 1210862.823870803928003, 895631.016722137108445 ] ] ] } },
{ "type": "Feature", "properties": { "fid": 399, "FNODE_": 1962, "TNODE_": 1963, "LPOLY_": 1, "RPOLY_": 1, "LENGTH": 0.298, "BOU2_4M_": 1706, "BOU2_4M_ID": 19, "GBCODE": 26100 }, "geometry": { "type": "MultiLineString", "coordinates": [ [ [ 1204383.815307324985042, 896909.908555239439011 ], [ 1205214.681163335451856, 897634.459246918559074 ], [ 1205852.496638444717973, 897885.846093026921153 ], [ 1206832.945835012709722, 898005.173853678628802 ], [ 1207989.690796874696389, 898023.54825034737587 ], [ 1208707.219085541088134, 898022.641863964498043 ], [ 1209586.383860729169101, 897753.706431625410914 ], [ 1210122.870917712338269, 897616.825366713106632 ], [ 1210720.766582269221544, 897415.073576869443059 ], [ 1212158.206861241254956, 897082.594501025974751 ], [ 1212756.170810115290806, 896880.957841755822301 ], [ 1213742.625779646681622, 896670.095547067001462 ], [ 1214426.54441859270446, 896713.512203549966216 ], [ 1214918.486368494806811, 896761.75928844884038 ], [ 1215876.814396089641377, 896832.090257568284869 ], [ 1216338.348251677118242, 896901.023339316248894 ], [ 1217631.601426, 896933.502963203936815 ], [ 1218225.470328001538292, 897062.806494731456041 ], [ 1219278.708358768373728, 897000.808115227147937 ], [ 1219941.327330892207101, 896994.979876348748803 ], [ 1220398.631466824794188, 896543.226226447150111 ], [ 1220371.919830627040938, 895949.226556284353137 ], [ 1219790.505646728212014, 895111.351651372388005 ], [ 1218920.849615309387445, 894387.140483990311623 ], [ 1218224.891197861405089, 894176.804056845605373 ], [ 1216750.308854001341388, 894315.75315504334867 ], [ 1215711.144537632120773, 894213.717954479157925 ], [ 1214749.57353038713336, 894190.330481069162488 ], [ 1212952.056997600477189, 894534.557225292548537 ], [ 1212276.660961302462965, 894681.307704046368599 ], [ 1211332.572004366433248, 894754.500765496864915 ], [ 1210558.25026668724604, 894773.365806497633457 ], [ 1209367.746267810231075, 894822.492364391684532 ], [ 1208532.9561403314583, 894906.480126965790987 ], [ 1207364.145365664735436, 895312.75970047712326 ], [ 1205945.974981632316485, 895742.174157770350575 ], [ 1205179.918931862572208, 895975.020937917754054 ], [ 1204684.805664609186351, 896322.070579614490271 ], [ 1204587.539924755925313, 896390.386938400566578 ], [ 1204284.011920962715521, 896691.986871127039194 ] ] ] } },
{ "type": "Feature", "properties": { "fid": 400, "FNODE_": 1964, "TNODE_": 1965, "LPOLY_": 1, "RPOLY_": 1, "LENGTH": 0.071, "BOU2_4M_": 1707, "BOU2_4M_ID": 61141, "GBCODE": 26080 }, "geometry": { "type": "MultiLineString", "coordinates": [ [ [ 609660.185344964265823, 844545.195636389777064 ], [ 609784.166063828859478, 845714.257729748263955 ], [ 610488.06012552138418, 846331.99165509082377 ], [ 611750.911550806253217, 846820.28863069228828 ], [ 613086.232914409833029, 847101.077818341553211 ], [ 616392.098645122605376, 847220.626631293445826 ] ] ] } },
{ "type": "Feature", "properties": { "fid": 401, "FNODE_": 1966, "TNODE_": 1966, "LPOLY_": 1, "RPOLY_": 884, "LENGTH": 0.021, "BOU2_4M_": 1708, "BOU2_4M_ID": 26010, "GBCODE": 26010 }, "geometry": { "type": "MultiLineString", "coordinates": [ [ [ 993042.477466805954464, 869585.84781158156693 ], [ 993345.876789789879695, 869767.525039214640856 ], [ 993593.032559550600126, 869763.197970865294337 ], [ 993826.010862305294722, 869592.493065718561411 ], [ 993899.199256131309085, 869362.123963214457035 ], [ 993885.012032464263029, 869195.842091877013445 ], [ 993638.024517022422515, 869176.454118359833956 ], [ 993445.137150882161222, 869185.06774877384305 ], [ 993299.603853737353347, 869269.243767993524671 ], [ 993161.912906086305156, 869314.479421461001039 ], [ 993042.477466805954464, 869585.84781158156693 ] ] ] } },
{ "type": "Feature", "properties": { "fid": 402, "FNODE_": 1967, "TNODE_": 1967, "LPOLY_": 1, "RPOLY_": 885, "LENGTH": 0.017, "BOU2_4M_": 1709, "BOU2_4M_ID": 26010, "GBCODE": 26010 }, "geometry": { "type": "MultiLineString", "coordinates": [ [ [ 994206.487248303717934, 868559.934976287186146 ], [ 994322.048931161407381, 868852.213482020422816 ], [ 994484.729504151968285, 868888.605112813413143 ], [ 994845.348274076357484, 868845.957580303773284 ], [ 994821.14282673841808, 868442.78468762896955 ], [ 994658.455930965254083, 868417.171808306127787 ], [ 994465.324064166052267, 868428.492722053080797 ], [ 994350.02138588076923, 868467.272294148802757 ], [ 994206.487248303717934, 868559.934976287186146 ] ] ] } },
{ "type": "Feature", "properties": { "fid": 403, "FNODE_": 1968, "TNODE_": 1969, "LPOLY_": 1, "RPOLY_": 1, "LENGTH": 0.105, "BOU2_4M_": 1710, "BOU2_4M_ID": 61142, "GBCODE": 26080 }, "geometry": { "type": "MultiLineString", "coordinates": [ [ [ 618752.869873557705432, 845494.453169163316488 ], [ 618788.824595039826818, 844809.305638475343585 ], [ 618651.880497946403921, 843903.726605212315917 ], [ 616882.048594521475025, 842542.848303453996778 ], [ 615203.93846870213747, 841768.289299800992012 ], [ 613317.856280784006231, 841458.707938337698579 ], [ 610956.549079661839642, 842023.043898612260818 ], [ 609722.855890315026045, 843333.046877820044756 ] ] ] } },
{ "type": "Feature", "properties": { "fid": 404, "FNODE_": 1970, "TNODE_": 1970, "LPOLY_": 886, "RPOLY_": 1, "LENGTH": 0.015, "BOU2_4M_": 1711, "BOU2_4M_ID": 26010, "GBCODE": 26010 }, "geometry": { "type": "MultiLineString", "coordinates": [ [ [ 993661.481507609365508, 863773.363080933690071 ], [ 993373.004615695797838, 863585.65699908323586 ], [ 993422.08899646520149, 863306.297124033793807 ], [ 993541.68117192236241, 863174.002901934087276 ], [ 993706.423427613102831, 863186.926641274243593 ], [ 993878.365348757826723, 863459.95153184235096 ], [ 993797.248375914641656, 863622.147578533738852 ], [ 993661.481507609365508, 863773.363080933690071 ] ] ] } },
{ "type": "Feature", "properties": { "fid": 405, "FNODE_": 1971, "TNODE_": 1972, "LPOLY_": 1, "RPOLY_": 1, "LENGTH": 0.041, "BOU2_4M_": 1712, "BOU2_4M_ID": 9, "GBCODE": 26100 }, "geometry": { "type": "MultiLineString", "coordinates": [ [ [ 1151795.655785541515797, 875237.920385150238872 ], [ 1152842.307045777328312, 875265.420493174344301 ], [ 1153777.747864635894075, 875282.593850387260318 ], [ 1154424.965467375935987, 875438.025494901463389 ], [ 1155075.426404181402177, 875263.012926397845149 ], [ 1155335.146451971260831, 875145.786324869841337 ], [ 1155556.316858653677627, 874835.839524883776903 ], [ 1155891.077207311987877, 874205.892953244969249 ], [ 1155862.133983147097751, 874203.244894536212087 ] ] ] } },
{ "type": "Feature", "properties": { "fid": 406, "FNODE_": 1973, "TNODE_": 1974, "LPOLY_": 1, "RPOLY_": 1, "LENGTH": 0.045, "BOU2_4M_": 1713, "BOU2_4M_ID": 8, "GBCODE": 26100 }, "geometry": { "type": "MultiLineString", "coordinates": [ [ [ 1151144.926382828503847, 873924.764042720198631 ], [ 1151794.44218306732364, 873442.470529435202479 ], [ 1152767.208196723135188, 873061.441907402127981 ], [ 1153238.913517222739756, 873034.895778378471732 ], [ 1154280.267178881447762, 873109.273465257138014 ], [ 1154926.210155328502879, 873288.223246287554502 ], [ 1155302.738044291967526, 873394.546827493235469 ], [ 1156057.173828821862116, 873583.728309392929077 ], [ 1155998.307534076739103, 873625.517369272187352 ] ] ] } },
{ "type": "Feature", "properties": { "fid": 407, "FNODE_": 1975, "TNODE_": 1975, "LPOLY_": 887, "RPOLY_": 1, "LENGTH": 0.016, "BOU2_4M_": 1714, "BOU2_4M_ID": 26010, "GBCODE": 26010 }, "geometry": { "type": "MultiLineString", "coordinates": [ [ [ 991728.934294193168171, 856945.756866065785289 ], [ 991524.631353007629514, 856741.168722970411181 ], [ 991429.014775193529204, 856544.950040241703391 ], [ 991553.476650320109911, 856365.983539460226893 ], [ 991669.151667173835449, 856280.608535317704082 ], [ 991804.850721787894145, 856314.757650822401047 ], [ 991786.925765562453307, 856549.316304605454206 ], [ 991861.456399269518442, 856649.431900180876255 ], [ 991728.934294193168171, 856945.756866065785289 ] ] ] } },
{ "type": "Feature", "properties": { "fid": 408, "FNODE_": 1976, "TNODE_": 1976, "LPOLY_": 888, "RPOLY_": 1, "LENGTH": 0.014, "BOU2_4M_": 1715, "BOU2_4M_ID": 26010, "GBCODE": 26010 }, "geometry": { "type": "MultiLineString", "coordinates": [ [ [ 990855.209211771958508, 855769.087555840611458 ], [ 990617.787489311769605, 855632.659695347771049 ], [ 990547.18051798385568, 855485.677694803103805 ], [ 990562.193602727958933, 855274.591100072488189 ], [ 990809.640929311630316, 855270.226877715438604 ], [ 990965.548870155820623, 855400.28836166113615 ], [ 990985.743554166285321, 855496.21246244572103 ], [ 990987.241513361106627, 855695.173483315855265 ], [ 990855.209211771958508, 855769.087555840611458 ] ] ] } },
{ "type": "Feature", "properties": { "fid": 409, "FNODE_": 1977, "TNODE_": 1978, "LPOLY_": 1, "RPOLY_": 1, "LENGTH": 0.163, "BOU2_4M_": 1716, "BOU2_4M_ID": 61139, "GBCODE": 26080 }, "geometry": { "type": "MultiLineString", "coordinates": [ [ [ 649085.888851411873475, 829880.666482534259558 ], [ 650113.342261129408143, 830673.390828086063266 ], [ 651558.707715617958456, 831673.366669164970517 ], [ 654467.239214242086746, 833306.859798770397902 ], [ 658490.868712501251139, 834082.921625401824713 ], [ 662344.836653931066394, 834114.483160635456443 ], [ 665567.982910135993734, 833927.617832269519567 ], [ 666890.098664407152683, 833265.889955403283238 ] ] ] } },
{ "type": "Feature", "properties": { "fid": 410, "FNODE_": 1979, "TNODE_": 1980, "LPOLY_": 1, "RPOLY_": 1, "LENGTH": 0.024, "BOU2_4M_": 1717, "BOU2_4M_ID": 5, "GBCODE": 26100 }, "geometry": { "type": "MultiLineString", "coordinates": [ [ [ 1138383.65141991712153, 866826.960432538762689 ], [ 1138745.110875987680629, 866789.764751315116882 ], [ 1139620.417004701215774, 867178.23869526013732 ], [ 1140111.22590366541408, 867247.639099065214396 ], [ 1140882.896294503007084, 867555.681167285889387 ], [ 1141018.140878450358286, 867591.932831693440676 ], [ 1141015.871175230713561, 867615.343287326395512 ] ] ] } },
{ "type": "Feature", "properties": { "fid": 411, "FNODE_": 1981, "TNODE_": 1982, "LPOLY_": 1, "RPOLY_": 1, "LENGTH": 0.027, "BOU2_4M_": 1718, "BOU2_4M_ID": 4, "GBCODE": 26100 }, "geometry": { "type": "MultiLineString", "coordinates": [ [ [ 1133511.463361837435514, 865170.064252413809299 ], [ 1134345.362835369538516, 865412.644848719239235 ], [ 1135304.565791815053672, 865785.119109082967043 ], [ 1135712.709822003729641, 866153.518143206834793 ], [ 1136370.502951921662316, 866214.653868468478322 ], [ 1136340.194188633700833, 866235.454017670825124 ] ] ] } },
{ "type": "Feature", "properties": { "fid": 412, "FNODE_": 1983, "TNODE_": 1984, "LPOLY_": 1, "RPOLY_": 1, "LENGTH": 0.05, "BOU2_4M_": 1719, "BOU2_4M_ID": 6, "GBCODE": 26100 }, "geometry": { "type": "MultiLineString", "coordinates": [ [ [ 1142038.112659241538495, 867899.621384827420115 ], [ 1142922.034473050851375, 867887.671729343011975 ], [ 1143297.135432888753712, 867710.153048913925886 ], [ 1143483.323514860589057, 867184.448089778423309 ], [ 1142506.014967566356063, 866408.50025069527328 ], [ 1141608.576311320764944, 865946.89640499651432 ], [ 1140893.366041515255347, 865620.488161383196712 ], [ 1140168.600823231739923, 865411.24332551844418 ], [ 1140191.660978122381493, 865437.104310946539044 ] ] ] } },
{ "type": "Feature", "properties": { "fid": 413, "FNODE_": 1985, "TNODE_": 1985, "LPOLY_": 1, "RPOLY_": 889, "LENGTH": 0.012, "BOU2_4M_": 1720, "BOU2_4M_ID": 26010, "GBCODE": 26010 }, "geometry": { "type": "MultiLineString", "coordinates": [ [ [ 987733.367657401831821, 851540.847444616258144 ], [ 987775.95178351434879, 851685.622783361002803 ], [ 987960.026461214758456, 851817.877189606428146 ], [ 988044.441579735605046, 851800.864834850654006 ], [ 988168.139314645784907, 851598.152945512905717 ], [ 988068.318563106586225, 851472.569061463698745 ], [ 987798.609288390143774, 851404.425342874601483 ], [ 987733.367657401831821, 851540.847444616258144 ] ] ] } },
{ "type": "Feature", "properties": { "fid": 414, "FNODE_": 1986, "TNODE_": 1986, "LPOLY_": 1, "RPOLY_": 890, "LENGTH": 0.012, "BOU2_4M_": 1721, "BOU2_4M_ID": 26010, "GBCODE": 26010 }, "geometry": { "type": "MultiLineString", "coordinates": [ [ [ 986838.925554113113321, 850590.803332706913352 ], [ 986724.378969578188844, 850684.418110206723213 ], [ 986846.418696145294234, 850882.542067287489772 ], [ 987125.957869836711325, 850833.491949532181025 ], [ 987167.933080143062398, 850648.123005039989948 ], [ 987122.618156622396782, 850503.130597041919827 ], [ 986846.845155367394909, 850528.89728520065546 ], [ 986838.925554113113321, 850590.803332706913352 ] ] ] } },
{ "type": "Feature", "properties": { "fid": 415, "FNODE_": 1987, "TNODE_": 1988, "LPOLY_": 1, "RPOLY_": 1, "LENGTH": 0.019, "BOU2_4M_": 1722, "BOU2_4M_ID": 3, "GBCODE": 26100 }, "geometry": { "type": "MultiLineString", "coordinates": [ [ [ 1129544.687481329310685, 863267.955922078341246 ], [ 1130014.115950167411938, 863571.101615004241467 ], [ 1130580.705225039506331, 863717.937556697055697 ], [ 1130912.535774271236733, 864008.405097199603915 ], [ 1131466.510712206363678, 864295.729131093248725 ], [ 1131492.313913109945133, 864321.736394001170993 ] ] ] } },
{ "type": "Feature", "properties": { "fid": 416, "FNODE_": 1989, "TNODE_": 1990, "LPOLY_": 1, "RPOLY_": 1, "LENGTH": 0.048, "BOU2_4M_": 1723, "BOU2_4M_ID": 7, "GBCODE": 26100 }, "geometry": { "type": "MultiLineString", "coordinates": [ [ [ 1138826.668897242518142, 865286.240122612565756 ], [ 1138212.708836592268199, 865063.822777478024364 ], [ 1136911.449815448140725, 864801.11841501109302 ], [ 1136166.665453850058839, 864495.794482450932264 ], [ 1134990.070577018195763, 863772.748734187334776 ], [ 1134327.544218464288861, 863475.101541601121426 ], [ 1133646.511246935930103, 863388.33050929941237 ], [ 1133618.455875912448391, 863385.727076139301062 ] ] ] } },
{ "type": "Feature", "properties": { "fid": 417, "FNODE_": 1991, "TNODE_": 1992, "LPOLY_": 1, "RPOLY_": 1, "LENGTH": 0.682, "BOU2_4M_": 1724, "BOU2_4M_ID": 183, "GBCODE": 26100 }, "geometry": { "type": "MultiLineString", "coordinates": [ [ [ 984962.283104469184764, 851907.330480702221394 ], [ 985463.662129850359634, 852694.573867565020919 ], [ 986120.240630711894482, 853849.099532939493656 ], [ 987083.73356854787562, 855049.43704299069941 ], [ 987844.02396558818873, 856094.10766689106822 ], [ 988883.738103411742486, 856946.749208148568869 ], [ 989713.404086253838614, 857737.306686196476221 ], [ 990251.748510676203296, 858294.703064208850265 ], [ 990857.763252397067845, 858621.344623874872923 ], [ 991350.280641348334029, 858303.550023233518004 ], [ 991540.640510946279392, 858034.597079783678055 ], [ 991082.875157696194947, 857365.006725534796715 ], [ 990300.395995443570428, 856436.597310027107596 ], [ 989744.327168693649583, 855665.812955277040601 ], [ 989068.579204603680409, 854603.75332541577518 ], [ 988583.017581435036846, 853696.926334906369448 ], [ 987934.510528021375649, 852731.362959284335375 ], [ 987374.153764930786565, 852007.615466266870499 ], [ 987072.860150433145463, 851608.987982945516706 ], [ 986569.342681173700839, 850913.102475194260478 ], [ 986133.497911373968236, 850410.537833839654922 ], [ 985877.330670411931351, 850180.155609691515565 ], [ 985791.883911734563299, 849915.005191575735807 ], [ 985996.930419403011911, 849317.369898578152061 ], [ 987031.505873642978258, 849815.872419094666839 ], [ 987523.258565391064622, 850369.548767788335681 ], [ 988890.362754574627616, 851599.000427898019552 ], [ 989655.65138824773021, 852596.587087851017714 ], [ 990625.912244996521622, 853703.38276431709528 ], [ 991647.956622918020003, 854766.899362709373236 ], [ 992505.884627086110413, 855936.543349254876375 ], [ 993210.598134665284306, 857212.926422147080302 ], [ 993826.824385620537214, 858412.529994057491422 ], [ 994487.240387536468916, 859497.343188773840666 ], [ 995107.244159108377062, 860508.798252189531922 ], [ 995613.06205084559042, 862007.09288919903338 ], [ 995908.009248149348423, 863325.035888591781259 ], [ 995846.609467251691967, 865041.712369944900274 ], [ 995778.837368086562492, 866262.762042572721839 ], [ 995877.741882759728469, 867354.700226884335279 ], [ 995677.579616382252425, 868590.010180458426476 ], [ 995180.93886033364106, 869379.285967634990811 ], [ 994550.422192607307807, 869781.53462733514607 ], [ 994058.080825410201214, 870241.085430471226573 ], [ 992912.743681900668889, 870087.224134739488363 ], [ 992287.766759394900873, 869853.040323607623577 ], [ 991908.788371488568373, 869401.116901403293014 ], [ 991789.652170522371307, 868826.524760397151113 ], [ 991670.836185569060035, 867685.90200468339026 ], [ 991629.254740595584735, 866763.284393072128296 ], [ 992125.560640101321042, 866256.820459568873048 ], [ 992477.940073930425569, 865480.689407890662551 ], [ 992499.272653450025246, 864374.058544119819999 ], [ 992384.252943917177618, 863328.328082429245114 ], [ 992324.863116640946828, 862616.79512095451355 ], [ 991979.087346726097167, 861908.108871759846807 ], [ 991131.295112651423551, 861186.789150435477495 ], [ 990167.667808035272174, 860292.007096007466316 ], [ 989394.100860155769624, 859552.440697096288204 ], [ 988457.664702433161438, 858754.127801178023219 ], [ 987821.278043408528902, 858071.902373738586903 ], [ 987183.766393379308283, 857271.705794345587492 ], [ 986460.833583369501866, 856489.017400277778506 ], [ 985912.389892644830979, 855766.168505439534783 ], [ 985464.000347047694959, 854979.856567490845919 ], [ 985019.489923494169489, 854288.142475452274084 ], [ 984488.404814915382303, 853213.273579962551594 ], [ 984091.688946475740522, 852242.458176435902715 ], [ 983615.534899494377896, 851501.369804337620735 ], [ 983281.759834219235927, 851053.338158929720521 ], [ 983001.791748460498638, 850397.240345932543278 ], [ 983297.056469603674486, 850159.458027582615614 ], [ 983690.603105948888697, 850022.80799406953156 ], [ 984063.559419204830192, 850143.825766835361719 ], [ 984565.442995722987689, 851287.022759847342968 ], [ 984779.017020745901391, 851590.506419176235795 ] ] ] } },
{ "type": "Feature", "properties": { "fid": 418, "FNODE_": 1993, "TNODE_": 1994, "LPOLY_": 1, "RPOLY_": 1, "LENGTH": 0.028, "BOU2_4M_": 1725, "BOU2_4M_ID": 2, "GBCODE": 26100 }, "geometry": { "type": "MultiLineString", "coordinates": [ [ [ 1129387.355261307908222, 862261.97627299465239 ], [ 1130107.733585919253528, 862234.256280800327659 ], [ 1130707.380753910401836, 862313.292572790756822 ], [ 1131715.676154755754396, 862453.88214504532516 ], [ 1132584.736869307700545, 862912.181545190513134 ] ] ] } },
{ "type": "Feature", "properties": { "fid": 419, "FNODE_": 1995, "TNODE_": 1996, "LPOLY_": 1, "RPOLY_": 1, "LENGTH": 0.024, "BOU2_4M_": 1726, "BOU2_4M_ID": 184, "GBCODE": 26100 }, "geometry": { "type": "MultiLineString", "coordinates": [ [ [ 984379.571434910874814, 849931.011155053973198 ], [ 983851.506571518490091, 849963.586306512355804 ], [ 983474.632005031220615, 849889.443634681403637 ], [ 983143.860681758145802, 849842.070357782766223 ], [ 982845.441923926700838, 849844.206247227266431 ], [ 982589.202922654221766, 849613.899130910634995 ], [ 982075.585869467700832, 849035.238449178636074 ], [ 981962.595693379291333, 848946.324723966419697 ] ] ] } },
{ "type": "Feature", "properties": { "fid": 420, "FNODE_": 1997, "TNODE_": 1998, "LPOLY_": 1, "RPOLY_": 1, "LENGTH": 0.139, "BOU2_4M_": 1727, "BOU2_4M_ID": 10, "GBCODE": 26100 }, "geometry": { "type": "MultiLineString", "coordinates": [ [ [ 1163852.019090433837846, 870729.971686070784926 ], [ 1164568.763753313571215, 870443.604510361328721 ], [ 1165528.400903548579663, 869613.60792401432991 ], [ 1166064.44659035326913, 868885.117328925058246 ], [ 1166417.735230115707964, 868351.850249757990241 ], [ 1166801.703491671942174, 867491.0001250654459 ], [ 1167002.479111641412601, 866801.674465976655483 ], [ 1167028.789016752038151, 866213.916717488318682 ], [ 1166865.297018461162224, 865891.404307667165995 ], [ 1165799.577080778311938, 865483.430946212261915 ], [ 1165416.798338676802814, 865447.09549499861896 ], [ 1163770.621205205330625, 865338.446140648797154 ], [ 1162734.222457911586389, 865806.939090711995959 ], [ 1163463.164028956321999, 866277.336804442107677 ], [ 1164125.97236201283522, 867166.510325498878956 ], [ 1163917.527338771848008, 867925.935511419549584 ], [ 1163556.910725865978748, 868552.970331653952599 ], [ 1163440.288140948629007, 868919.769860213622451 ], [ 1163297.037743259454146, 869260.410069815814495 ], [ 1163128.455260190879926, 869598.75099447928369 ], [ 1163071.86854619695805, 869616.98841711319983 ] ] ] } },
{ "type": "Feature", "properties": { "fid": 421, "FNODE_": 1999, "TNODE_": 1999, "LPOLY_": 891, "RPOLY_": 1, "LENGTH": 0.016, "BOU2_4M_": 1728, "BOU2_4M_ID": 26010, "GBCODE": 26010 }, "geometry": { "type": "MultiLineString", "coordinates": [ [ [ 984604.263064540689811, 848846.138413324952126 ], [ 984170.441265133442357, 848765.362557886168361 ], [ 984052.23420997580979, 848520.52128341794014 ], [ 984063.2009672553977, 848356.37054424546659 ], [ 984256.392236844054423, 848347.730005884543061 ], [ 984570.495379345491529, 848584.259127734228969 ], [ 984673.244373323628679, 848686.439131455495954 ], [ 984604.263064540689811, 848846.138413324952126 ] ] ] } },
{ "type": "Feature", "properties": { "fid": 422, "FNODE_": 2000, "TNODE_": 2001, "LPOLY_": 1, "RPOLY_": 1, "LENGTH": 0.072, "BOU2_4M_": 1729, "BOU2_4M_ID": 1, "GBCODE": 26100 }, "geometry": { "type": "MultiLineString", "coordinates": [ [ [ 1084003.487098506418988, 858483.360567973926663 ], [ 1083664.230169890681282, 857627.036070706322789 ], [ 1084116.397116299252957, 856582.085397196933627 ], [ 1084640.716992496745661, 856251.49134692363441 ], [ 1085568.147145387483761, 856688.643009750172496 ], [ 1086161.293365576770157, 857166.575479319319129 ], [ 1086788.018795660696924, 857883.589180180802941 ], [ 1086605.62135157152079, 858386.365136846899986 ], [ 1086001.437633547699079, 858662.614419246092439 ], [ 1085580.566717840498313, 858742.769747016951442 ], [ 1085300.70019724429585, 858788.507291978225112 ], [ 1084720.293409458128735, 858807.253874316811562 ], [ 1084697.445746614597738, 858758.018096055835485 ] ] ] } },
{ "type": "Feature", "properties": { "fid": 423, "FNODE_": 2002, "TNODE_": 2003, "LPOLY_": 1, "RPOLY_": 1, "LENGTH": 0.215, "BOU2_4M_": 1730, "BOU2_4M_ID": 61140, "GBCODE": 26080 }, "geometry": { "type": "MultiLineString", "coordinates": [ [ [ 667249.343220894807018, 830709.191894553601742 ], [ 666862.58563896920532, 829951.128653138875961 ], [ 666274.714445884805173, 828997.724812641739845 ], [ 665064.943436125875451, 827641.316202614456415 ], [ 663876.408607788500376, 825918.332694193348289 ], [ 662666.919277889537625, 824562.449468078091741 ], [ 659950.836462547886185, 823306.515387943014503 ], [ 656115.589771920116618, 822908.912470225244761 ], [ 651850.740160772693343, 822488.855404524132609 ], [ 648382.313659952953458, 823217.806757709011436 ], [ 647427.531751974252984, 825005.220054758712649 ] ] ] } },
{ "type": "Feature", "properties": { "fid": 424, "FNODE_": 2004, "TNODE_": 2004, "LPOLY_": 892, "RPOLY_": 1, "LENGTH": 0.014, "BOU2_4M_": 1731, "BOU2_4M_ID": 26010, "GBCODE": 26010 }, "geometry": { "type": "MultiLineString", "coordinates": [ [ [ 979834.500602396205068, 845271.653226230293512 ], [ 979308.175484006758779, 845325.322777761146426 ], [ 979174.267010769806802, 845267.90257852524519 ], [ 979213.26528073346708, 845105.913600195199251 ], [ 979331.776566127082333, 844997.219827245920897 ], [ 979651.230465121101588, 845061.636871673166752 ], [ 979808.332519853953272, 845169.343454727903008 ], [ 979834.500602396205068, 845271.653226230293512 ] ] ] } },
{ "type": "Feature", "properties": { "fid": 425, "FNODE_": 2005, "TNODE_": 2006, "LPOLY_": 1, "RPOLY_": 1, "LENGTH": 0.145, "BOU2_4M_": 1732, "BOU2_4M_ID": 184, "GBCODE": 26100 }, "geometry": { "type": "MultiLineString", "coordinates": [ [ [ 981614.012862304225564, 848696.317726973444223 ], [ 981447.122586599783972, 848542.613531647250056 ], [ 981114.161499496432953, 848236.166181147098541 ], [ 980454.156409152434207, 847694.101462798193097 ], [ 979946.275510383537039, 847186.861286256462336 ], [ 979442.134306140360422, 846491.332398666068912 ], [ 978749.413448323262855, 845758.861065300181508 ], [ 978403.333117035217583, 845168.962992215529084 ], [ 978220.21978067047894, 844637.83589749969542 ], [ 978504.471809799317271, 844093.038995480164886 ], [ 979362.537058204761706, 843989.65824375115335 ], [ 980040.228622970404103, 844179.464708222076297 ], [ 981109.131350789917633, 844985.911413010209799 ], [ 982021.742241770960391, 845805.028518665581942 ], [ 983086.457928385119885, 846658.478844400495291 ], [ 983840.666746255941689, 847372.202860176563263 ], [ 984650.822747252765112, 847972.024452151730657 ], [ 985408.764063876005821, 848639.031438980251551 ], [ 985656.244010554160923, 848962.939010083675385 ], [ 985498.272813060088083, 849281.346442528069019 ], [ 985116.550794736598618, 849701.490455590188503 ], [ 984823.338777556316927, 849772.158358510583639 ] ] ] } },
{ "type": "Feature", "properties": { "fid": 426, "FNODE_": 2007, "TNODE_": 2008, "LPOLY_": 1, "RPOLY_": 1, "LENGTH": 0.081, "BOU2_4M_": 1733, "BOU2_4M_ID": 186, "GBCODE": 26100 }, "geometry": { "type": "MultiLineString", "coordinates": [ [ [ 1059438.210336926393211, 843883.790750609710813 ], [ 1059071.377353857504204, 844387.881560873240232 ], [ 1058709.131811449071392, 844831.028819233179092 ], [ 1058893.018868747865781, 845316.084081938490272 ], [ 1059405.597318249288946, 845873.469671411439776 ], [ 1060050.400142382131889, 846158.367492452263832 ], [ 1060842.618760004173964, 846266.336452435702085 ], [ 1062121.953096031211317, 846411.574217364192009 ], [ 1062934.442542406031862, 846568.116562066599727 ], [ 1063995.949758005794138, 846343.608054241165519 ], [ 1064352.180031957104802, 845311.441682323813438 ], [ 1064611.985648848116398, 844902.569263996556401 ], [ 1064742.50744893704541, 844660.993705244734883 ] ] ] } },
{ "type": "Feature", "properties": { "fid": 427, "FNODE_": 2009, "TNODE_": 2009, "LPOLY_": 893, "RPOLY_": 1, "LENGTH": 0.026, "BOU2_4M_": 1734, "BOU2_4M_ID": 26010, "GBCODE": 26010 }, "geometry": { "type": "MultiLineString", "coordinates": [ [ [ 1063787.864967697532848, 842544.288051679730415 ], [ 1063655.533687320537865, 842816.122137129306793 ], [ 1063090.600994195090607, 842839.627384947612882 ], [ 1062681.937690197024494, 842852.670059466734529 ], [ 1062556.428952171234414, 842653.617238396778703 ], [ 1062631.020943750161678, 842495.010940872132778 ], [ 1063053.558009639615193, 842318.038619413971901 ], [ 1063517.882322971476242, 842356.718031924217939 ], [ 1063787.864967697532848, 842544.288051679730415 ] ] ] } },
{ "type": "Feature", "properties": { "fid": 428, "FNODE_": 2010, "TNODE_": 2011, "LPOLY_": 1, "RPOLY_": 1, "LENGTH": 0.092, "BOU2_4M_": 1735, "BOU2_4M_ID": 61138, "GBCODE": 26080 }, "geometry": { "type": "MultiLineString", "coordinates": [ [ [ 668081.646351553266868, 812177.01903759688139 ], [ 666981.153612801339477, 812666.444464018568397 ], [ 666164.077860141871497, 815746.139380730688572 ], [ 666253.531641763052903, 817957.994212662801147 ], [ 666374.816120902076364, 819620.138665318489075 ], [ 666730.092337606358342, 820927.75753322057426 ] ] ] } },
{ "type": "Feature", "properties": { "fid": 429, "FNODE_": 2012, "TNODE_": 2013, "LPOLY_": 1, "RPOLY_": 1, "LENGTH": 0.119, "BOU2_4M_": 1736, "BOU2_4M_ID": 61137, "GBCODE": 26080 }, "geometry": { "type": "MultiLineString", "coordinates": [ [ [ 668539.017866684822366, 823053.531620305031538 ], [ 669863.339492662926205, 822392.677963618189096 ], [ 670992.554734125966206, 821353.004772212356329 ], [ 671738.694858454051428, 819555.9706173799932 ], [ 671884.593786057201214, 816989.406403472647071 ], [ 672009.629012713907287, 814789.863488733768463 ], [ 670841.286263045039959, 812700.971121562644839 ], [ 670647.64444306155201, 812322.27973173558712 ] ] ] } },
{ "type": "Feature", "properties": { "fid": 430, "FNODE_": 2014, "TNODE_": 2015, "LPOLY_": 1, "RPOLY_": 1, "LENGTH": 0.143, "BOU2_4M_": 1737, "BOU2_4M_ID": 67, "GBCODE": 26100 }, "geometry": { "type": "MultiLineString", "coordinates": [ [ [ 1064797.324030357878655, 844367.554699515923858 ], [ 1065637.32941235252656, 843280.909107774496078 ], [ 1066275.782353987684473, 842444.271921498700976 ], [ 1067023.334128581453115, 841594.528587702661753 ], [ 1067423.619815750978887, 840877.139738477766514 ], [ 1067627.054900262970477, 839952.109061613678932 ], [ 1067515.117837589932606, 839209.539529526606202 ], [ 1066457.326556408545002, 838849.001736905425787 ], [ 1065260.268867739941925, 839372.270787896588445 ], [ 1064560.459923610091209, 839825.004335200414062 ], [ 1063885.483286478556693, 840398.209689998999238 ], [ 1063084.361645886674523, 841053.720075799152255 ], [ 1062420.081339689902961, 841509.776030795648694 ], [ 1061366.133949181530625, 842306.282208416610956 ], [ 1060761.791173091158271, 842767.95522103831172 ], [ 1060106.173369022086263, 843272.096988195553422 ], [ 1059637.007884208345786, 843704.69513146020472 ] ] ] } },
{ "type": "Feature", "properties": { "fid": 431, "FNODE_": 2016, "TNODE_": 2017, "LPOLY_": 1, "RPOLY_": 1, "LENGTH": 0.113, "BOU2_4M_": 1738, "BOU2_4M_ID": 61141, "GBCODE": 26080 }, "geometry": { "type": "MultiLineString", "coordinates": [ [ [ 586908.179023310192861, 801255.243513658642769 ], [ 588279.440589403384365, 803895.444612005725503 ], [ 589062.06418377358932, 805404.35059673152864 ], [ 591129.858638376463205, 806977.602122431620955 ], [ 594720.832587399403565, 808076.496921392157674 ], [ 596422.245477241114713, 808345.953723341226578 ] ] ] } },
{ "type": "Feature", "properties": { "fid": 432, "FNODE_": 2018, "TNODE_": 2019, "LPOLY_": 1, "RPOLY_": 1, "LENGTH": 0.115, "BOU2_4M_": 1739, "BOU2_4M_ID": 61151, "GBCODE": 26080 }, "geometry": { "type": "MultiLineString", "coordinates": [ [ [ 792015.725341703975573, 816410.897579638287425 ], [ 792301.70301628136076, 816690.819579483941197 ], [ 793166.447330419672653, 817400.704562345519662 ], [ 794959.459146761568263, 817912.308108121156693 ], [ 797223.017720088013448, 818195.148699708282948 ], [ 799067.516295334324241, 817928.565878937020898 ], [ 800635.142914690542966, 817252.377764342352748 ], [ 801481.534467482124455, 816005.935298457741737 ], [ 802033.463039336842485, 814609.323745178058743 ], [ 802086.281778570613824, 813830.787940865382552 ] ] ] } },
{ "type": "Feature", "properties": { "fid": 433, "FNODE_": 2020, "TNODE_": 2021, "LPOLY_": 1, "RPOLY_": 1, "LENGTH": 0.084, "BOU2_4M_": 1740, "BOU2_4M_ID": 61152, "GBCODE": 26080 }, "geometry": { "type": "MultiLineString", "coordinates": [ [ [ 801727.890829317737371, 812372.629124492406845 ], [ 801139.415378351463005, 812072.052497800439596 ], [ 800666.607522836420685, 812300.716961285099387 ], [ 799686.853292191517539, 813277.15817572362721 ], [ 798446.720118791679852, 813584.430514205247164 ], [ 796914.688334222068079, 813741.77660471573472 ], [ 794499.448962582624517, 813448.845558162778616 ], [ 792510.49228566896636, 813576.063095796853304 ] ] ] } },
{ "type": "Feature", "properties": { "fid": 434, "FNODE_": 2022, "TNODE_": 2023, "LPOLY_": 1, "RPOLY_": 1, "LENGTH": 0.142, "BOU2_4M_": 1741, "BOU2_4M_ID": 61142, "GBCODE": 26080 }, "geometry": { "type": "MultiLineString", "coordinates": [ [ [ 599706.035298152011819, 807041.724892750382423 ], [ 599715.328145415638573, 806858.421740429475904 ], [ 599613.166711595957167, 804648.114281248301268 ], [ 598858.694783100509085, 802588.803777789697051 ], [ 597025.050744746928103, 800659.022470401600003 ], [ 594726.40960598026868, 799441.177588667720556 ], [ 592825.52699911466334, 798794.772668056190014 ], [ 588775.657806331175379, 798225.299450809136033 ] ] ] } },
{ "type": "Feature", "properties": { "fid": 435, "FNODE_": 2024, "TNODE_": 2024, "LPOLY_": 1, "RPOLY_": 894, "LENGTH": 0.026, "BOU2_4M_": 1742, "BOU2_4M_ID": 26010, "GBCODE": 26010 }, "geometry": { "type": "MultiLineString", "coordinates": [ [ [ 942359.031939875450917, 819302.876976400613785 ], [ 942245.195242860238068, 819607.340523347258568 ], [ 942370.702790302922949, 820015.96580714546144 ], [ 942729.64610381773673, 820121.409834258258343 ], [ 943145.011279612663202, 820023.651860864832997 ], [ 943136.823385159950703, 819565.209370218217373 ], [ 942775.940712960087694, 819357.873783705756068 ], [ 942359.031939875450917, 819302.876976400613785 ] ] ] } },
{ "type": "Feature", "properties": { "fid": 436, "FNODE_": 2025, "TNODE_": 2026, "LPOLY_": 1, "RPOLY_": 1, "LENGTH": 0.04, "BOU2_4M_": 1743, "BOU2_4M_ID": 68, "GBCODE": 26100 }, "geometry": { "type": "MultiLineString", "coordinates": [ [ [ 943820.882438159664162, 820119.736870205029845 ], [ 943230.846707435208373, 820917.338764099404216 ], [ 942422.625043781590648, 820682.552097093313932 ], [ 941457.648885340080597, 820316.10661518573761 ], [ 941197.911797704640776, 819515.817467879503965 ], [ 941415.264481444726698, 818898.144112439826131 ] ] ] } },
{ "type": "Feature", "properties": { "fid": 437, "FNODE_": 2027, "TNODE_": 2028, "LPOLY_": 1, "RPOLY_": 1, "LENGTH": 0.117, "BOU2_4M_": 1744, "BOU2_4M_ID": 61143, "GBCODE": 26080 }, "geometry": { "type": "MultiLineString", "coordinates": [ [ [ 648816.000856936560012, 791813.345061350613832 ], [ 649388.340915357228369, 793130.063560193404555 ], [ 651634.677812119829468, 795273.515731301158667 ], [ 653276.46376487147063, 796649.618218125775456 ], [ 656050.40430408611428, 796986.673590021207929 ], [ 658202.271787952864543, 796922.434400865808129 ], [ 659743.366100943181664, 796273.524800201877952 ] ] ] } },
{ "type": "Feature", "properties": { "fid": 438, "FNODE_": 2029, "TNODE_": 2030, "LPOLY_": 1, "RPOLY_": 1, "LENGTH": 0.12, "BOU2_4M_": 1745, "BOU2_4M_ID": 61144, "GBCODE": 26080 }, "geometry": { "type": "MultiLineString", "coordinates": [ [ [ 660262.880278062657453, 794649.559493130072951 ], [ 660078.735687663895078, 794088.356648599728942 ], [ 659527.995204629260115, 792404.977706538513303 ], [ 658303.878222697181627, 791235.180765431374311 ], [ 656885.877774817985483, 789687.657831508666277 ], [ 654139.628841900965199, 788801.359788710251451 ], [ 651587.747242400539108, 788293.585249176248908 ], [ 649864.177347733755596, 788382.497791778296232 ], [ 649854.138347145868465, 788565.523681981489062 ] ] ] } },
{ "type": "Feature", "properties": { "fid": 439, "FNODE_": 2031, "TNODE_": 2032, "LPOLY_": 1, "RPOLY_": 1, "LENGTH": 0.102, "BOU2_4M_": 1746, "BOU2_4M_ID": 61153, "GBCODE": 26080 }, "geometry": { "type": "MultiLineString", "coordinates": [ [ [ 798288.704972823266871, 788825.727718822658062 ], [ 798387.445025702938437, 789613.337821686640382 ], [ 798444.311746952007525, 791048.998479487374425 ], [ 798839.177242411416955, 791986.843891767784953 ], [ 799821.698517289012671, 793224.762545567005873 ], [ 800833.927880381583236, 794074.341517606750131 ], [ 802128.7385407370748, 795203.607310825958848 ], [ 803594.659462441573851, 796084.227545887231827 ], [ 805103.520413969876245, 796316.970996728166938 ], [ 805255.467637516791001, 796327.304060734808445 ] ] ] } },
{ "type": "Feature", "properties": { "fid": 440, "FNODE_": 2033, "TNODE_": 2034, "LPOLY_": 1, "RPOLY_": 1, "LENGTH": 0.107, "BOU2_4M_": 1747, "BOU2_4M_ID": 61154, "GBCODE": 26080 }, "geometry": { "type": "MultiLineString", "coordinates": [ [ [ 807790.885409648646601, 794937.447879796847701 ], [ 807700.79397442471236, 794019.901165382936597 ], [ 806753.51941022335086, 792262.902540560811758 ], [ 804875.275533275445923, 790703.17914305627346 ], [ 803713.681166834780015, 789843.298366632312536 ], [ 801960.376067138276994, 788683.247453097254038 ], [ 800503.007787324138917, 787673.657312534749508 ], [ 799465.729294601711445, 787213.213807797059417 ], [ 799313.665109579102136, 787202.955046558752656 ] ] ] } },
{ "type": "Feature", "properties": { "fid": 441, "FNODE_": 2035, "TNODE_": 2036, "LPOLY_": 1, "RPOLY_": 1, "LENGTH": 0.027, "BOU2_4M_": 1748, "BOU2_4M_ID": 69, "GBCODE": 26100 }, "geometry": { "type": "MultiLineString", "coordinates": [ [ [ 1048792.753588777501136, 806518.913234412670135 ], [ 1047738.034917183569632, 806230.959729909896851 ], [ 1047622.675214215996675, 806178.260875219479203 ], [ 1046579.096436590421945, 805753.559044284746051 ], [ 1046432.136435091495514, 805654.034472899511456 ], [ 1045922.208679347881116, 805307.184168020263314 ] ] ] } },
{ "type": "Feature", "properties": { "fid": 442, "FNODE_": 2037, "TNODE_": 2038, "LPOLY_": 1, "RPOLY_": 1, "LENGTH": 0.151, "BOU2_4M_": 1749, "BOU2_4M_ID": 70, "GBCODE": 26100 }, "geometry": { "type": "MultiLineString", "coordinates": [ [ [ 1046907.055794265703298, 805164.018139831721783 ], [ 1048339.463210860500112, 805533.921161198988557 ], [ 1049389.584507002960891, 805750.410943547263741 ], [ 1050635.184172019828111, 806056.038876282051206 ], [ 1051506.240763755748048, 806255.700806632637978 ], [ 1052916.865035184659064, 806600.666267091408372 ], [ 1054122.006105377571657, 806690.656022474169731 ], [ 1053235.386662321863696, 805853.188749060034752 ], [ 1054051.230661509791389, 805458.987684907391667 ], [ 1055246.776915218681097, 805925.097731012851 ], [ 1055297.254671859554946, 806848.715432766824961 ], [ 1054568.526249189628288, 807345.222287682816386 ], [ 1053086.297511753160506, 807394.058009816333652 ], [ 1051657.071404105750844, 807259.436186363920569 ], [ 1050653.190047363284975, 807070.658660680055618 ], [ 1049533.762246928177774, 806965.47653328999877 ] ] ] } },
{ "type": "Feature", "properties": { "fid": 443, "FNODE_": 2039, "TNODE_": 2040, "LPOLY_": 1, "RPOLY_": 1, "LENGTH": 0.048, "BOU2_4M_": 1750, "BOU2_4M_ID": 71, "GBCODE": 26100 }, "geometry": { "type": "MultiLineString", "coordinates": [ [ [ 1051945.401292040012777, 805778.750418957322836 ], [ 1050969.163112495327368, 805545.548418277874589 ], [ 1050138.270869655767456, 805161.171515256166458 ], [ 1048498.444463765365072, 804960.024597320705652 ], [ 1047351.659187201177701, 804758.115235712379217 ], [ 1046433.200876649818383, 804554.198380637913942 ] ] ] } },
{ "type": "Feature", "properties": { "fid": 444, "FNODE_": 2041, "TNODE_": 2042, "LPOLY_": 1, "RPOLY_": 1, "LENGTH": 0.058, "BOU2_4M_": 1751, "BOU2_4M_ID": 72, "GBCODE": 26100 }, "geometry": { "type": "MultiLineString", "coordinates": [ [ [ 1052424.844088985119015, 805117.180498108267784 ], [ 1051131.630790793802589, 804665.703070001676679 ], [ 1049726.949443345190957, 804250.924447869881988 ], [ 1048521.575605476158671, 804161.283406250178814 ], [ 1047360.516579302144237, 803840.211148448288441 ], [ 1046143.275058496743441, 803749.86276332847774 ], [ 1045718.195312744006515, 803945.419718900695443 ] ] ] } },
{ "type": "Feature", "properties": { "fid": 445, "FNODE_": 2043, "TNODE_": 2044, "LPOLY_": 1, "RPOLY_": 1, "LENGTH": 0.103, "BOU2_4M_": 1752, "BOU2_4M_ID": 73, "GBCODE": 26100 }, "geometry": { "type": "MultiLineString", "coordinates": [ [ [ 1065199.323354715714231, 805730.088816260918975 ], [ 1065664.48395462683402, 805317.661458294838667 ], [ 1066909.522801871411502, 805405.212360287085176 ], [ 1067937.917486781487241, 805455.904850270599127 ], [ 1068941.818665311206132, 805645.887902610003948 ], [ 1069493.606834036530927, 806193.256517712026834 ], [ 1069748.940642093075439, 807089.350753903388977 ], [ 1069191.280261811101809, 807672.242484865710139 ], [ 1068116.245322781149298, 807876.153540231287479 ], [ 1067108.762929809745401, 807992.098005255684257 ], [ 1065593.427940103458241, 807612.232212757691741 ], [ 1065096.019840913126245, 806999.573378689587116 ], [ 1064889.813603604678065, 806225.993445480242372 ] ] ] } },
{ "type": "Feature", "properties": { "fid": 446, "FNODE_": 2045, "TNODE_": 2046, "LPOLY_": 1, "RPOLY_": 1, "LENGTH": 0.077, "BOU2_4M_": 1753, "BOU2_4M_ID": 61146, "GBCODE": 26080 }, "geometry": { "type": "MultiLineString", "coordinates": [ [ [ 557164.7176594104385, 762939.144080016762018 ], [ 557585.883588273311034, 763142.183120276778936 ], [ 559656.104065841063857, 764889.10650741122663 ], [ 561357.535187619621865, 765336.024674899876118 ], [ 563718.412995878490619, 765447.900712165981531 ], [ 565435.235182295786217, 765529.552107188850641 ] ] ] } },
{ "type": "Feature", "properties": { "fid": 447, "FNODE_": 2047, "TNODE_": 2048, "LPOLY_": 1, "RPOLY_": 1, "LENGTH": 0.143, "BOU2_4M_": 1754, "BOU2_4M_ID": 61147, "GBCODE": 26080 }, "geometry": { "type": "MultiLineString", "coordinates": [ [ [ 575964.630001905723475, 765852.464850440621376 ], [ 578327.229234018479474, 765967.33475524187088 ], [ 580492.414292357163504, 765706.41012654453516 ], [ 583123.301870605442673, 764735.563701136037707 ], [ 586352.697656682459638, 764711.334262611344457 ], [ 588088.653128030244261, 764430.617525363340974 ], [ 589619.382851186906919, 763956.678366953507066 ], [ 590738.698872454464436, 763095.917058261111379 ], [ 591213.046580765047111, 762203.17488069832325 ], [ 591007.71126718854066, 762009.68910032697022 ] ] ] } },
{ "type": "Feature", "properties": { "fid": 448, "FNODE_": 2049, "TNODE_": 2050, "LPOLY_": 1, "RPOLY_": 1, "LENGTH": 0.105, "BOU2_4M_": 1755, "BOU2_4M_ID": 61155, "GBCODE": 26080 }, "geometry": { "type": "MultiLineString", "coordinates": [ [ [ 781327.881482631433755, 772995.939260313287377 ], [ 781007.253230762202293, 773234.878445038571954 ], [ 780753.659464851021767, 774778.532162744551897 ], [ 780836.77618299308233, 775824.351338850334287 ], [ 781063.534934074967168, 777009.682508297264576 ], [ 781392.109172247583047, 778982.284960594028234 ], [ 782033.351370950578712, 780845.647679219022393 ], [ 784361.176598194870166, 782560.53817736543715 ] ] ] } },
{ "type": "Feature", "properties": { "fid": 449, "FNODE_": 2051, "TNODE_": 2052, "LPOLY_": 1, "RPOLY_": 1, "LENGTH": 0.092, "BOU2_4M_": 1756, "BOU2_4M_ID": 61156, "GBCODE": 26080 }, "geometry": { "type": "MultiLineString", "coordinates": [ [ [ 786549.234242063714191, 781794.841587483882904 ], [ 786905.08118975313846, 781037.94059262983501 ], [ 787016.834472515387461, 779354.287160100415349 ], [ 786824.202653487445787, 777650.610865380614996 ], [ 786310.793994109844789, 776185.998552465811372 ], [ 785645.007626679260284, 774711.401995429769158 ], [ 784683.101298551191576, 773087.388341400772333 ], [ 784547.066613142145798, 772818.341100141406059 ] ] ] } },
{ "type": "Feature", "properties": { "fid": 450, "FNODE_": 2053, "TNODE_": 2054, "LPOLY_": 1, "RPOLY_": 1, "LENGTH": 0.071, "BOU2_4M_": 1757, "BOU2_4M_ID": 61149, "GBCODE": 26080 }, "geometry": { "type": "MultiLineString", "coordinates": [ [ [ 568919.075775876757689, 760197.928962107747793 ], [ 568086.513861989136785, 759608.372568007558584 ], [ 567047.191777225001715, 758825.801318818703294 ], [ 565559.479124491452239, 758388.432461377233267 ], [ 563841.624166541500017, 758306.763183366507292 ], [ 561040.76551864866633, 758357.354703683406115 ] ] ] } },
{ "type": "Feature", "properties": { "fid": 451, "FNODE_": 2055, "TNODE_": 2056, "LPOLY_": 1, "RPOLY_": 1, "LENGTH": 0.131, "BOU2_4M_": 1758, "BOU2_4M_ID": 61148, "GBCODE": 26080 }, "geometry": { "type": "MultiLineString", "coordinates": [ [ [ 591546.755814490024932, 759837.52060610242188 ], [ 591358.668338191346265, 759278.448894558474422 ], [ 590302.573950273450464, 758859.455512840300798 ], [ 587947.607143671135418, 758559.426148399710655 ], [ 586427.142118964227848, 758850.709348728880286 ], [ 584242.569486369728111, 759475.966677125543356 ], [ 582076.158595844288357, 759736.062446132302284 ], [ 580134.176261769142002, 759824.279903143644333 ], [ 577313.823952741688117, 760236.560933334752917 ], [ 576867.124379726476036, 760581.338349645957351 ] ] ] } },
{ "type": "Feature", "properties": { "fid": 452, "FNODE_": 2057, "TNODE_": 2058, "LPOLY_": 1, "RPOLY_": 1, "LENGTH": 0.075, "BOU2_4M_": 1759, "BOU2_4M_ID": 61145, "GBCODE": 26080 }, "geometry": { "type": "MultiLineString", "coordinates": [ [ [ 547408.175347910029814, 755156.607899971306324 ], [ 549009.115590990637429, 757795.166345607489347 ], [ 550041.175888405763544, 758758.974912276491523 ], [ 552964.449117745272815, 760727.013823503628373 ], [ 553169.480012788320892, 760919.804516360163689 ] ] ] } },
{ "type": "Feature", "properties": { "fid": 453, "FNODE_": 2059, "TNODE_": 2060, "LPOLY_": 1, "RPOLY_": 1, "LENGTH": 0.078, "BOU2_4M_": 1760, "BOU2_4M_ID": 61150, "GBCODE": 26080 }, "geometry": { "type": "MultiLineString", "coordinates": [ [ [ 557877.808785125496797, 756925.938939157873392 ], [ 557499.301632900955155, 755809.017991743981838 ], [ 556880.440618756460026, 755230.447696130722761 ], [ 555848.563423791434616, 754266.262761259451509 ], [ 553965.73758335353341, 753079.42126895673573 ], [ 551850.033155821496621, 752248.389576667919755 ], [ 550999.136108926613815, 752025.765767464414239 ] ] ] } },
{ "type": "Feature", "properties": { "fid": 454, "FNODE_": 2061, "TNODE_": 2062, "LPOLY_": 1, "RPOLY_": 1, "LENGTH": 0.009, "BOU2_4M_": 1761, "BOU2_4M_ID": 81, "GBCODE": 26100 }, "geometry": { "type": "MultiLineString", "coordinates": [ [ [ 1058330.676119259791449, 782015.963805206120014 ], [ 1058440.660132911521941, 782943.726587530225515 ] ] ] } },
{ "type": "Feature", "properties": { "fid": 455, "FNODE_": 2063, "TNODE_": 2063, "LPOLY_": 895, "RPOLY_": 1, "LENGTH": 0.013, "BOU2_4M_": 1762, "BOU2_4M_ID": 26010, "GBCODE": 26010 }, "geometry": { "type": "MultiLineString", "coordinates": [ [ [ 1056942.204665469238535, 781790.86716478690505 ], [ 1057131.539114126935601, 781830.031436899676919 ], [ 1057290.944424354005605, 781937.081506000831723 ], [ 1057196.061537126312032, 782187.621429963037372 ], [ 1056951.635781903285533, 782097.027746852487326 ], [ 1056766.458096916554496, 782011.282396715134382 ], [ 1056712.539458657847717, 781936.313754009082913 ], [ 1056771.247659929795191, 781823.651911202818155 ], [ 1056942.204665469238535, 781790.86716478690505 ] ] ] } },
{ "type": "Feature", "properties": { "fid": 456, "FNODE_": 2064, "TNODE_": 2065, "LPOLY_": 1, "RPOLY_": 1, "LENGTH": 0.052, "BOU2_4M_": 1763, "BOU2_4M_ID": 82, "GBCODE": 26100 }, "geometry": { "type": "MultiLineString", "coordinates": [ [ [ 1057530.436324971495196, 783163.63203502073884 ], [ 1056142.094978656154126, 782938.621592348441482 ], [ 1054572.353371686767787, 782461.30197624117136 ], [ 1053164.106104188598692, 781787.727808807045221 ], [ 1052094.044178794836625, 781099.066902674734592 ], [ 1051913.169611220946535, 780964.397657299414277 ] ] ] } },
{ "type": "Feature", "properties": { "fid": 457, "FNODE_": 2066, "TNODE_": 2067, "LPOLY_": 1, "RPOLY_": 1, "LENGTH": 0.057, "BOU2_4M_": 1764, "BOU2_4M_ID": 85, "GBCODE": 26100 }, "geometry": { "type": "MultiLineString", "coordinates": [ [ [ 1057475.14737312681973, 781488.175871692597866 ], [ 1056473.844249808229506, 781111.585878981277347 ], [ 1055488.491359251085669, 780689.365873832255602 ], [ 1054686.335066899657249, 780096.230487383902073 ], [ 1054112.927743802079931, 779501.374896520748734 ], [ 1052968.696715280879289, 779511.342153737321496 ], [ 1051882.527932228287682, 779550.262743612751365 ], [ 1051403.818535953294486, 779646.448314426466823 ] ] ] } },
{ "type": "Feature", "properties": { "fid": 458, "FNODE_": 2068, "TNODE_": 2069, "LPOLY_": 1, "RPOLY_": 1, "LENGTH": 1.081, "BOU2_4M_": 1765, "BOU2_4M_ID": 1001, "GBCODE": 61010 }, "geometry": { "type": "MultiLineString", "coordinates": [ [ [ 1264166.688163076294586, 777761.80288946442306 ], [ 1265473.69845733884722, 779298.030696665868163 ], [ 1267333.125325298402458, 782110.990823386237025 ], [ 1270015.227070773253217, 785662.53197486884892 ], [ 1273000.013829917181283, 789526.995818603783846 ], [ 1276420.004081786377355, 793529.046188719570637 ], [ 1279013.48932379623875, 796793.70426313765347 ], [ 1282615.312219981569797, 801193.543423576280475 ], [ 1285992.052795993164182, 805574.037895696237683 ], [ 1288971.904438715660945, 809446.340539526194334 ], [ 1293160.527666883077472, 814664.244600711390376 ], [ 1297381.554488790687174, 819510.672339670360088 ], [ 1300669.173273455817252, 823607.758712168782949 ], [ 1304353.396597393322736, 828217.662829937413335 ], [ 1307269.98796275886707, 832660.223862258717418 ], [ 1310063.958805350586772, 836052.967671383172274 ], [ 1313879.984231319511309, 840398.331109642982483 ], [ 1318290.359812560025603, 845466.682685481384397 ], [ 1322435.533520461758599, 850984.682153275236487 ], [ 1324857.798349412158132, 854726.046487802639604 ], [ 1327617.880385093856603, 858407.532236782833934 ], [ 1330395.385178220458329, 861902.722692051902413 ], [ 1333031.884079163661227, 864532.737788517028093 ], [ 1336338.193691965658218, 868272.58832554705441 ], [ 1338018.322514947503805, 870429.929816912859678 ] ] ] } },
{ "type": "Feature", "properties": { "fid": 459, "FNODE_": 2070, "TNODE_": 2070, "LPOLY_": 896, "RPOLY_": 1, "LENGTH": 0.016, "BOU2_4M_": 1766, "BOU2_4M_ID": 26010, "GBCODE": 26010 }, "geometry": { "type": "MultiLineString", "coordinates": [ [ [ 1033060.42200402112212, 733505.604668302461505 ], [ 1032871.168755212449469, 733466.919247008860111 ], [ 1032765.189594597788528, 733435.024462576955557 ], [ 1032750.571908059413545, 733316.713307656347752 ], [ 1032789.400024001603015, 733155.990310436114669 ], [ 1032994.801561610074714, 733008.653991488739848 ], [ 1033169.25832555280067, 732952.443142428994179 ], [ 1033375.155239419196732, 733086.141089998185635 ], [ 1033276.837868671864271, 733241.989071968942881 ], [ 1033156.729403802542947, 733372.86012327298522 ], [ 1033060.42200402112212, 733505.604668302461505 ] ] ] } },
{ "type": "Feature", "properties": { "fid": 460, "FNODE_": 2071, "TNODE_": 2072, "LPOLY_": 1, "RPOLY_": 1, "LENGTH": 0.072, "BOU2_4M_": 1767, "BOU2_4M_ID": 87, "GBCODE": 26100 }, "geometry": { "type": "MultiLineString", "coordinates": [ [ [ 1033801.796088373870589, 734551.174021059647202 ], [ 1032945.529524540295824, 734829.396689061075449 ], [ 1031974.917758894851431, 734599.076027987524867 ], [ 1031238.293641458498314, 733826.861228639259934 ], [ 1031381.781567264231853, 732808.953043235465884 ], [ 1032376.512703090906143, 732337.846563130617142 ], [ 1033189.853863709839061, 732577.112395517528057 ], [ 1033858.240327926585451, 733084.344681790098548 ], [ 1034016.476169308880344, 733755.972855499014258 ], [ 1034043.604449979029596, 734302.933395639061928 ] ] ] } },
{ "type": "Feature", "properties": { "fid": 461, "FNODE_": 2073, "TNODE_": 2073, "LPOLY_": 897, "RPOLY_": 1, "LENGTH": 0.019, "BOU2_4M_": 1768, "BOU2_4M_ID": 26010, "GBCODE": 26010 }, "geometry": { "type": "MultiLineString", "coordinates": [ [ [ 996820.595912518911064, 669001.266178578138351 ], [ 996567.576462058466859, 668981.59750815667212 ], [ 996301.286946118343621, 668820.996957102790475 ], [ 996206.218929780530743, 668650.358164316043258 ], [ 996114.988445953465998, 668433.577160283923149 ], [ 996251.345160331344232, 668397.494854414835572 ], [ 996553.144626831053756, 668420.927162567153573 ], [ 996766.818897662102245, 668624.047167846933007 ], [ 996820.595912518911064, 669001.266178578138351 ] ] ] } },
{ "type": "Feature", "properties": { "fid": 462, "FNODE_": 2074, "TNODE_": 2074, "LPOLY_": 898, "RPOLY_": 1, "LENGTH": 0.018, "BOU2_4M_": 1769, "BOU2_4M_ID": 26010, "GBCODE": 26010 }, "geometry": { "type": "MultiLineString", "coordinates": [ [ [ 995222.1669481882127, 667198.56790060736239 ], [ 994949.038631467963569, 667130.707373447716236 ], [ 994678.826309983967803, 667016.587424712255597 ], [ 994437.313370382180437, 666857.96383867226541 ], [ 994531.592258280492388, 666748.777756877243519 ], [ 994768.432424297439866, 666673.895127227529883 ], [ 994957.836490830173716, 666735.176792837679386 ], [ 995118.535814777947962, 666840.921733466908336 ], [ 995222.1669481882127, 667198.56790060736239 ] ] ] } },
{ "type": "Feature", "properties": { "fid": 463, "FNODE_": 2075, "TNODE_": 2076, "LPOLY_": 1, "RPOLY_": 1, "LENGTH": 1.077, "BOU2_4M_": 1770, "BOU2_4M_ID": 1001, "GBCODE": 61010 }, "geometry": { "type": "MultiLineString", "coordinates": [ [ [ 388693.356089599663392, 708310.036750925704837 ], [ 388007.943063519604038, 704386.769374528899789 ], [ 387569.307885140297003, 701160.716296885162592 ], [ 386383.322513335384429, 695847.12685732729733 ], [ 386304.274962851312011, 689883.518400270491838 ], [ 386437.54054674343206, 685762.292359804734588 ], [ 386336.739847779041156, 680489.03667482174933 ], [ 385727.457152377406601, 674056.167609808966517 ], [ 386132.410230685665738, 669947.802114628255367 ], [ 385992.938481658813544, 665823.007278956472874 ], [ 386714.672852865362074, 660354.237134819850326 ], [ 386906.525433586386498, 654412.855140408501029 ], [ 388112.353702200809494, 648399.33537095412612 ], [ 389152.982117095263675, 640797.472921183332801 ], [ 389725.113709061988629, 638212.12502651847899 ], [ 390320.616784347163048, 633267.971535082906485 ], [ 391301.396688110020477, 628275.932439044117928 ], [ 392528.101457158685662, 624206.683181209489703 ], [ 393740.311499768227804, 620038.390124702826142 ], [ 395050.107025880424771, 614020.772118641063571 ], [ 396109.625696462695487, 610466.415154945105314 ], [ 397267.958351501729339, 607355.654428027570248 ], [ 398505.114747380372137, 604899.967345122247934 ], [ 400408.271963143488392, 600972.969042355194688 ] ] ] } },
{ "type": "Feature", "properties": { "fid": 464, "FNODE_": 2077, "TNODE_": 2078, "LPOLY_": 1, "RPOLY_": 1, "LENGTH": 0.102, "BOU2_4M_": 1771, "BOU2_4M_ID": 61114, "GBCODE": 26080 }, "geometry": { "type": "MultiLineString", "coordinates": [ [ [ 910871.2705185522791, 616499.618006758391857 ], [ 909841.170531071838923, 617037.751366306096315 ], [ 909471.840914302039891, 618652.951741211116314 ], [ 909348.186681128921919, 620286.923015369102359 ], [ 909178.139527672668919, 622533.931853421032429 ], [ 909468.183626740239561, 625227.107520014047623 ], [ 910404.723072215099819, 625914.566997196525335 ] ] ] } },
{ "type": "Feature", "properties": { "fid": 465, "FNODE_": 2079, "TNODE_": 2080, "LPOLY_": 1, "RPOLY_": 1, "LENGTH": 0.096, "BOU2_4M_": 1772, "BOU2_4M_ID": 61113, "GBCODE": 26080 }, "geometry": { "type": "MultiLineString", "coordinates": [ [ [ 913137.270131497178227, 625710.974906587973237 ], [ 913398.318111410713755, 625525.335997736081481 ], [ 913968.001235730596818, 624541.172061286866665 ], [ 914369.016850732383318, 622516.990237215533853 ], [ 914462.298187654814683, 621291.36332967504859 ], [ 914847.845024148002267, 619471.805729977786541 ], [ 914496.416623176424764, 617596.42683319747448 ], [ 913820.560435211169533, 616723.478255027905107 ], [ 913573.941679785144515, 616704.731240941211581 ] ] ] } },
{ "type": "Feature", "properties": { "fid": 466, "FNODE_": 2081, "TNODE_": 2082, "LPOLY_": 1, "RPOLY_": 1, "LENGTH": 0.099, "BOU2_4M_": 1773, "BOU2_4M_ID": 61115, "GBCODE": 26080 }, "geometry": { "type": "MultiLineString", "coordinates": [ [ [ 909367.994644959457219, 606941.488322259858251 ], [ 910337.052106641116552, 607220.020122669637203 ], [ 910767.017354491632432, 608073.592934295535088 ], [ 912134.809290700475685, 609614.165793068706989 ], [ 913762.620686060516164, 610969.519757386296988 ], [ 915485.147118998342194, 611100.530508698895574 ], [ 916746.238156533334404, 610785.972213277593255 ], [ 917608.259873391129076, 609209.392433200031519 ], [ 917854.108174992958084, 609228.15168871358037 ] ] ] } },
{ "type": "Feature", "properties": { "fid": 467, "FNODE_": 2083, "TNODE_": 2084, "LPOLY_": 1, "RPOLY_": 1, "LENGTH": 0.099, "BOU2_4M_": 1774, "BOU2_4M_ID": 61116, "GBCODE": 26080 }, "geometry": { "type": "MultiLineString", "coordinates": [ [ [ 918364.777231911080889, 605777.732538504526019 ], [ 918411.504510156693868, 605165.600493950769305 ], [ 918489.37667136231903, 604145.467336034402251 ], [ 918598.391075091087259, 602717.367633396759629 ], [ 917692.239390728645958, 601622.325385188683867 ], [ 916461.291870959568769, 601528.525528304278851 ], [ 914706.386123201111332, 601805.345101989805698 ], [ 913183.937756515457295, 602305.280349461361766 ], [ 911168.739617773448117, 602768.10241680778563 ] ] ] } },
{ "type": "Feature", "properties": { "fid": 468, "FNODE_": 2085, "TNODE_": 2086, "LPOLY_": 1, "RPOLY_": 1, "LENGTH": 0.066, "BOU2_4M_": 1775, "BOU2_4M_ID": 61120, "GBCODE": 26080 }, "geometry": { "type": "MultiLineString", "coordinates": [ [ [ 906046.042831331375055, 598483.318000601604581 ], [ 905245.551880693179555, 599243.636993329972029 ], [ 904892.138141923351213, 600653.128036478534341 ], [ 905492.969901937874965, 602544.863327441737056 ], [ 905892.769085569423623, 603806.145243102684617 ], [ 906324.128157756174915, 604659.465090751647949 ] ] ] } },
{ "type": "Feature", "properties": { "fid": 469, "FNODE_": 2087, "TNODE_": 2088, "LPOLY_": 1, "RPOLY_": 1, "LENGTH": 0.12, "BOU2_4M_": 1776, "BOU2_4M_ID": 61119, "GBCODE": 26080 }, "geometry": { "type": "MultiLineString", "coordinates": [ [ [ 901041.650677162688226, 592570.302443528547883 ], [ 899979.770849153865129, 593516.217099875211716 ], [ 899380.808520069345832, 594906.978469768539071 ], [ 899966.771244838018902, 597001.685945751145482 ], [ 901674.169204195030034, 597334.586638599634171 ], [ 903167.864085968118161, 597241.399558089673519 ], [ 904706.644672014983371, 596536.497214831411839 ], [ 906014.830912827863358, 595609.386813592165709 ], [ 906861.634373748791404, 594237.540718346834183 ] ] ] } },
{ "type": "Feature", "properties": { "fid": 470, "FNODE_": 2089, "TNODE_": 2090, "LPOLY_": 1, "RPOLY_": 1, "LENGTH": 0.088, "BOU2_4M_": 1777, "BOU2_4M_ID": 61118, "GBCODE": 26080 }, "geometry": { "type": "MultiLineString", "coordinates": [ [ [ 891917.307252228958532, 585331.3843884319067 ], [ 891579.552649187506177, 586536.104927815496922 ], [ 892445.846346635022201, 588240.048452133312821 ], [ 894326.164405783521943, 589609.492836020886898 ], [ 895804.578174859983847, 589719.337275337427855 ], [ 897544.411897490615956, 589643.840804954990745 ], [ 898575.021932971314527, 589105.641531521454453 ] ] ] } },
{ "type": "Feature", "properties": { "fid": 471, "FNODE_": 2091, "TNODE_": 2092, "LPOLY_": 1, "RPOLY_": 1, "LENGTH": 0.103, "BOU2_4M_": 1778, "BOU2_4M_ID": 61117, "GBCODE": 26080 }, "geometry": { "type": "MultiLineString", "coordinates": [ [ [ 916834.051821864559315, 596633.46155271679163 ], [ 917126.756650290917605, 596040.428423170000315 ], [ 917713.156217594863847, 594854.575725376605988 ], [ 918669.291329537052661, 592056.531004227697849 ], [ 918747.033738149912097, 591037.273821884766221 ], [ 918594.075470982235856, 589795.438455561175942 ], [ 918194.788346293848008, 588534.932315852493048 ], [ 916809.272046919330023, 587199.513399716466665 ], [ 916562.047526516485959, 587180.705078037455678 ] ] ] } },
{ "type": "Feature", "properties": { "fid": 472, "FNODE_": 2093, "TNODE_": 2094, "LPOLY_": 1, "RPOLY_": 1, "LENGTH": 0.107, "BOU2_4M_": 1779, "BOU2_4M_ID": 61121, "GBCODE": 26080 }, "geometry": { "type": "MultiLineString", "coordinates": [ [ [ 905930.433145916322246, 576951.147566761821508 ], [ 906870.50565664540045, 577636.344569623470306 ], [ 909291.195865349960513, 578433.20874260365963 ], [ 912034.167806133860722, 578230.625831505283713 ], [ 914300.672653393005021, 577787.691007388755679 ], [ 917105.903409142396413, 576771.660882806405425 ], [ 917892.863893671426922, 576217.016839129850268 ] ] ] } },
{ "type": "Feature", "properties": { "fid": 473, "FNODE_": 2095, "TNODE_": 2096, "LPOLY_": 1, "RPOLY_": 1, "LENGTH": 0.105, "BOU2_4M_": 1780, "BOU2_4M_ID": 61122, "GBCODE": 26080 }, "geometry": { "type": "MultiLineString", "coordinates": [ [ [ 917307.229586574947461, 574124.278665652498603 ], [ 916875.075720032327808, 573272.240492939949036 ], [ 914686.687102319090627, 572696.565402856096625 ], [ 912172.678177249617875, 573120.525956477969885 ], [ 909659.802488209214061, 573545.152815902605653 ], [ 907347.746209702105261, 574599.832470007240772 ], [ 906284.075513563584536, 575543.910215936601162 ] ] ] } },
{ "type": "Feature", "properties": { "fid": 474, "FNODE_": 2097, "TNODE_": 2098, "LPOLY_": 1, "RPOLY_": 1, "LENGTH": 0.045, "BOU2_4M_": 1781, "BOU2_4M_ID": 1, "GBCODE": 26100 }, "geometry": { "type": "MultiLineString", "coordinates": [ [ [ 930897.759817714919336, 567231.055820643901825 ], [ 930621.512609839090146, 567183.744252592325211 ], [ 930451.000433553475887, 566890.379047879949212 ], [ 930482.291963344905525, 566544.988820722326636 ], [ 930592.596166185685433, 566276.073571735993028 ], [ 930883.957368456874974, 565837.307428348809481 ], [ 931021.15548644727096, 565570.722984824329615 ], [ 931269.630174871184863, 565615.655026426538825 ], [ 931570.163121682358906, 565711.477083336561918 ], [ 931861.709403159911744, 565899.48383124358952 ], [ 931884.218579639447853, 566272.660576891154051 ], [ 931837.64658529649023, 566779.201707305386662 ], [ 931743.484542308025993, 566887.018271014094353 ], [ 931442.210796361323446, 567417.765100426971912 ], [ 931305.904505226062611, 567382.680268961936235 ], [ 931360.583871293696575, 567387.428512271493673 ] ] ] } },
{ "type": "Feature", "properties": { "fid": 475, "FNODE_": 2099, "TNODE_": 2100, "LPOLY_": 1, "RPOLY_": 1, "LENGTH": 0.071, "BOU2_4M_": 1782, "BOU2_4M_ID": 2, "GBCODE": 26100 }, "geometry": { "type": "MultiLineString", "coordinates": [ [ [ 897626.697328667156398, 423441.345956111326814 ], [ 897488.372300281655043, 423551.706671150401235 ], [ 897142.164966317475773, 423717.533644583076239 ], [ 896747.256153800874017, 423891.411134311929345 ], [ 896389.253119638306089, 423935.43803627230227 ], [ 896113.375000637373887, 423927.568728741258383 ], [ 895913.551062176818959, 423706.123795820400119 ], [ 896038.450669044046663, 423444.12489265576005 ], [ 896150.417724328581244, 423371.299489097669721 ], [ 896104.465993342222646, 423097.367415133863688 ], [ 896069.754076187615283, 422875.981804033741355 ], [ 896022.635492082452402, 422630.747144885361195 ], [ 895980.182902598404326, 422437.645379960536957 ], [ 896025.76670820848085, 422060.66488304361701 ], [ 896155.243570700637065, 421839.3702462464571 ], [ 896343.42138878791593, 421679.835039271041751 ], [ 896617.889340272522531, 421514.763245167210698 ], [ 896929.662361481809057, 421432.968081425875425 ], [ 897171.603489708271809, 421415.420707233250141 ], [ 897453.269648100249469, 421435.23121440038085 ], [ 897817.719761628191918, 421535.689667113125324 ], [ 898014.392486488213763, 421658.949146745726466 ], [ 898125.816221949178725, 421799.266262581571937 ], [ 898150.983583769993857, 422060.206151751801372 ], [ 898131.277642005123198, 422341.031127789989114 ], [ 898082.309000351699069, 422544.980663955211639 ], [ 898046.084787467843853, 422870.795676868408918 ], [ 897743.217752513824962, 423229.709232335910201 ], [ 897704.811243084608577, 423264.395370962098241 ] ] ] } },
{ "type": "Feature", "properties": { "fid": 476, "FNODE_": 2101, "TNODE_": 2102, "LPOLY_": 1, "RPOLY_": 1, "LENGTH": 0.055, "BOU2_4M_": 1783, "BOU2_4M_ID": 3, "GBCODE": 26100 }, "geometry": { "type": "MultiLineString", "coordinates": [ [ [ 899167.415670288377441, 413862.229805268347263 ], [ 899146.456365097896196, 413993.09740573912859 ], [ 899050.151493555051275, 414262.466614592820406 ], [ 898895.767806742573157, 414435.662278771400452 ], [ 898766.129281848669052, 414593.436894899234176 ], [ 898477.31734423188027, 414745.720173994079232 ], [ 898200.292298055603169, 414737.726717522367835 ], [ 898024.619102825410664, 414725.435891449451447 ], [ 897845.167294244281948, 414764.580861385911703 ], [ 897715.25874882529024, 414669.170676216483116 ], [ 897326.020433090976439, 414440.453861732035875 ], [ 897064.110189981292933, 414226.473371202126145 ], [ 896893.69675814115908, 414116.686051692813635 ], [ 896756.119551289826632, 413842.461736606433988 ], [ 896741.171934850979596, 413634.322360353544354 ], [ 896839.904595564934425, 413434.145998813211918 ], [ 897022.827115931664594, 413360.758042696863413 ], [ 897287.839849600801244, 413224.022388655692339 ], [ 897412.297898191260174, 413175.27028982155025 ], [ 897737.374153881915845, 413198.094578180462122 ], [ 897897.807689728680998, 413238.157208608463407 ], [ 898020.540393557981588, 413315.765446348115802 ], [ 898206.733003357890993, 413403.651470532640815 ], [ 898414.435783488210291, 413481.515344846993685 ], [ 898639.960125536774285, 413612.376350328326225 ], [ 898842.148754658643156, 413649.576515845954418 ], [ 898994.473149196477607, 413620.036681231111288 ], [ 899111.520096400985494, 413582.243134032934904 ], [ 899166.794861627859063, 413678.116307698190212 ] ] ] } },
{ "type": "Feature", "properties": { "fid": 477, "FNODE_": 2103, "TNODE_": 2104, "LPOLY_": 1, "RPOLY_": 1, "LENGTH": 0.052, "BOU2_4M_": 1784, "BOU2_4M_ID": 1, "GBCODE": 26100 }, "geometry": { "type": "MultiLineString", "coordinates": [ [ [ 870873.003630279446952, 410220.490678021684289 ], [ 870828.455577570130117, 410355.396824009716511 ], [ 870636.038225823547691, 410577.764533642679453 ], [ 870400.916066755075008, 410670.595045836642385 ], [ 870093.88960278511513, 410712.396227449178696 ], [ 869684.105232059722766, 410672.277362197637558 ], [ 869313.49422906676773, 410479.612859833985567 ], [ 869039.499337223591283, 410322.434402722865343 ], [ 868842.725903366343118, 410101.676816895604134 ], [ 868775.712768374592997, 409941.766190310940146 ], [ 868790.838105263072066, 409609.294832782819867 ], [ 868869.652937366394326, 409390.538261281326413 ], [ 868998.470894472440705, 409278.789641790091991 ], [ 869284.375888629350811, 409149.2507279291749 ], [ 869524.618233997491188, 409051.042576171457767 ], [ 869816.081842071376741, 409042.67093550786376 ], [ 870111.403629345935769, 409086.269806448370218 ], [ 870418.625374480732717, 409188.213841835036874 ], [ 870624.071643464383669, 409300.323480971157551 ], [ 870790.547833392396569, 409455.693618977442384 ], [ 870876.173271181178279, 409645.682077603414655 ], [ 870917.720692170201801, 409884.368521016091108 ], [ 870915.458134228247218, 410022.188222577795386 ] ] ] } },
{ "type": "Feature", "properties": { "fid": 478, "FNODE_": 2105, "TNODE_": 2106, "LPOLY_": 1, "RPOLY_": 1, "LENGTH": 1.112, "BOU2_4M_": 1785, "BOU2_4M_ID": 1001, "GBCODE": 61010 }, "geometry": { "type": "MultiLineString", "coordinates": [ [ [ 841263.823410829412751, 362720.281379433348775 ], [ 848982.42874628957361, 364597.744850803166628 ], [ 856961.532596744596958, 366722.933405995368958 ], [ 864759.705489663989283, 368899.127017844468355 ], [ 873457.316924803657457, 371252.595249835401773 ], [ 879233.091003059642389, 372787.627852343022823 ], [ 885825.384875382529572, 374609.011919189244509 ], [ 894924.816221969667822, 376616.969446429982781 ], [ 902613.051414988469332, 378752.583132743835449 ], [ 910266.677221803111024, 381340.001603208482265 ], [ 917931.264343664748594, 383708.877647029235959 ], [ 926135.48179430316668, 386348.44477029517293 ], [ 932639.351483200560324, 388842.520292954519391 ], [ 937555.964082189369947, 390813.189491899684072 ], [ 942985.277253610664047, 393028.474825279787183 ], [ 948934.04225379426498, 395736.493482738733292 ], [ 953786.127271017874591, 398137.520324401557446 ], [ 959270.802529174019583, 400738.712725345045328 ], [ 965164.827368129394017, 403557.174420153722167 ], [ 968989.629474505316466, 405653.006276156753302 ] ] ] } }
]
}
